pitch_type,game_date,player_name,events,description,stand,p_throws,home_team,away_team,bb_type,balls,strikes,outs_when_up,inning,hit_distance_sc,launch_speed,launch_angle
SL,2026-08-05,"Tatis Jr., Fernando",home_run,hit_into_play,R,R,AZ,SD,fly_ball,2,1,0,9,465,114.7,24
FC,2026-08-04,"Benge, Carson",home_run,hit_into_play,L,R,CLE,NYM,fly_ball,3,1,0,8,451,107.6,26
FS,2026-08-05,"Caminero, Junior",home_run,hit_into_play,R,R,COL,TB,fly_ball,2,2,0,3,449,105.1,38
KC,2026-08-09,"Schwarber, Kyle",home_run,hit_into_play,L,R,PHI,TOR,fly_ball,2,0,1,5,448,107.7,28
SI,2026-08-08,"Caglianone, Jac",home_run,hit_into_play,L,R,KC,CHC,fly_ball,1,1,2,1,448,111.9,24
FF,2026-08-03,"Moniak, Mickey",home_run,hit_into_play,L,R,COL,TB,fly_ball,1,1,0,8,447,104.3,30
FF,2026-08-03,"Hernández, Teoscar",home_run,hit_into_play,R,L,CHC,LAD,fly_ball,2,1,2,6,443,111.2,33
SL,2026-08-03,"Caminero, Junior",home_run,hit_into_play,R,R,COL,TB,fly_ball,0,1,2,4,442,112.4,22
SI,2026-08-09,"Burleson, Alec",home_run,hit_into_play,L,R,STL,COL,fly_ball,0,0,0,5,441,110.3,28
FC,2026-08-09,"Cowser, Colton",home_run,hit_into_play,L,R,TEX,BAL,fly_ball,3,2,0,2,441,108.9,23
FC,2026-08-08,"Bolte, Henry",home_run,hit_into_play,R,L,BOS,ATH,fly_ball,0,0,0,9,439,111.5,21
CU,2026-08-05,"Mayo, Coby",home_run,hit_into_play,R,L,BAL,LAA,fly_ball,2,2,1,4,436,105.9,31
SL,2026-08-09,"Nimmo, Brandon",home_run,hit_into_play,L,L,TEX,BAL,fly_ball,0,0,2,3,434,107.1,25
CU,2026-08-04,"Riley, Austin",home_run,hit_into_play,R,L,ATL,MIA,fly_ball,1,1,1,7,433,106.7,30
FF,2026-08-03,"Harper, Bryce",home_run,hit_into_play,L,R,PHI,WSH,fly_ball,0,0,0,8,433,112.6,22
CH,2026-08-08,"Walker, Jordan",home_run,hit_into_play,R,L,STL,COL,fly_ball,0,1,1,8,432,107.3,31
SL,2026-08-02,"Abreu, Wilyer",home_run,hit_into_play,L,R,LAD,BOS,fly_ball,0,0,0,3,431,109.1,24
CU,2026-08-04,"Abreu, Wilyer",home_run,hit_into_play,L,R,BOS,CWS,fly_ball,0,1,1,5,430,106.8,27
FF,2026-08-05,"O'Neill, Tyler",home_run,hit_into_play,R,L,BAL,LAA,fly_ball,3,1,1,4,426,108.5,30
SI,2026-08-09,"O'Neill, Tyler",home_run,hit_into_play,R,L,TEX,BAL,fly_ball,1,0,1,6,425,108.2,25
FC,2026-08-07,"Pages, Andy",home_run,hit_into_play,R,L,AZ,LAD,fly_ball,0,0,0,8,425,108.1,35
FF,2026-08-07,"Chourio, Jackson",home_run,hit_into_play,R,R,MIL,MIN,fly_ball,1,0,1,1,423,107.6,30
FC,2026-08-05,"Massey, Michael",home_run,hit_into_play,L,L,KC,MIN,fly_ball,2,0,0,7,422,103.3,24
SI,2026-08-03,"Caminero, Junior",home_run,hit_into_play,R,R,COL,TB,fly_ball,0,1,1,1,422,109.1,22
FF,2026-08-02,"Merrill, Jackson",home_run,hit_into_play,L,R,SD,SF,fly_ball,0,2,0,2,422,105,30
FC,2026-08-04,"Bichette, Bo",home_run,hit_into_play,R,L,CLE,NYM,fly_ball,0,0,0,3,422,107.5,30
CH,2026-08-06,"Olson, Matt",home_run,hit_into_play,L,L,ATL,MIA,fly_ball,1,2,0,6,422,105.7,34
CH,2026-08-09,"Tatis Jr., Fernando",home_run,hit_into_play,R,R,SD,HOU,fly_ball,2,1,2,4,421,110.6,32
FF,2026-08-08,"Merrill, Jackson",home_run,hit_into_play,L,R,SD,HOU,fly_ball,3,2,2,3,421,106.7,28
SI,2026-08-06,"Lewis, Royce",home_run,hit_into_play,R,R,KC,MIN,fly_ball,2,0,0,5,421,104.2,32
FF,2026-08-08,"McCarthy, Jake",home_run,hit_into_play,L,L,STL,COL,fly_ball,0,0,0,1,420,104,29
FC,2026-08-08,"Caglianone, Jac",home_run,hit_into_play,L,R,KC,CHC,fly_ball,1,0,1,7,420,111,33
CH,2026-08-02,"Duran, Jarren",home_run,hit_into_play,L,R,LAD,BOS,fly_ball,0,2,1,6,420,106.2,33
SL,2026-08-02,"Harper, Bryce",home_run,hit_into_play,L,L,BAL,PHI,fly_ball,1,2,1,5,419,100.9,27
FC,2026-08-04,"Abreu, Wilyer",home_run,hit_into_play,L,R,BOS,CWS,fly_ball,0,0,2,8,419,105,31
FF,2026-08-03,"Trammell, Taylor",field_out,hit_into_play,L,R,HOU,TOR,fly_ball,2,0,0,4,418,110.4,32
SI,2026-08-08,"Seager, Corey",home_run,hit_into_play,L,L,TEX,BAL,fly_ball,2,0,2,8,418,107.7,23
SL,2026-08-03,"Burleson, Alec",home_run,hit_into_play,L,R,NYY,STL,fly_ball,2,2,1,8,418,109.1,29
FF,2026-08-04,"Bell, Josh",home_run,hit_into_play,L,R,KC,MIN,fly_ball,0,0,0,8,417,108.9,31
FF,2026-08-08,"McCarthy, Jake",home_run,hit_into_play,L,R,STL,COL,fly_ball,0,0,2,6,417,105.3,29
FF,2026-08-04,"Vaughn, Andrew",home_run,hit_into_play,R,R,MIL,PIT,fly_ball,1,0,0,4,417,107.1,31
FF,2026-08-03,"Palacios, Richie",home_run,hit_into_play,L,R,COL,TB,fly_ball,0,1,2,9,416,99.8,31
SI,2026-08-05,"Butler, Lawrence",home_run,hit_into_play,L,R,CIN,ATH,fly_ball,1,2,0,1,415,107.9,30
FF,2026-08-03,"Jordan, Blaze",triple,hit_into_play,R,L,NYY,STL,fly_ball,2,2,0,8,414,103.6,24
SL,2026-08-04,"Duran, Jarren",home_run,hit_into_play,L,R,BOS,CWS,fly_ball,1,2,1,1,414,109,25
FC,2026-08-07,"Pederson, Joc",home_run,hit_into_play,L,R,TEX,BAL,fly_ball,0,0,1,6,414,109.6,30
SL,2026-08-02,"Nimmo, Brandon",home_run,hit_into_play,L,L,HOU,TEX,fly_ball,3,1,0,7,414,103.2,27
FS,2026-08-05,"Tawa, Tim",home_run,hit_into_play,R,R,AZ,SD,fly_ball,1,2,2,3,414,105.8,23
FF,2026-08-08,"Soderstrom, Tyler",home_run,hit_into_play,L,L,BOS,ATH,fly_ball,2,2,1,7,413,108.4,24
CH,2026-08-09,"Marte, Starling",home_run,hit_into_play,R,L,KC,CHC,fly_ball,2,2,2,4,413,106.5,26
FF,2026-08-05,"Muncy, Max",home_run,hit_into_play,L,L,CHC,LAD,fly_ball,1,1,1,8,413,106.3,43
FF,2026-08-09,"Siri, Jose",home_run,hit_into_play,R,R,MIA,LAA,fly_ball,3,1,2,2,413,107.2,28
FF,2026-08-08,"Mesa Jr., Victor",home_run,hit_into_play,L,R,SEA,TB,fly_ball,1,2,2,4,412,105.7,27
FF,2026-08-03,"Mesa Jr., Victor",field_out,hit_into_play,L,R,COL,TB,fly_ball,0,0,0,9,412,100.7,29
SI,2026-08-06,"Neto, Zach",home_run,hit_into_play,R,R,BAL,LAA,fly_ball,2,1,1,3,411,105,30
FF,2026-08-09,"Merrill, Jackson",home_run,hit_into_play,L,R,SD,HOU,fly_ball,1,2,0,2,411,106.8,33
SL,2026-08-07,"Waldschmidt, Ryan",home_run,hit_into_play,R,R,AZ,LAD,fly_ball,2,2,1,9,411,105.5,23
FS,2026-08-03,"Lee, Jung Hoo",home_run,hit_into_play,L,R,TEX,SF,fly_ball,1,1,1,3,410,100.6,28
FF,2026-08-08,"Trammell, Taylor",home_run,hit_into_play,L,R,SD,HOU,fly_ball,1,2,2,2,409,103.6,30
FF,2026-08-08,"Guerrero Jr., Vladimir",home_run,hit_into_play,R,R,PHI,TOR,line_drive,3,1,2,1,408,103.8,22
FF,2026-08-06,"Witt Jr., Bobby",double,hit_into_play,R,R,KC,MIN,line_drive,1,1,0,6,408,109.2,18
FF,2026-08-09,"Robert Jr., Luis",home_run,hit_into_play,R,R,PIT,NYM,fly_ball,1,0,2,3,408,108.3,33
CU,2026-08-06,"Benge, Carson",triple,hit_into_play,L,L,CLE,NYM,fly_ball,0,1,1,3,408,103.1,31
ST,2026-08-05,"Wetherholt, JJ",double,hit_into_play,L,R,NYY,STL,fly_ball,1,1,2,5,407,103.1,27
FF,2026-08-06,"Sheets, Gavin",field_out,hit_into_play,L,L,AZ,SD,fly_ball,3,2,1,2,407,105.1,24
SI,2026-08-07,"Olson, Matt",home_run,hit_into_play,L,L,NYY,ATL,line_drive,1,0,0,9,407,109.8,19
SI,2026-08-07,"Bell, Josh",home_run,hit_into_play,R,L,MIL,MIN,fly_ball,1,1,2,3,406,103.6,29
FF,2026-08-03,"Duran, Ezequiel",home_run,hit_into_play,R,R,TEX,SF,fly_ball,3,2,1,9,406,110.2,22
CU,2026-08-09,"Narváez, Carlos",field_out,hit_into_play,R,L,TEX,BAL,fly_ball,0,2,1,7,405,102.2,27
FF,2026-08-05,"Siri, Jose",home_run,hit_into_play,R,L,BAL,LAA,fly_ball,0,2,0,6,405,105.5,37
FF,2026-08-02,"Basabe, Osleivis",home_run,hit_into_play,R,R,SD,SF,fly_ball,3,2,0,5,404,103.2,27
SI,2026-08-03,"Tawa, Tim",home_run,hit_into_play,R,R,AZ,SD,fly_ball,0,0,1,4,404,104.1,28
CH,2026-08-09,"Alonso, Pete",home_run,hit_into_play,R,L,TEX,BAL,fly_ball,3,2,1,4,404,100.5,29
FF,2026-08-02,"Yastrzemski, Mike",home_run,hit_into_play,L,R,ATL,WSH,fly_ball,0,0,0,3,403,102.4,24
FF,2026-08-02,"Carter, Evan",field_out,hit_into_play,L,R,HOU,TEX,fly_ball,1,0,2,2,403,102.9,28
FF,2026-08-08,"Holliday, Jackson",home_run,hit_into_play,L,R,TEX,BAL,fly_ball,1,1,2,1,403,105.5,30
FF,2026-08-03,"Walker, Christian",field_out,hit_into_play,R,R,HOU,TOR,fly_ball,0,0,2,5,402,104.1,29
FF,2026-08-04,"Hicks, Liam",home_run,hit_into_play,L,R,COL,TB,fly_ball,2,1,2,3,402,98.8,26
FF,2026-08-04,"Rumfield, TJ",field_out,hit_into_play,L,L,COL,TB,fly_ball,0,0,2,5,402,100.1,37
SI,2026-08-02,"Lewis, Royce",home_run,hit_into_play,R,L,SEA,MIN,fly_ball,1,0,1,8,402,103,27
FC,2026-08-02,"Olson, Matt",home_run,hit_into_play,L,R,ATL,WSH,fly_ball,2,1,0,4,401,99.7,29
FF,2026-08-09,"Clemens, Kody",home_run,hit_into_play,L,R,MIL,MIN,fly_ball,2,1,2,6,401,105.3,24
SL,2026-08-06,"Merrill, Jackson",field_out,hit_into_play,L,L,AZ,SD,fly_ball,1,0,2,3,401,100.6,27
CH,2026-08-09,"Winn, Masyn",double,hit_into_play,R,R,STL,COL,line_drive,2,1,2,3,401,104.8,25
FF,2026-08-09,"Lee, Brooks",home_run,hit_into_play,L,R,MIL,MIN,fly_ball,1,1,0,5,401,103.8,29
FC,2026-08-05,"Altuve, Jose",home_run,hit_into_play,R,R,HOU,TOR,fly_ball,2,1,1,3,401,107,30
KC,2026-08-07,"Devers, Rafael",home_run,hit_into_play,L,R,SF,DET,fly_ball,2,2,2,1,401,100,29
SI,2026-08-04,"Durbin, Caleb",home_run,hit_into_play,R,R,BOS,CWS,fly_ball,1,0,1,1,401,102.3,25
SL,2026-08-05,"Contreras, William",home_run,hit_into_play,R,R,MIL,PIT,fly_ball,0,0,1,6,400,103,28
FF,2026-08-04,"Arenado, Nolan",home_run,hit_into_play,R,R,AZ,SD,fly_ball,1,0,1,7,400,102,29
SL,2026-08-07,"Tatis Jr., Fernando",home_run,hit_into_play,R,R,SD,HOU,fly_ball,3,1,2,5,400,107,28
CU,2026-08-08,"Crawford, Justin",triple,hit_into_play,L,R,PHI,TOR,fly_ball,0,2,2,6,400,104.5,19
FF,2026-08-07,"Perez, Salvador",field_out,hit_into_play,R,R,KC,CHC,fly_ball,1,1,2,3,400,100.5,35
CU,2026-08-02,"De La Cruz, Bryan",home_run,hit_into_play,R,R,BAL,PHI,fly_ball,1,1,1,3,400,102.1,30
FF,2026-08-07,"Trout, Mike",home_run,hit_into_play,R,R,MIA,LAA,fly_ball,0,1,1,1,400,105.1,25
FF,2026-08-04,"Chourio, Jackson",home_run,hit_into_play,R,R,MIL,PIT,fly_ball,1,1,1,3,399,102.9,30
FF,2026-08-05,"Baty, Brett",home_run,hit_into_play,L,R,CLE,NYM,fly_ball,0,2,0,3,399,106.8,26
SL,2026-08-08,"Harper, Bryce",home_run,hit_into_play,L,R,PHI,TOR,fly_ball,1,1,1,6,399,106.7,23
FF,2026-08-09,"Wetherholt, JJ",double,hit_into_play,L,L,STL,COL,fly_ball,0,0,2,8,399,103.7,25
ST,2026-08-07,"Schanuel, Nolan",home_run,hit_into_play,L,R,MIA,LAA,fly_ball,0,1,2,7,399,102.2,30
FF,2026-08-07,"Semien, Marcus",home_run,hit_into_play,R,R,PIT,NYM,fly_ball,1,2,2,3,399,101.1,27
CH,2026-08-03,"Tovar, Ezequiel",home_run,hit_into_play,R,L,COL,TB,fly_ball,2,2,0,3,398,104.1,26
FF,2026-08-07,"DeLuca, Jonny",home_run,hit_into_play,R,R,SEA,TB,fly_ball,1,0,1,2,398,103.1,30
FF,2026-08-05,"Sánchez, Jesús",home_run,hit_into_play,L,R,HOU,TOR,fly_ball,3,0,2,6,398,102,32
SI,2026-08-06,"Sánchez, Gary",home_run,hit_into_play,R,R,MIL,PIT,fly_ball,2,1,1,5,397,101.5,32
ST,2026-08-06,"Pozo, Yohel",home_run,hit_into_play,R,R,BAL,LAA,fly_ball,3,2,1,3,397,97.8,28
SL,2026-08-04,"Albies, Ozzie",home_run,hit_into_play,L,R,ATL,MIA,fly_ball,0,0,0,2,397,100.1,32
SI,2026-08-02,"Realmuto, J.T.",field_out,hit_into_play,R,R,BAL,PHI,fly_ball,2,1,2,2,397,104.4,40
SI,2026-08-08,"Alonso, Pete",double,hit_into_play,R,R,TEX,BAL,fly_ball,2,2,1,8,397,106.4,23
FF,2026-08-04,"Díaz, Yandy",double,hit_into_play,R,R,COL,TB,fly_ball,3,2,1,11,396,104,27
ST,2026-08-09,"Varsho, Daulton",home_run,hit_into_play,L,R,SD,HOU,fly_ball,3,2,2,2,395,103.3,27
ST,2026-08-08,"Lukes, Nathan",home_run,hit_into_play,L,R,PHI,TOR,fly_ball,3,2,2,11,395,100.6,24
FF,2026-08-08,"Gilbert, Drew",field_out,hit_into_play,L,R,SF,DET,fly_ball,0,1,2,2,395,101.6,28
ST,2026-08-02,"Larnach, Trevor",home_run,hit_into_play,L,R,SEA,MIN,fly_ball,2,2,0,8,395,109.3,22
SI,2026-08-05,"Mesa Jr., Victor",triple,hit_into_play,L,R,COL,TB,line_drive,3,2,2,2,395,103.6,22
KC,2026-08-04,"McCann, James",home_run,hit_into_play,R,R,AZ,SD,fly_ball,0,1,2,7,395,107.6,24
CH,2026-08-05,"Eldridge, Bryce",field_out,hit_into_play,L,L,TEX,SF,fly_ball,0,0,0,3,395,99.8,34
FF,2026-08-03,"Edman, Tommy",home_run,hit_into_play,R,L,CHC,LAD,line_drive,0,0,0,1,394,108.1,21
CU,2026-08-09,"Yastrzemski, Mike",field_out,hit_into_play,L,R,NYY,ATL,fly_ball,0,2,2,5,394,102.6,29
SI,2026-08-09,"Goodman, Hunter",home_run,hit_into_play,R,R,STL,COL,fly_ball,0,0,0,8,394,104,36
FF,2026-08-09,"Olson, Matt",home_run,hit_into_play,L,R,NYY,ATL,line_drive,2,0,1,7,393,110.7,19
SI,2026-08-09,"Walker, Jordan",field_out,hit_into_play,R,R,STL,COL,fly_ball,0,0,0,3,393,105.3,35
ST,2026-08-03,"Hill, Derek",home_run,hit_into_play,R,L,PHI,WSH,fly_ball,0,1,1,7,393,98.9,29
ST,2026-08-04,"Marte, Starling",double,hit_into_play,R,L,KC,MIN,fly_ball,0,0,2,8,393,100.4,27
SL,2026-08-06,"Chourio, Jackson",field_out,hit_into_play,R,R,MIL,PIT,fly_ball,0,0,2,5,393,103.3,26
FS,2026-08-09,"Alvarez, Francisco",home_run,hit_into_play,R,R,PIT,NYM,fly_ball,1,1,0,5,393,101.7,32
SL,2026-08-09,"Alonso, Pete",home_run,hit_into_play,R,R,TEX,BAL,fly_ball,0,1,1,2,393,103.7,29
FF,2026-08-09,"Sheets, Gavin",home_run,hit_into_play,L,R,SD,HOU,line_drive,0,1,0,6,393,103.7,24
FC,2026-08-06,"Semien, Marcus",home_run,hit_into_play,R,L,CLE,NYM,fly_ball,2,1,1,2,392,96.3,34
FF,2026-08-07,"Smith, Cam",home_run,hit_into_play,R,L,SD,HOU,fly_ball,2,0,0,6,392,106.4,23
FF,2026-08-04,"Castro, Willi",home_run,hit_into_play,L,R,COL,TB,fly_ball,0,2,0,4,392,107.1,24
SL,2026-08-08,"Turner, Trea",home_run,hit_into_play,R,R,PHI,TOR,fly_ball,2,2,1,6,391,99,26
CU,2026-08-02,"Baldwin, Drake",field_out,hit_into_play,L,R,ATL,WSH,fly_ball,1,0,0,8,391,101.3,31
FF,2026-08-06,"Serven, Brian",home_run,hit_into_play,R,L,CIN,ATH,fly_ball,1,0,1,9,391,102.7,37
FF,2026-08-05,"Clement, Ernie",home_run,hit_into_play,R,L,HOU,TOR,fly_ball,0,0,0,10,391,102.4,32
FS,2026-08-07,"Nootbaar, Lars",double,hit_into_play,L,R,AZ,LAD,line_drive,0,2,2,4,391,103.6,20
SI,2026-08-05,"Herrera, Iván",double,hit_into_play,R,R,NYY,STL,line_drive,3,1,2,5,391,109.8,18
FF,2026-08-07,"Culpepper, Kaelen",home_run,hit_into_play,R,L,MIL,MIN,fly_ball,0,2,1,4,390,100.2,31
ST,2026-08-06,"Acuña Jr., Ronald",home_run,hit_into_play,R,R,ATL,MIA,fly_ball,2,0,2,3,390,103.8,35
FF,2026-08-08,"Ballesteros, Moisés",field_out,hit_into_play,L,R,MIA,LAA,fly_ball,3,2,1,7,390,103.4,23
FC,2026-08-06,"Cowser, Colton",field_out,hit_into_play,L,R,BAL,LAA,fly_ball,2,1,2,4,390,100.8,33
SL,2026-08-05,"Abreu, Wilyer",home_run,hit_into_play,L,R,BOS,CWS,fly_ball,3,2,2,3,390,109.3,22
ST,2026-08-03,"Moniak, Mickey",triple,hit_into_play,L,L,COL,TB,line_drive,1,1,1,6,389,103.8,22
FF,2026-08-02,"Kreidler, Ryan",field_out,hit_into_play,R,R,SEA,MIN,fly_ball,1,2,1,5,389,102.5,35
FC,2026-08-06,"Lewis, Royce",field_out,hit_into_play,R,R,KC,MIN,line_drive,3,2,0,2,388,106.1,19
SL,2026-08-02,"Rafaela, Ceddanne",home_run,hit_into_play,R,R,LAD,BOS,fly_ball,1,1,0,3,388,104,23
FC,2026-08-02,"Meckler, Wade",home_run,hit_into_play,L,R,LAA,MIL,fly_ball,0,1,1,2,388,100.6,37
FF,2026-08-06,"Chourio, Jackson",home_run,hit_into_play,R,R,MIL,PIT,fly_ball,2,2,1,1,388,100,30
FF,2026-08-02,"Yastrzemski, Mike",sac_fly,hit_into_play,L,R,ATL,WSH,fly_ball,3,2,0,7,388,97.4,31
CU,2026-08-04,"Trammell, Taylor",home_run,hit_into_play,L,R,HOU,TOR,line_drive,0,0,2,5,388,113.3,19
FC,2026-08-05,"Young, Jared",field_out,hit_into_play,L,R,CLE,NYM,line_drive,2,2,1,2,388,107.1,20
FF,2026-08-02,"Perdomo, Geraldo",field_out,hit_into_play,L,R,CLE,AZ,fly_ball,1,0,1,4,388,99.2,31
FF,2026-08-05,"Henderson, Gunnar",field_out,hit_into_play,L,R,BAL,LAA,fly_ball,0,1,0,6,388,103.9,30
FF,2026-08-09,"Chourio, Jackson",home_run,hit_into_play,R,L,MIL,MIN,fly_ball,3,2,0,1,387,103.4,26
CU,2026-08-09,"McCarthy, Jake",field_out,hit_into_play,L,R,STL,COL,fly_ball,3,2,0,5,387,98.4,33
SL,2026-08-06,"Wong, Connor",home_run,hit_into_play,R,R,BOS,CWS,fly_ball,2,2,1,3,387,103.5,25
FF,2026-08-07,"Soderstrom, Tyler",home_run,hit_into_play,L,L,BOS,ATH,fly_ball,3,2,0,5,387,103.7,42
FC,2026-08-05,"Campusano, Luis",field_out,hit_into_play,R,R,AZ,SD,fly_ball,3,2,0,8,387,98.7,31
FS,2026-08-05,"Pages, Andy",field_out,hit_into_play,R,L,CHC,LAD,fly_ball,2,1,0,5,387,99.1,33
SI,2026-08-02,"McCarthy, Jake",home_run,hit_into_play,L,L,COL,KC,fly_ball,1,1,1,6,387,97.5,27
FF,2026-08-03,"Caminero, Junior",field_out,hit_into_play,R,R,COL,TB,fly_ball,1,0,2,8,386,102.4,39
FF,2026-08-09,"Castro, Willi",double,hit_into_play,L,R,STL,COL,fly_ball,2,2,2,6,386,105.2,25
ST,2026-08-04,"Jeffers, Ryan",field_out,hit_into_play,R,R,KC,MIN,fly_ball,1,0,2,3,386,99,33
ST,2026-08-05,"Bohm, Alec",field_out,hit_into_play,R,R,PHI,WSH,fly_ball,1,1,1,11,386,104.4,22
SI,2026-08-02,"Springer, George",field_out,hit_into_play,R,L,TOR,STL,fly_ball,2,0,0,2,385,101.5,35
FF,2026-08-09,"Marte, Ketel",home_run,hit_into_play,R,L,AZ,LAD,fly_ball,1,1,2,1,385,103.7,24
SI,2026-08-05,"Arraez, Luis",home_run,hit_into_play,L,R,PHI,WSH,fly_ball,0,2,0,2,385,101.2,32
SL,2026-08-03,"Lee, Jung Hoo",home_run,hit_into_play,L,R,TEX,SF,line_drive,0,0,0,8,385,100.1,23
FF,2026-08-04,"Velázquez, Nelson",double,hit_into_play,R,R,NYY,STL,fly_ball,1,0,0,7,384,102.9,24
SI,2026-08-09,"Sullivan, Brett",home_run,hit_into_play,L,R,STL,COL,fly_ball,3,2,2,6,384,98.1,29
SI,2026-08-09,"Bauers, Jake",home_run,hit_into_play,L,L,MIL,MIN,fly_ball,1,2,0,5,384,103.8,26
SV,2026-08-05,"Vargas, Ildemaro",field_out,hit_into_play,L,R,AZ,SD,fly_ball,0,2,2,3,384,98,28
FF,2026-08-02,"Perez, Salvador",field_out,hit_into_play,R,L,COL,KC,fly_ball,0,1,1,6,384,97.3,32
FS,2026-08-07,"Riley, Austin",home_run,hit_into_play,R,R,NYY,ATL,fly_ball,3,2,0,8,384,107.5,41
FF,2026-08-09,"Tatis Jr., Fernando",double,hit_into_play,R,R,SD,HOU,line_drive,0,0,2,6,384,108.2,19
CH,2026-08-06,"Lindor, Francisco",home_run,hit_into_play,L,R,CLE,NYM,fly_ball,0,2,2,7,383,97.3,34
SI,2026-08-07,"Smith, Cam",home_run,hit_into_play,R,L,SD,HOU,line_drive,0,1,1,2,383,104.2,21
KC,2026-08-07,"Smith, Josh",home_run,hit_into_play,L,R,PHI,TOR,fly_ball,0,0,1,8,383,103.8,36
SI,2026-08-08,"Freeman, Freddie",field_out,hit_into_play,L,R,AZ,LAD,fly_ball,1,0,0,9,383,102.9,24
SI,2026-08-02,"Bell, Josh",double,hit_into_play,L,R,SEA,MIN,fly_ball,0,1,1,8,383,97.4,26
FF,2026-08-02,"Lewis, Royce",field_out,hit_into_play,R,R,SEA,MIN,fly_ball,2,0,1,4,383,103.2,32
SI,2026-08-04,"Straw, Myles",triple,hit_into_play,R,R,HOU,TOR,line_drive,0,1,1,5,383,102.6,20
FF,2026-08-08,"Acuña Jr., Ronald",home_run,hit_into_play,R,L,NYY,ATL,fly_ball,3,2,1,8,383,109,23
CH,2026-08-04,"Ewing, A.J.",double_play,hit_into_play,L,L,CLE,NYM,fly_ball,0,1,0,9,382,103.4,35
FF,2026-08-07,"Alonso, Pete",field_out,hit_into_play,R,R,TEX,BAL,fly_ball,0,1,2,3,382,103.8,37
FF,2026-08-06,"Encarnacion-Strand, Christian",field_out,hit_into_play,R,L,BAL,LAA,fly_ball,2,1,0,8,382,102.2,36
FF,2026-08-06,"Olson, Matt",double,hit_into_play,L,R,ATL,MIA,line_drive,3,2,2,1,382,106.2,21
FF,2026-08-06,"Keaschall, Luke",field_out,hit_into_play,R,R,KC,MIN,fly_ball,3,2,1,1,382,100.2,35
SL,2026-08-05,"Marsh, Brandon",field_out,hit_into_play,L,R,PHI,WSH,fly_ball,1,0,0,9,381,99.9,35
FC,2026-08-07,"Durbin, Caleb",sac_fly,hit_into_play,R,R,BOS,ATH,fly_ball,0,0,0,6,381,97.8,26
KC,2026-08-07,"McCray, Grant",field_out,hit_into_play,L,R,SF,DET,fly_ball,2,1,1,6,381,99.9,28
FF,2026-08-09,"Baldwin, Drake",field_out,hit_into_play,L,R,NYY,ATL,fly_ball,0,1,2,3,380,100.9,37
FF,2026-08-06,"France, Ty",field_out,hit_into_play,R,L,AZ,SD,fly_ball,1,0,1,7,380,100.6,36
ST,2026-08-05,"Polanco, Jorge",home_run,hit_into_play,L,R,CLE,NYM,fly_ball,1,1,0,3,380,104.9,26
FC,2026-08-04,"Straw, Myles",double,hit_into_play,R,R,HOU,TOR,fly_ball,0,1,1,3,380,97.6,24
FF,2026-08-04,"Moniak, Mickey",home_run,hit_into_play,L,R,COL,TB,fly_ball,3,1,1,3,380,96.5,37
SI,2026-08-02,"Williamson, Ben",home_run,hit_into_play,R,R,TB,CWS,line_drive,0,0,0,9,380,101.1,20
FF,2026-08-09,"White, Tommy",field_out,hit_into_play,R,L,BOS,ATH,fly_ball,0,0,0,9,380,98.7,33
FF,2026-08-05,"Feduccia, Hunter",field_out,hit_into_play,L,R,CHC,LAD,fly_ball,2,2,2,6,379,99.1,38
SL,2026-08-05,"Witt Jr., Bobby",field_out,hit_into_play,R,R,KC,MIN,fly_ball,0,0,2,8,379,100.2,31
CU,2026-08-07,"Herrera, Iván",home_run,hit_into_play,R,R,STL,COL,fly_ball,1,2,1,3,379,97,28
FF,2026-08-08,"Polanco, Jorge",field_out,hit_into_play,L,R,PIT,NYM,fly_ball,0,0,2,5,379,101.7,35
CH,2026-08-09,"Schwarber, Kyle",home_run,hit_into_play,L,R,PHI,TOR,fly_ball,2,1,0,3,378,101.9,32
CH,2026-08-09,"Machado, Manny",field_out,hit_into_play,R,R,SD,HOU,fly_ball,1,1,0,7,378,98.6,29
ST,2026-08-05,"Harper, Bryce",field_out,hit_into_play,L,L,PHI,WSH,fly_ball,2,2,0,8,378,96.7,38
ST,2026-08-07,"Abreu, Wilyer",double,hit_into_play,L,R,BOS,ATH,fly_ball,0,0,2,2,378,100.6,25
ST,2026-08-07,"Walker, Jordan",field_out,hit_into_play,R,R,STL,COL,fly_ball,2,2,2,2,378,99,28
CH,2026-08-04,"Carrigg, Cole",field_out,hit_into_play,R,L,COL,TB,fly_ball,0,2,2,4,377,98.2,22
SI,2026-08-03,"Machado, Manny",field_out,hit_into_play,R,R,AZ,SD,line_drive,1,1,1,4,377,104.9,18
FF,2026-08-07,"Seigler, Anthony",double,hit_into_play,L,R,BOS,ATH,fly_ball,1,2,1,2,377,99.5,27
CH,2026-08-09,"Caglianone, Jac",field_out,hit_into_play,L,L,KC,CHC,fly_ball,1,2,0,6,377,100.6,40
SI,2026-08-04,"Basabe, Osleivis",home_run,hit_into_play,R,R,TEX,SF,fly_ball,0,0,2,7,377,100.7,24
CH,2026-08-08,"Edman, Tommy",field_out,hit_into_play,L,R,AZ,LAD,fly_ball,3,2,0,6,376,97.5,26
FF,2026-08-08,"Baty, Brett",field_out,hit_into_play,L,R,PIT,NYM,fly_ball,1,2,0,5,376,96.8,27
FF,2026-08-04,"Ewing, A.J.",field_out,hit_into_play,L,L,CLE,NYM,line_drive,1,0,0,1,376,105.7,20
FF,2026-08-03,"Crooks, Jimmy",home_run,hit_into_play,L,R,NYY,STL,fly_ball,0,0,0,8,376,99.8,40
SL,2026-08-06,"Harris II, Michael",triple,hit_into_play,L,R,ATL,MIA,line_drive,1,2,0,7,376,105.8,18
FF,2026-08-07,"Duran, Jarren",home_run,hit_into_play,L,R,BOS,ATH,fly_ball,0,1,1,2,376,102,28
CS,2026-08-02,"Tovar, Ezequiel",sac_fly,hit_into_play,R,R,COL,KC,fly_ball,2,2,1,4,376,95,40
FF,2026-08-05,"Ohtani, Shohei",home_run,hit_into_play,L,L,CHC,LAD,line_drive,3,2,0,1,376,110.2,20
SI,2026-08-04,"Tucker, Kyle",home_run,hit_into_play,L,R,CHC,LAD,fly_ball,2,1,2,2,376,98.7,35
FF,2026-08-03,"Mesa Jr., Victor",field_out,hit_into_play,L,R,COL,TB,fly_ball,2,0,0,5,376,96.5,36
FF,2026-08-02,"Betts, Mookie",field_out,hit_into_play,R,L,LAD,BOS,fly_ball,2,1,1,3,376,97.3,29
SL,2026-08-02,"Fermín, José",field_out,hit_into_play,R,R,TOR,STL,fly_ball,1,1,1,5,376,95.7,26
CH,2026-08-08,"Carrigg, Cole",double,hit_into_play,R,L,STL,COL,fly_ball,1,1,1,3,376,100.7,25
SL,2026-08-03,"Freeman, Tyler",field_out,hit_into_play,R,L,COL,TB,fly_ball,2,2,2,6,376,96.1,26
FF,2026-08-07,"Moniak, Mickey",double,hit_into_play,L,R,STL,COL,line_drive,1,2,2,3,375,103.5,21
SI,2026-08-02,"White, Tommy",field_out,hit_into_play,R,R,ATH,DET,line_drive,1,0,2,1,375,102,22
FF,2026-08-06,"Bolte, Henry",field_out,hit_into_play,R,L,CIN,ATH,fly_ball,1,1,0,1,375,101.5,23
FF,2026-08-04,"Torrens, Luis",home_run,hit_into_play,R,L,CLE,NYM,fly_ball,3,1,2,2,375,100.1,30
FF,2026-08-02,"Yoshida, Masataka",home_run,hit_into_play,L,R,LAD,BOS,fly_ball,2,1,1,3,374,98.7,30
FF,2026-08-05,"Freeman, Freddie",field_out,hit_into_play,L,L,CHC,LAD,fly_ball,0,1,1,1,374,95.9,39
SI,2026-08-05,"Wilson, Jacob",field_out,hit_into_play,R,R,CIN,ATH,fly_ball,0,0,0,1,374,99.8,32
ST,2026-08-03,"Kirk, Alejandro",home_run,hit_into_play,R,R,HOU,TOR,fly_ball,0,0,0,2,373,95.9,27
FF,2026-08-04,"Beck, Jordan",triple,hit_into_play,R,R,COL,TB,fly_ball,2,0,0,3,373,98.1,29
SI,2026-08-05,"Harris II, Michael",double,hit_into_play,L,R,ATL,MIA,line_drive,0,1,1,3,373,101.2,22
FF,2026-08-04,"O'Neill, Tyler",home_run,hit_into_play,R,L,BAL,LAA,fly_ball,3,2,1,8,373,102.6,40
FF,2026-08-02,"Keaschall, Luke",home_run,hit_into_play,R,R,SEA,MIN,fly_ball,1,0,0,9,373,102.2,32
SI,2026-08-07,"Church, Nathan",sac_fly,hit_into_play,L,R,STL,COL,fly_ball,0,1,0,2,373,97.7,30
SL,2026-08-05,"Chourio, Jackson",field_out,hit_into_play,R,R,MIL,PIT,fly_ball,3,2,0,1,373,99.9,31
ST,2026-08-03,"Nimmo, Brandon",field_out,hit_into_play,L,R,TEX,SF,fly_ball,3,2,0,6,373,95,29
CU,2026-08-06,"Serven, Brian",field_out,hit_into_play,R,L,CIN,ATH,fly_ball,1,0,0,7,373,100.7,32
CH,2026-08-06,"Collins, Isaac",field_out,hit_into_play,R,L,KC,MIN,fly_ball,2,2,0,7,373,101.1,24
CH,2026-08-02,"Cortes, Carlos",field_out,hit_into_play,L,R,ATH,DET,fly_ball,0,2,0,2,373,95.7,31
SL,2026-08-07,"Aranda, Jonathan",home_run,hit_into_play,L,R,SEA,TB,fly_ball,0,0,2,3,373,107,23
SI,2026-08-04,"Contreras, Willson",double_play,hit_into_play,R,R,BOS,CWS,fly_ball,0,0,1,2,372,103.2,41
SL,2026-08-05,"Díaz, Elias",field_out,hit_into_play,R,R,TEX,SF,fly_ball,1,1,0,8,372,101.5,38
FF,2026-08-04,"Varsho, Daulton",field_out,hit_into_play,L,R,HOU,TOR,fly_ball,2,2,2,1,372,100.3,35
ST,2026-08-04,"Bohm, Alec",sac_fly,hit_into_play,R,R,PHI,WSH,fly_ball,1,2,0,3,371,97.2,26
FF,2026-08-09,"France, Ty",field_out,hit_into_play,R,R,SD,HOU,fly_ball,0,0,1,5,371,96.2,32
FA,2026-08-06,"Dubón, Mauricio",double,hit_into_play,R,R,ATL,MIA,line_drive,0,0,2,8,371,100,22
ST,2026-08-04,"Kreidler, Ryan",field_out,hit_into_play,R,R,KC,MIN,fly_ball,1,1,1,7,371,99.6,37
ST,2026-08-06,"Alonso, Pete",field_out,hit_into_play,R,R,BAL,LAA,line_drive,0,0,0,1,371,104.1,22
CH,2026-08-04,"Sogard, Nick",double,hit_into_play,L,R,BOS,CWS,fly_ball,1,1,0,1,370,97,24
FS,2026-08-04,"Stott, Bryson",field_out,hit_into_play,L,R,PHI,WSH,fly_ball,2,2,2,6,370,95.3,36
FF,2026-08-07,"Arenado, Nolan",home_run,hit_into_play,R,R,AZ,LAD,fly_ball,0,0,2,2,370,95.8,28
SI,2026-08-09,"Muncy, Max",double,hit_into_play,R,L,BOS,ATH,fly_ball,0,0,2,9,370,97.9,31
FF,2026-08-06,"Monasterio, Andruw",double,hit_into_play,R,R,BOS,CWS,line_drive,1,0,1,10,370,103.6,21
FF,2026-08-02,"Vilade, Ryan",field_out,hit_into_play,R,L,TB,CWS,fly_ball,0,0,1,6,369,102.2,38
CU,2026-08-04,"Neto, Zach",field_out,hit_into_play,R,R,BAL,LAA,fly_ball,1,2,2,7,369,98.1,36
SI,2026-08-08,"Loftin, Nick",double,hit_into_play,R,R,KC,CHC,line_drive,3,1,1,6,369,96.2,23
FF,2026-08-09,"Contreras, Willson",field_out,hit_into_play,R,R,BOS,ATH,fly_ball,1,1,0,8,369,103.3,39
FF,2026-08-02,"Moreno, Gabriel",field_out,hit_into_play,R,R,CLE,AZ,line_drive,3,2,2,6,369,97.7,22
FF,2026-08-06,"Gray, Tristan",field_out,hit_into_play,L,R,KC,MIN,fly_ball,0,0,2,8,369,97.3,36
SV,2026-08-05,"Campusano, Luis",field_out,hit_into_play,R,L,AZ,SD,fly_ball,1,2,2,2,369,97.1,25
FF,2026-08-05,"Crawford, Justin",sac_fly,hit_into_play,L,R,PHI,WSH,fly_ball,0,0,1,2,368,98.3,26
SI,2026-08-05,"Julien, Edouard",field_out,hit_into_play,L,R,COL,TB,line_drive,1,2,2,2,368,105.4,21
SI,2026-08-04,"Schanuel, Nolan",double,hit_into_play,L,L,BAL,LAA,line_drive,3,2,2,1,368,103.4,20
SL,2026-08-05,"Díaz, Elias",field_out,hit_into_play,R,R,TEX,SF,fly_ball,2,1,2,5,368,101,23
SI,2026-08-08,"Karros, Kyle",sac_fly,hit_into_play,R,R,STL,COL,fly_ball,2,1,1,9,368,101.5,21
FF,2026-08-07,"Seager, Corey",field_out,hit_into_play,L,R,TEX,BAL,fly_ball,0,0,2,1,367,95.6,32
FF,2026-08-08,"Beavers, Dylan",field_out,hit_into_play,L,R,TEX,BAL,fly_ball,2,1,2,1,367,100.2,33
CH,2026-08-03,"Aranda, Jonathan",field_out,hit_into_play,L,R,COL,TB,fly_ball,0,2,1,4,367,96.5,34
CH,2026-08-07,"Adames, Willy",home_run,hit_into_play,R,R,SF,DET,fly_ball,0,1,1,5,367,106.5,43
ST,2026-08-05,"Ohtani, Shohei",home_run,hit_into_play,L,R,CHC,LAD,line_drive,2,1,2,8,367,100.6,23
CH,2026-08-09,"Varsho, Daulton",field_out,hit_into_play,L,R,SD,HOU,fly_ball,1,2,1,8,367,98,31
FF,2026-08-09,"Bride, Jonah",field_out,hit_into_play,R,R,TEX,BAL,fly_ball,2,1,2,8,367,97.3,28
FF,2026-08-03,"Sánchez, Jesús",field_out,hit_into_play,L,R,HOU,TOR,fly_ball,1,0,0,2,367,95.9,28
CH,2026-08-08,"Caglianone, Jac",double,hit_into_play,L,R,KC,CHC,line_drive,2,0,1,5,367,104.9,19
SI,2026-08-07,"Riley, Austin",field_out,hit_into_play,R,R,NYY,ATL,line_drive,0,1,2,9,367,100.5,20
SL,2026-08-02,"Walker, Christian",field_out,hit_into_play,R,R,HOU,TEX,fly_ball,1,1,1,3,366,95.9,27
FF,2026-08-08,"Olson, Matt",field_out,hit_into_play,L,L,NYY,ATL,fly_ball,0,2,1,8,366,102.8,44
CH,2026-08-08,"Tucker, Kyle",home_run,hit_into_play,L,R,AZ,LAD,fly_ball,1,0,0,8,366,98.2,32
FF,2026-08-08,"Bateman, Brett",field_out,hit_into_play,L,R,PHI,TOR,line_drive,3,2,1,1,366,100.3,21
FF,2026-08-08,"Marsh, Brandon",field_out,hit_into_play,L,R,PHI,TOR,fly_ball,3,2,0,2,366,97.4,22
CU,2026-08-06,"Torrens, Luis",home_run,hit_into_play,R,L,CLE,NYM,fly_ball,0,1,1,2,366,98.3,35
FC,2026-08-06,"Tatis Jr., Fernando",double,hit_into_play,R,L,AZ,SD,fly_ball,1,1,0,1,366,98.7,25
SI,2026-08-08,"Lee, Brooks",field_out,hit_into_play,L,R,MIL,MIN,fly_ball,2,1,0,6,366,98.6,36
FF,2026-08-05,"Kennedy, Buddy",field_out,hit_into_play,R,L,TEX,SF,fly_ball,0,2,1,4,365,96.1,36
FF,2026-08-04,"Chourio, Jackson",field_out,hit_into_play,R,R,MIL,PIT,fly_ball,1,1,0,6,365,96.2,31
SI,2026-08-09,"Massey, Michael",field_out,hit_into_play,L,R,KC,CHC,fly_ball,0,0,1,9,365,98.2,33
SL,2026-08-05,"Vargas, Ildemaro",double,hit_into_play,R,L,AZ,SD,line_drive,2,0,2,4,365,104.5,18
SI,2026-08-05,"Rumfield, TJ",field_out,hit_into_play,L,R,COL,TB,fly_ball,1,2,0,4,365,96.9,27
SI,2026-08-06,"Arraez, Luis",field_out,hit_into_play,L,R,PHI,WSH,fly_ball,2,1,0,3,365,95.8,36
SI,2026-08-03,"Burleson, Alec",home_run,hit_into_play,L,L,NYY,STL,fly_ball,0,1,2,4,365,108.3,22
FS,2026-08-08,"Turang, Brice",double,hit_into_play,L,R,MIL,MIN,fly_ball,0,2,0,1,364,97.8,25
SL,2026-08-02,"Abreu, Wilyer",field_out,hit_into_play,L,L,LAD,BOS,fly_ball,1,2,2,4,364,99.1,36
SI,2026-08-09,"Mesa Jr., Victor",field_out,hit_into_play,L,R,SEA,TB,fly_ball,0,0,1,9,364,101.2,33
FF,2026-08-09,"Nimmo, Brandon",field_out,hit_into_play,L,L,TEX,BAL,fly_ball,3,2,0,2,364,99.2,32
FF,2026-08-07,"Castro, Willi",double,hit_into_play,L,R,STL,COL,line_drive,3,1,0,4,364,110.8,20
SL,2026-08-02,"Peña, Jeremy",home_run,hit_into_play,R,R,HOU,TEX,line_drive,0,0,2,4,364,106.2,20
FC,2026-08-09,"Lee, Brooks",field_out,hit_into_play,L,R,MIL,MIN,fly_ball,2,1,2,6,364,101.5,41
CH,2026-08-07,"Massey, Michael",field_out,hit_into_play,L,R,KC,CHC,line_drive,1,2,0,9,364,95.5,23
ST,2026-08-09,"Rengifo, Luis",field_out,hit_into_play,L,R,SD,HOU,fly_ball,1,1,2,5,364,98.6,35
SI,2026-08-06,"Jackson, Jeremiah",field_out,hit_into_play,R,R,BAL,LAA,fly_ball,1,0,1,4,363,98,35
SI,2026-08-05,"Heim, Jonah",field_out,hit_into_play,L,R,CIN,ATH,fly_ball,1,0,0,4,363,95.5,28
CH,2026-08-04,"Fermin, Freddy",field_out,hit_into_play,R,L,AZ,SD,fly_ball,0,1,2,1,363,98.6,25
FF,2026-08-08,"France, Ty",field_out,hit_into_play,R,R,SD,HOU,fly_ball,0,1,1,5,363,105.1,39
FF,2026-08-05,"Urías, Luis",field_out,hit_into_play,R,L,HOU,TOR,fly_ball,3,1,0,7,363,98,24
FF,2026-08-05,"Yastrzemski, Mike",field_out,hit_into_play,L,R,ATL,MIA,fly_ball,3,2,1,8,363,97.7,30
CH,2026-08-05,"Crooks, Jimmy",double,hit_into_play,L,R,NYY,STL,fly_ball,0,2,1,9,362,95.5,31
ST,2026-08-03,"Goodman, Hunter",sac_fly,hit_into_play,R,R,COL,TB,fly_ball,0,2,0,9,362,101.4,42
SI,2026-08-04,"Harris II, Michael",double,hit_into_play,L,R,ATL,MIA,line_drive,0,0,1,4,362,106.9,15
FF,2026-08-08,"Witt Jr., Bobby",field_out,hit_into_play,R,R,KC,CHC,fly_ball,0,2,0,7,361,99.2,34
SL,2026-08-05,"Taveras, Leody",home_run,hit_into_play,L,R,BAL,LAA,line_drive,2,1,2,8,361,100.5,22
ST,2026-08-09,"Hays, Austin",home_run,hit_into_play,R,L,SD,HOU,line_drive,2,1,0,8,361,99,29
SI,2026-08-04,"Massey, Michael",double,hit_into_play,L,R,KC,MIN,line_drive,0,0,2,1,361,102.9,19
FF,2026-08-07,"Moreno, Gabriel",double,hit_into_play,R,L,AZ,LAD,fly_ball,0,1,2,8,361,99.4,24
FF,2026-08-08,"Sogard, Nick",double,hit_into_play,L,R,BOS,ATH,line_drive,0,1,2,8,360,102.8,21
CH,2026-08-06,"Abreu, Wilyer",sac_fly,hit_into_play,L,R,BOS,CWS,fly_ball,0,0,0,11,360,97.7,36
FF,2026-08-06,"Acuña Jr., Ronald",field_out,hit_into_play,R,R,ATL,MIA,line_drive,3,1,2,6,360,100.2,21
SI,2026-08-02,"Torres, Bryan",field_out,hit_into_play,L,R,TOR,STL,fly_ball,3,1,0,7,360,97.1,35
CH,2026-08-07,"Alonso, Pete",field_out,hit_into_play,R,L,TEX,BAL,fly_ball,0,2,0,8,360,96.5,27
SL,2026-08-09,"Duran, Jarren",field_out,hit_into_play,L,R,BOS,ATH,fly_ball,0,0,1,6,359,96.6,34
FF,2026-08-03,"Straw, Myles",field_out,hit_into_play,R,R,HOU,TOR,fly_ball,0,1,2,7,359,96.2,26
CH,2026-08-07,"Bauers, Jake",sac_fly,hit_into_play,L,R,MIL,MIN,fly_ball,0,1,0,5,359,100.9,25
SI,2026-08-09,"Betts, Mookie",field_out,hit_into_play,R,L,AZ,LAD,fly_ball,1,1,1,2,359,96.1,27
SI,2026-08-02,"Devers, Rafael",home_run,hit_into_play,L,R,SD,SF,fly_ball,2,1,2,8,359,97.4,29
FF,2026-08-05,"Palacios, Richie",field_out,hit_into_play,L,R,COL,TB,fly_ball,3,1,0,4,359,95.3,34
FF,2026-08-08,"Ohtani, Shohei",field_out,hit_into_play,L,R,AZ,LAD,fly_ball,2,2,0,4,359,95.5,28
FF,2026-08-04,"Acuña Jr., Ronald",field_out,hit_into_play,R,R,ATL,MIA,line_drive,0,1,2,3,358,102.6,22
FF,2026-08-07,"Collins, Isaac",double,hit_into_play,L,R,KC,CHC,line_drive,1,0,2,1,358,103.4,15
FC,2026-08-08,"Walton, Donovan",double,hit_into_play,L,R,BOS,ATH,line_drive,2,1,1,6,358,98.5,22
FF,2026-08-05,"Lowe, Josh",field_out,hit_into_play,L,L,BAL,LAA,fly_ball,3,2,2,2,358,101.7,42
FC,2026-08-02,"Muncy, Max",single,hit_into_play,L,L,LAD,BOS,fly_ball,1,0,1,2,358,97,27
FF,2026-08-07,"Sánchez, Jesús",double,hit_into_play,L,R,PHI,TOR,line_drive,0,2,0,5,358,107,18
FF,2026-08-07,"Bateman, Brett",double,hit_into_play,L,R,PHI,TOR,fly_ball,0,0,0,3,358,97.4,26
ST,2026-08-04,"Díaz, Elias",field_out,hit_into_play,R,R,TEX,SF,fly_ball,3,2,2,1,358,95.7,35
ST,2026-08-02,"Turner, Trea",field_out,hit_into_play,R,R,BAL,PHI,line_drive,0,0,2,4,357,96.1,22
FF,2026-08-09,"Tatis Jr., Fernando",field_out,hit_into_play,R,R,SD,HOU,fly_ball,0,0,2,2,357,95.9,32
SL,2026-08-07,"Tucker, Kyle",field_out,hit_into_play,L,R,AZ,LAD,fly_ball,0,0,0,9,357,98.3,38
FF,2026-08-03,"Tucker, Kyle",single,hit_into_play,L,L,CHC,LAD,line_drive,2,2,1,6,357,107,18
FF,2026-08-07,"Edman, Tommy",field_out,hit_into_play,L,R,AZ,LAD,fly_ball,0,1,0,3,357,96.3,36
FF,2026-08-06,"Smith, Josh",field_out,hit_into_play,L,L,CHC,TOR,fly_ball,0,2,1,6,357,97.7,29
CH,2026-08-06,"Urías, Luis",double,hit_into_play,R,L,CHC,TOR,line_drive,1,1,1,4,357,98.6,21
FF,2026-08-04,"Williams, Alika",field_out,hit_into_play,R,L,CIN,ATH,fly_ball,2,2,0,7,356,96.4,36
KC,2026-08-08,"Larnach, Trevor",field_out,hit_into_play,L,R,MIL,MIN,line_drive,0,1,0,9,356,95.2,24
FF,2026-08-09,"Ballesteros, Moisés",field_out,hit_into_play,L,R,MIA,LAA,line_drive,0,1,2,3,356,100.5,18
FC,2026-08-07,"Taveras, Leody",field_out,hit_into_play,L,R,TEX,BAL,fly_ball,2,1,0,5,356,100,40
SL,2026-08-05,"Ewing, A.J.",double,hit_into_play,L,R,CLE,NYM,fly_ball,2,1,0,8,356,101.6,23
FF,2026-08-07,"Jensen, Carter",home_run,hit_into_play,L,R,KC,CHC,fly_ball,1,2,2,5,356,96.1,29
ST,2026-08-03,"France, Ty",field_out,hit_into_play,R,L,AZ,SD,fly_ball,2,2,0,9,355,98.8,34
FF,2026-08-07,"Mesa Jr., Victor",field_out,hit_into_play,L,R,SEA,TB,fly_ball,1,1,1,2,355,100.1,35
CH,2026-08-03,"Church, Nathan",home_run,hit_into_play,L,R,NYY,STL,fly_ball,2,2,0,8,355,99,24
FF,2026-08-08,"Schanuel, Nolan",field_out,hit_into_play,L,R,MIA,LAA,fly_ball,0,0,2,3,355,95.8,26
FF,2026-08-07,"Witt Jr., Bobby",field_out,hit_into_play,R,R,KC,CHC,line_drive,0,2,0,1,355,105,16
FF,2026-08-08,"Keaschall, Luke",double,hit_into_play,R,L,MIL,MIN,fly_ball,2,2,0,2,355,100.2,23
SL,2026-08-07,"Bohm, Alec",field_out,hit_into_play,R,R,PHI,TOR,fly_ball,1,0,1,6,355,96.6,39
SL,2026-08-07,"Tawa, Tim",field_out,hit_into_play,R,R,AZ,LAD,line_drive,0,0,0,3,355,102.3,18
FF,2026-08-08,"Perdomo, Geraldo",triple,hit_into_play,L,R,AZ,LAD,line_drive,2,2,0,9,354,95.3,26
FS,2026-08-07,"Schanuel, Nolan",field_out,hit_into_play,L,R,MIA,LAA,fly_ball,0,2,1,1,354,95.9,30
FF,2026-08-05,"Young, Jared",triple,hit_into_play,L,L,CLE,NYM,fly_ball,1,0,2,6,354,97.9,24
SI,2026-08-09,"Castro, Willi",field_out,hit_into_play,L,R,STL,COL,line_drive,1,2,1,2,354,104.6,17
FC,2026-08-04,"Yoshida, Masataka",double,hit_into_play,L,R,BOS,CWS,fly_ball,1,0,2,6,354,95.9,28
FF,2026-08-02,"Call, Alex",double,hit_into_play,R,L,LAD,BOS,line_drive,2,1,0,8,354,102.2,21
FF,2026-08-05,"Trout, Mike",field_out,hit_into_play,R,R,BAL,LAA,line_drive,0,1,0,9,353,101,20
ST,2026-08-02,"Moniak, Mickey",field_out,hit_into_play,L,L,COL,KC,fly_ball,0,0,1,6,352,99.1,46
FF,2026-08-08,"Henderson, Gunnar",field_out,hit_into_play,L,R,TEX,BAL,fly_ball,3,2,1,3,352,99.9,40
SI,2026-08-09,"Mullins, Cedric",field_out,hit_into_play,L,R,SEA,TB,fly_ball,2,2,0,7,352,96.7,37
ST,2026-08-06,"Alvarez, Francisco",double,hit_into_play,R,R,CLE,NYM,fly_ball,1,2,0,8,351,101.2,28
SL,2026-08-09,"Holliday, Jackson",field_out,hit_into_play,L,R,TEX,BAL,fly_ball,2,0,1,2,351,99.4,25
FF,2026-08-03,"Burleson, Alec",home_run,hit_into_play,L,R,NYY,STL,line_drive,1,2,1,1,350,103.6,22
FF,2026-08-04,"Machado, Manny",field_out,hit_into_play,R,L,AZ,SD,fly_ball,2,1,1,4,350,100.1,40
FF,2026-08-04,"Trammell, Taylor",field_out,hit_into_play,L,R,HOU,TOR,fly_ball,1,1,2,2,350,98.7,39
FF,2026-08-09,"Lee, Jung Hoo",field_out,hit_into_play,L,R,SF,DET,fly_ball,0,2,2,3,350,95.8,32
SI,2026-08-05,"Grissom, Vaughn",field_out,hit_into_play,R,R,BAL,LAA,fly_ball,0,0,2,9,350,97.6,38
SI,2026-08-06,"Carroll, Corbin",field_out,hit_into_play,L,R,AZ,SD,line_drive,2,0,1,1,349,110,16
CU,2026-08-06,"Siri, Jose",double,hit_into_play,R,R,BAL,LAA,fly_ball,1,1,1,8,349,97.7,27
FC,2026-08-05,"Mullins, Cedric",field_out,hit_into_play,L,R,COL,TB,fly_ball,1,1,2,3,349,99.8,42
FF,2026-08-05,"Perdomo, Geraldo",field_out,hit_into_play,L,R,AZ,SD,fly_ball,1,0,0,1,349,95.9,38
FF,2026-08-02,"Semien, Marcus",field_out,hit_into_play,R,R,NYM,MIA,fly_ball,0,1,0,9,349,95,39
SL,2026-08-04,"Larnach, Trevor",field_out,hit_into_play,L,R,KC,MIN,line_drive,0,2,1,9,349,97.3,22
ST,2026-08-06,"Olson, Matt",field_error,hit_into_play,L,L,ATL,MIA,line_drive,1,2,2,8,349,108.8,16
FF,2026-08-04,"Simpson, Chandler",field_out,hit_into_play,L,R,COL,TB,line_drive,1,0,2,2,349,96.6,19
CH,2026-08-06,"Jensen, Carter",field_out,hit_into_play,L,R,KC,MIN,line_drive,0,0,2,5,348,100.7,23
FF,2026-08-07,"Taveras, Leody",double,hit_into_play,L,R,TEX,BAL,line_drive,3,1,2,2,348,108.9,16
FF,2026-08-04,"Díaz, Yandy",field_out,hit_into_play,R,R,COL,TB,line_drive,0,0,0,1,348,95.5,20
CU,2026-08-08,"Sogard, Nick",double,hit_into_play,R,L,BOS,ATH,line_drive,0,2,1,4,347,98.4,20
CU,2026-08-09,"Marsh, Brandon",field_out,hit_into_play,L,R,PHI,TOR,fly_ball,2,2,0,12,347,95.4,41
SL,2026-08-02,"Springer, George",triple,hit_into_play,R,R,TOR,STL,fly_ball,0,0,1,7,346,95.6,31
SI,2026-08-07,"Jeffers, Ryan",double,hit_into_play,R,R,MIL,MIN,line_drive,3,1,2,6,346,108.6,17
FF,2026-08-07,"Giménez, Andrés",home_run,hit_into_play,L,R,PHI,TOR,fly_ball,0,0,1,2,346,104.5,42
FF,2026-08-05,"Realmuto, J.T.",field_out,hit_into_play,R,R,PHI,WSH,line_drive,2,2,2,4,346,102.3,17
ST,2026-08-04,"Jensen, Carter",field_out,hit_into_play,L,L,KC,MIN,line_drive,1,2,0,7,345,103.6,21
FF,2026-08-07,"Clemens, Kody",field_out,hit_into_play,L,L,MIL,MIN,fly_ball,1,2,2,1,345,98.5,34
CH,2026-08-08,"Susac, Daniel",field_out,hit_into_play,R,L,SF,DET,line_drive,1,1,0,6,345,97.4,22
FF,2026-08-07,"Rafaela, Ceddanne",field_out,hit_into_play,R,R,BOS,ATH,fly_ball,0,0,1,1,345,95.7,32
FF,2026-08-02,"Bauers, Jake",field_out,hit_into_play,L,R,LAA,MIL,fly_ball,2,2,1,4,344,95.8,35
FF,2026-08-08,"White, Eli",field_out,hit_into_play,R,L,BOS,ATH,line_drive,3,1,2,9,344,103.6,16
CH,2026-08-07,"Burleson, Alec",field_out,hit_into_play,L,R,STL,COL,fly_ball,0,1,0,3,344,98.7,39
CH,2026-08-07,"Torrens, Luis",field_out,hit_into_play,R,R,PIT,NYM,fly_ball,1,0,1,9,343,95,31
FF,2026-08-07,"Lewis, Royce",field_out,hit_into_play,R,L,MIL,MIN,fly_ball,1,1,1,3,343,97.8,41
FF,2026-08-06,"Waldschmidt, Ryan",field_out,hit_into_play,R,R,AZ,SD,line_drive,2,1,2,7,343,102.5,18
FF,2026-08-06,"Caglianone, Jac",field_out,hit_into_play,L,R,KC,MIN,fly_ball,1,1,1,1,342,103.7,43
CU,2026-08-05,"Baty, Brett",field_out,hit_into_play,L,R,CLE,NYM,fly_ball,0,2,2,4,342,97.3,37
SL,2026-08-08,"Henderson, Gunnar",field_out,hit_into_play,L,R,TEX,BAL,line_drive,2,1,0,6,342,98,21
FS,2026-08-04,"Pratt, Cooper",field_out,hit_into_play,R,R,MIL,PIT,line_drive,2,1,0,8,342,101.7,18
FF,2026-08-08,"Feduccia, Hunter",field_out,hit_into_play,L,R,AZ,LAD,line_drive,3,1,2,6,342,100.1,21
ST,2026-08-07,"Ballesteros, Moisés",single,hit_into_play,L,R,MIA,LAA,line_drive,1,0,1,2,341,106.9,21
FF,2026-08-09,"Alvarez, Yordan",field_out,hit_into_play,L,R,SD,HOU,line_drive,2,2,1,1,341,106,16
KC,2026-08-02,"McNeil, Jeff",field_out,hit_into_play,L,R,ATH,DET,line_drive,1,2,0,5,341,101.1,20
FF,2026-08-07,"Rogers, Jake",double,hit_into_play,R,R,BOS,ATH,line_drive,3,1,1,2,341,106.6,17
CU,2026-08-06,"Turner, Trea",double,hit_into_play,R,R,PHI,WSH,line_drive,0,2,2,2,341,104.6,16
FF,2026-08-06,"Fermin, Freddy",field_out,hit_into_play,R,L,AZ,SD,fly_ball,2,2,1,4,341,95.1,26
SL,2026-08-03,"Turang, Brice",field_out,hit_into_play,L,R,MIL,PIT,line_drive,2,1,2,3,341,102.9,18
FS,2026-08-07,"Nootbaar, Lars",field_out,hit_into_play,L,R,AZ,LAD,fly_ball,2,1,2,6,340,101.8,43
FF,2026-08-03,"Mesa Jr., Victor",field_out,hit_into_play,L,R,COL,TB,line_drive,1,1,0,3,340,110.4,17
FC,2026-08-05,"Larnach, Trevor",field_out,hit_into_play,L,L,KC,MIN,fly_ball,0,0,0,3,340,95.1,43
FC,2026-08-06,"Peraza, Oswald",field_out,hit_into_play,R,R,BAL,LAA,fly_ball,0,1,1,8,340,98,20
FF,2026-08-02,"Herrera, Iván",field_out,hit_into_play,R,R,TOR,STL,line_drive,0,1,1,6,339,101.5,18
FF,2026-08-04,"Duran, Ezequiel",double,hit_into_play,R,R,TEX,SF,fly_ball,2,2,2,9,339,95,28
SL,2026-08-09,"Kirk, Alejandro",field_out,hit_into_play,R,L,PHI,TOR,fly_ball,0,1,0,10,339,96,39
FF,2026-08-03,"Machado, Manny",field_out,hit_into_play,R,R,AZ,SD,fly_ball,0,1,2,8,339,95.3,38
SI,2026-08-06,"Bohm, Alec",double,hit_into_play,R,R,PHI,WSH,line_drive,3,1,1,1,339,102.9,20
SL,2026-08-02,"Giménez, Andrés",field_out,hit_into_play,L,L,TOR,STL,line_drive,1,2,1,3,338,96.2,21
ST,2026-08-08,"Pages, Andy",field_out,hit_into_play,R,L,AZ,LAD,fly_ball,2,2,2,10,338,95.4,26
FF,2026-08-04,"Devers, Rafael",field_out,hit_into_play,L,L,TEX,SF,line_drive,1,0,2,1,338,109.3,18
FF,2026-08-08,"Massey, Michael",field_out,hit_into_play,L,R,KC,CHC,fly_ball,1,0,2,7,338,96.8,29
ST,2026-08-07,"Straw, Myles",field_out,hit_into_play,R,R,PHI,TOR,fly_ball,2,2,1,9,338,97.5,41
CH,2026-08-04,"Encarnacion-Strand, Christian",field_out,hit_into_play,R,R,BAL,LAA,line_drive,1,0,2,3,338,109.3,22
CH,2026-08-09,"Abreu, Wilyer",sac_fly,hit_into_play,L,R,BOS,ATH,line_drive,0,0,1,5,338,102.8,20
SI,2026-08-07,"Martin, Austin",double,hit_into_play,R,L,MIL,MIN,line_drive,1,0,1,4,337,102.5,21
SI,2026-08-06,"Acuña Jr., Ronald",home_run,hit_into_play,R,L,ATL,MIA,fly_ball,0,0,2,8,337,97.3,38
SL,2026-08-02,"Trout, Mike",field_out,hit_into_play,R,R,LAA,MIL,fly_ball,1,1,2,6,336,96.5,24
SI,2026-08-09,"Harris II, Michael",field_out,hit_into_play,L,R,NYY,ATL,fly_ball,3,2,1,7,336,96.8,44
SL,2026-08-05,"Workman, Gage",double,hit_into_play,L,R,AZ,SD,line_drive,0,1,1,9,336,95.7,21
FF,2026-08-05,"Leonard, Eddys",double,hit_into_play,R,L,TEX,SF,line_drive,1,2,2,2,336,106.7,17
CH,2026-08-04,"Muncy, Max",field_out,hit_into_play,R,L,CIN,ATH,line_drive,0,2,1,7,336,108.8,15
FC,2026-08-09,"Merrill, Jackson",field_out,hit_into_play,L,R,SD,HOU,line_drive,0,0,2,7,336,103.5,22
SI,2026-08-02,"Adames, Willy",field_out,hit_into_play,R,L,SD,SF,fly_ball,3,2,1,2,335,103.9,43
SV,2026-08-05,"Yoshida, Masataka",field_out,hit_into_play,L,L,BOS,CWS,line_drive,1,1,1,6,335,98.4,21
SI,2026-08-02,"Caminero, Junior",field_out,hit_into_play,R,L,TB,CWS,line_drive,0,0,0,4,335,111.4,15
SL,2026-08-04,"Schanuel, Nolan",field_out,hit_into_play,L,L,BAL,LAA,line_drive,1,0,0,6,335,105.1,17
FF,2026-08-05,"Cavanaugh, Drew",double,hit_into_play,L,R,TEX,SF,line_drive,0,0,1,9,334,100.6,18
SI,2026-08-09,"Palacios, Richie",field_out,hit_into_play,L,R,SEA,TB,fly_ball,2,0,0,2,334,95,26
CH,2026-08-08,"Heim, Jonah",single,hit_into_play,R,L,BOS,ATH,line_drive,1,0,2,5,334,105.4,19
CH,2026-08-02,"Seager, Corey",field_out,hit_into_play,L,R,HOU,TEX,fly_ball,3,2,2,1,334,100.6,44
SI,2026-08-07,"Marsh, Brandon",field_out,hit_into_play,L,R,PHI,TOR,line_drive,3,2,0,4,334,102,20
CU,2026-08-05,"Church, Nathan",single,hit_into_play,L,R,NYY,STL,line_drive,1,2,1,6,334,103.9,19
SL,2026-08-08,"Yastrzemski, Mike",double,hit_into_play,L,R,NYY,ATL,line_drive,1,0,0,5,334,96.1,23
SI,2026-08-04,"Bohm, Alec",field_out,hit_into_play,R,R,PHI,WSH,fly_ball,0,0,2,5,334,97.6,32
FF,2026-08-04,"Bowen, Jase",field_out,hit_into_play,R,L,AZ,SD,fly_ball,0,0,1,3,333,108.2,22
FF,2026-08-07,"Contreras, William",field_out,hit_into_play,R,R,MIL,MIN,fly_ball,1,2,1,5,333,98.4,44
SL,2026-08-04,"Perez, Salvador",sac_fly,hit_into_play,R,R,KC,MIN,line_drive,2,0,1,1,333,98.7,19
ST,2026-08-02,"Marte, Ketel",field_out,hit_into_play,L,R,CLE,AZ,line_drive,0,0,0,5,332,95.8,18
SI,2026-08-09,"Jarvis, Jim",field_out,hit_into_play,L,R,NYY,ATL,line_drive,1,1,1,3,332,103.2,15
SL,2026-08-02,"Altuve, Jose",single,hit_into_play,R,R,HOU,TEX,line_drive,0,1,2,8,332,96.6,21
CH,2026-08-05,"Bogaerts, Xander",field_out,hit_into_play,R,L,AZ,SD,line_drive,1,1,1,2,331,99.4,18
SI,2026-08-08,"McCann, James",field_out,hit_into_play,R,R,AZ,LAD,line_drive,2,1,0,5,331,108.7,15
FF,2026-08-02,"Turang, Brice",field_out,hit_into_play,L,R,LAA,MIL,line_drive,2,2,2,5,331,101.4,19
CU,2026-08-08,"Pederson, Joc",field_out,hit_into_play,L,R,TEX,BAL,fly_ball,0,0,0,3,331,97.1,40
FC,2026-08-07,"Burger, Jake",field_out,hit_into_play,R,R,TEX,BAL,fly_ball,2,2,2,5,331,95,40
FF,2026-08-07,"Díaz, Yandy",field_out,hit_into_play,R,R,SEA,TB,line_drive,0,2,0,1,330,104.7,16
FF,2026-08-02,"Alfonzo, Eliezer",field_out,hit_into_play,R,L,LAD,BOS,line_drive,2,1,2,4,329,98.1,19
CU,2026-08-04,"Bichette, Bo",field_out,hit_into_play,R,L,CLE,NYM,fly_ball,0,0,2,4,329,97.4,33
FF,2026-08-02,"France, Ty",field_out,hit_into_play,R,R,SD,SF,fly_ball,2,0,1,7,329,96,40
FF,2026-08-08,"Lewis, Royce",double,hit_into_play,R,L,MIL,MIN,fly_ball,3,1,2,2,329,102.4,20
FS,2026-08-06,"Mitchell, Garrett",field_out,hit_into_play,L,R,MIL,PIT,fly_ball,1,1,0,8,329,95.4,24
FF,2026-08-05,"Durbin, Caleb",field_out,hit_into_play,R,R,BOS,CWS,line_drive,0,0,0,4,328,96.5,23
ST,2026-08-05,"Chourio, Jackson",field_out,hit_into_play,R,R,MIL,PIT,line_drive,0,1,2,5,328,102.6,17
FC,2026-08-06,"Sánchez, Jesús",field_out,hit_into_play,L,R,CHC,TOR,fly_ball,3,0,2,8,328,103.5,37
FC,2026-08-08,"Wetherholt, JJ",field_out,hit_into_play,L,L,STL,COL,line_drive,1,1,2,4,328,104.6,19
ST,2026-08-03,"Piper, Kenny",field_out,hit_into_play,R,R,COL,TB,fly_ball,1,1,1,3,327,101.4,47
FF,2026-08-06,"Giménez, Andrés",double,hit_into_play,L,R,CHC,TOR,line_drive,1,0,0,9,327,99.9,23
CH,2026-08-06,"Seigler, Anthony",sac_fly,hit_into_play,L,R,BOS,CWS,fly_ball,0,1,1,10,327,96.3,23
SL,2026-08-05,"Arraez, Luis",field_out,hit_into_play,L,R,PHI,WSH,line_drive,1,2,0,11,327,95.3,19
CH,2026-08-02,"Marte, Starling",field_out,hit_into_play,R,L,COL,KC,fly_ball,2,1,0,2,327,95.9,45
SI,2026-08-04,"Duran, Ezequiel",double,hit_into_play,R,L,TEX,SF,line_drive,0,0,0,8,327,101.7,18
SI,2026-08-03,"Devers, Rafael",field_out,hit_into_play,L,R,TEX,SF,fly_ball,0,0,2,1,327,98.6,46
SI,2026-08-04,"Betts, Mookie",field_out,hit_into_play,R,R,CHC,LAD,line_drive,1,2,2,4,327,97.1,20
FF,2026-08-05,"Polanco, Jorge",double,hit_into_play,L,R,CLE,NYM,line_drive,0,2,2,9,326,97.3,21
SI,2026-08-04,"Lowe, Josh",double,hit_into_play,L,R,BAL,LAA,line_drive,2,1,0,9,326,101.1,19
FF,2026-08-02,"Smith, Cam",field_out,hit_into_play,R,R,HOU,TEX,line_drive,1,0,2,8,326,97.6,17
FS,2026-08-07,"Witt Jr., Bobby",field_out,hit_into_play,R,R,KC,CHC,fly_ball,0,2,2,5,326,99.8,49
FF,2026-08-03,"Contreras, William",field_out,hit_into_play,R,R,MIL,PIT,line_drive,1,2,1,6,325,103.4,16
SL,2026-08-04,"Wilson, Jacob",double,hit_into_play,R,R,CIN,ATH,line_drive,3,2,2,5,325,97.4,20
SL,2026-08-08,"Semien, Marcus",field_out,hit_into_play,R,R,PIT,NYM,fly_ball,1,2,0,3,324,95,34
SI,2026-08-04,"Fermin, Freddy",double,hit_into_play,R,R,AZ,SD,line_drive,1,1,0,7,324,97.6,17
FC,2026-08-03,"Clement, Ernie",sac_fly,hit_into_play,R,R,HOU,TOR,line_drive,0,1,1,4,324,99.4,20
FF,2026-08-02,"Ewing, A.J.",field_out,hit_into_play,L,R,NYM,MIA,fly_ball,0,1,2,9,323,95.1,27
FF,2026-08-02,"Alvarez, Francisco",double,hit_into_play,R,R,NYM,MIA,line_drive,1,0,2,5,323,108.4,18
FF,2026-08-07,"Yoshida, Masataka",sac_fly,hit_into_play,L,R,BOS,ATH,line_drive,2,1,1,6,323,100.4,16
FF,2026-08-04,"Fermin, Freddy",field_out,hit_into_play,R,L,AZ,SD,line_drive,3,2,0,3,323,104.7,16
SL,2026-08-04,"Encarnacion-Strand, Christian",field_out,hit_into_play,R,R,BAL,LAA,line_drive,1,2,2,6,323,105.9,18
FF,2026-08-05,"Encarnacion-Strand, Christian",double,hit_into_play,R,L,BAL,LAA,line_drive,0,0,1,4,322,111,18
FC,2026-08-04,"Alonso, Pete",field_out,hit_into_play,R,L,BAL,LAA,line_drive,1,0,1,8,322,107.1,20
SI,2026-08-02,"Hamilton, David",field_out,hit_into_play,L,R,LAA,MIL,line_drive,0,1,1,5,321,98.4,18
SI,2026-08-08,"Butler, Lawrence",field_out,hit_into_play,L,L,BOS,ATH,line_drive,2,1,2,4,321,105.7,13
CH,2026-08-07,"Merrill, Jackson",triple,hit_into_play,L,R,SD,HOU,line_drive,3,1,1,4,321,100.5,20
FC,2026-08-09,"Gilbert, Drew",triple,hit_into_play,L,R,SF,DET,line_drive,0,0,2,2,321,108.7,14
FS,2026-08-05,"Turang, Brice",field_out,hit_into_play,L,R,MIL,PIT,line_drive,1,1,2,3,320,101.8,20
SI,2026-08-08,"Meckler, Wade",double,hit_into_play,L,R,MIA,LAA,line_drive,1,2,0,6,320,98.5,18
CH,2026-08-05,"Baty, Brett",field_out,hit_into_play,L,R,CLE,NYM,line_drive,1,1,0,7,320,101.7,19
FF,2026-08-09,"Perdomo, Geraldo",field_out,hit_into_play,L,R,AZ,LAD,fly_ball,1,1,2,6,319,95.5,45
FF,2026-08-06,"Semien, Marcus",sac_fly,hit_into_play,R,L,CLE,NYM,fly_ball,3,0,1,3,319,100.5,45
ST,2026-08-06,"Soderstrom, Tyler",field_out,hit_into_play,L,L,CIN,ATH,fly_ball,1,1,0,2,318,100.8,43
FF,2026-08-05,"Tatis Jr., Fernando",field_out,hit_into_play,R,L,AZ,SD,fly_ball,3,1,0,6,318,100.3,48
SL,2026-08-04,"Dubón, Mauricio",field_out,hit_into_play,R,L,ATL,MIA,fly_ball,2,0,0,7,318,95.8,42
FF,2026-08-05,"Alonso, Pete",field_out,hit_into_play,R,L,BAL,LAA,fly_ball,0,0,0,4,318,104.7,49
CH,2026-08-07,"Peña, Jeremy",field_out,hit_into_play,R,L,SD,HOU,line_drive,2,1,2,2,318,107.3,16
SL,2026-08-05,"Jeffers, Ryan",field_out,hit_into_play,R,L,KC,MIN,line_drive,1,1,0,6,317,106.3,17
FF,2026-08-02,"Schwarber, Kyle",sac_fly,hit_into_play,L,R,BAL,PHI,line_drive,1,1,1,6,317,105.5,16
FC,2026-08-05,"Aranda, Jonathan",field_out,hit_into_play,L,R,COL,TB,fly_ball,1,1,1,5,316,95.8,51
FF,2026-08-04,"Machado, Manny",double,hit_into_play,R,L,AZ,SD,fly_ball,3,0,1,1,316,104,18
CH,2026-08-07,"Jackson, Jeremiah",field_out,hit_into_play,R,L,TEX,BAL,fly_ball,0,1,2,8,316,96.5,45
SI,2026-08-05,"Locklear, Tyler",double,hit_into_play,R,R,AZ,SD,line_drive,0,1,1,4,315,104.5,20
SL,2026-08-04,"Turang, Brice",field_out,hit_into_play,L,R,MIL,PIT,fly_ball,0,1,1,4,315,96.1,37
FC,2026-08-08,"Lee, Brooks",field_out,hit_into_play,R,L,MIL,MIN,line_drive,2,0,0,2,315,97.4,21
CH,2026-08-08,"Herrera, Iván",field_out,hit_into_play,R,L,STL,COL,line_drive,0,1,1,3,314,96.8,18
FF,2026-08-09,"Witt Jr., Bobby",field_out,hit_into_play,R,L,KC,CHC,fly_ball,1,1,0,4,314,97.5,48
FF,2026-08-08,"Mitchell, Garrett",field_out,hit_into_play,L,R,MIL,MIN,line_drive,2,1,0,4,314,107.2,14
CH,2026-08-09,"Marsh, Brandon",field_out,hit_into_play,L,R,PHI,TOR,line_drive,3,1,1,4,314,100.1,20
FF,2026-08-02,"Muncy, Max",field_out,hit_into_play,L,L,LAD,BOS,fly_ball,1,1,1,4,314,100,46
SL,2026-08-03,"McCarthy, Jake",sac_fly,hit_into_play,L,R,COL,TB,line_drive,1,1,0,7,313,106.1,16
FC,2026-08-02,"De La Cruz, Bryan",sac_fly,hit_into_play,R,R,BAL,PHI,line_drive,0,0,0,6,313,97.9,18
SI,2026-08-04,"Contreras, Willson",single,hit_into_play,R,R,BOS,CWS,line_drive,0,0,2,6,313,114.9,15
SI,2026-08-02,"Soderstrom, Tyler",double,hit_into_play,L,R,ATH,DET,line_drive,1,2,2,3,313,105.8,17
FF,2026-08-02,"Grissom, Vaughn",field_out,hit_into_play,R,R,LAA,MIL,fly_ball,0,1,1,4,313,101,49
SL,2026-08-04,"Lara, Luis",field_out,hit_into_play,L,R,MIL,PIT,line_drive,3,2,0,4,312,97.5,21
SI,2026-08-09,"Sánchez, Gary",double,hit_into_play,R,L,MIL,MIN,line_drive,0,0,1,5,312,107.2,16
FF,2026-08-03,"Fermín, José",double,hit_into_play,R,R,NYY,STL,line_drive,0,2,0,2,312,98.4,18
FC,2026-08-02,"Loftin, Nick",field_out,hit_into_play,R,L,COL,KC,line_drive,2,0,2,8,311,98.9,20
SL,2026-08-02,"Monasterio, Andruw",field_out,hit_into_play,R,R,LAD,BOS,line_drive,3,2,1,9,311,102.1,17
SI,2026-08-04,"Perdomo, Geraldo",field_out,hit_into_play,L,R,AZ,SD,line_drive,3,2,2,6,311,100.3,20
CH,2026-08-03,"Alfonzo, Eliezer",field_out,hit_into_play,R,L,CHC,LAD,line_drive,1,1,0,7,311,96.5,21
SI,2026-08-09,"Alvarez, Yordan",field_out,hit_into_play,L,R,SD,HOU,fly_ball,2,1,2,3,311,96.4,45
FF,2026-08-02,"Adell, Jo",field_out,hit_into_play,R,R,LAA,MIL,line_drive,0,2,0,2,311,95.2,18
SI,2026-08-09,"Fermín, José",field_out,hit_into_play,R,R,STL,COL,line_drive,3,1,0,4,311,98.8,18
SI,2026-08-05,"Caratini, Victor",field_out,hit_into_play,R,L,KC,MIN,fly_ball,0,0,1,2,310,96.7,44
CU,2026-08-09,"Rafaela, Ceddanne",field_out,hit_into_play,R,L,BOS,ATH,line_drive,2,2,2,9,310,101.8,17
CH,2026-08-05,"Muncy, Max",field_out,hit_into_play,L,R,CHC,LAD,line_drive,1,1,0,6,310,107.1,19
FF,2026-08-09,"Machado, Manny",field_out,hit_into_play,R,R,SD,HOU,line_drive,2,2,0,5,310,108.1,14
SL,2026-08-08,"Trout, Mike",field_out,hit_into_play,R,R,MIA,LAA,fly_ball,1,2,0,6,310,98,45
ST,2026-08-09,"Bogaerts, Xander",field_out,hit_into_play,R,R,SD,HOU,fly_ball,0,2,1,2,310,97.9,46
FC,2026-08-04,"Peña, Jeremy",field_out,hit_into_play,R,R,HOU,TOR,line_drive,2,1,2,4,310,96.7,18
FF,2026-08-08,"Jones, Jahmai",double,hit_into_play,R,L,BOS,ATH,line_drive,3,1,1,9,309,106.3,17
FF,2026-08-02,"Caglianone, Jac",double,hit_into_play,L,L,COL,KC,line_drive,1,2,1,3,308,101.6,17
FC,2026-08-07,"Caratini, Victor",field_out,hit_into_play,R,L,MIL,MIN,line_drive,2,2,2,5,308,101.5,18
SI,2026-08-08,"Neto, Zach",field_out,hit_into_play,R,R,MIA,LAA,line_drive,3,2,0,4,308,95.7,23
ST,2026-08-06,"Harris II, Michael",double,hit_into_play,L,L,ATL,MIA,line_drive,1,0,0,6,308,95.6,19
FC,2026-08-04,"Alvarez, Yordan",field_out,hit_into_play,L,L,HOU,TOR,line_drive,0,1,2,8,307,100.8,16
SI,2026-08-02,"Riley, Austin",double,hit_into_play,R,R,ATL,WSH,line_drive,0,1,1,5,307,101,17
ST,2026-08-07,"Meckler, Wade",field_out,hit_into_play,L,R,MIA,LAA,line_drive,1,1,0,3,307,95.5,24
FF,2026-08-09,"Alonso, Pete",single,hit_into_play,R,R,TEX,BAL,line_drive,0,0,1,1,307,107.9,15
FF,2026-08-03,"Stott, Bryson",single,hit_into_play,L,L,PHI,WSH,line_drive,3,2,2,2,306,95.6,18
SL,2026-08-06,"Pratt, Cooper",double,hit_into_play,R,R,MIL,PIT,line_drive,1,2,2,5,306,98.9,17
CH,2026-08-09,"Narváez, Carlos",single,hit_into_play,R,L,TEX,BAL,line_drive,1,2,2,5,305,104.8,12
FF,2026-08-03,"Díaz, Yandy",sac_fly,hit_into_play,R,R,COL,TB,line_drive,1,0,0,2,304,101.7,16
SI,2026-08-08,"Beck, Jordan",field_out,hit_into_play,R,R,STL,COL,line_drive,1,0,1,8,304,110,15
SL,2026-08-05,"Langford, Wyatt",field_out,hit_into_play,R,R,TEX,SF,line_drive,1,1,0,7,304,95.5,19
SI,2026-08-05,"Straw, Myles",double,hit_into_play,R,R,HOU,TOR,line_drive,1,0,1,6,304,95.5,21
SL,2026-08-08,"Lukes, Nathan",field_out,hit_into_play,L,R,PHI,TOR,line_drive,0,0,2,7,304,98.3,15
CH,2026-08-03,"Carroll, Corbin",field_out,hit_into_play,L,R,AZ,SD,fly_ball,2,1,0,5,304,98.8,49
FC,2026-08-09,"Walker, Christian",field_out,hit_into_play,R,R,SD,HOU,line_drive,1,0,0,5,304,95.5,17
FF,2026-08-07,"Henderson, Gunnar",field_out,hit_into_play,L,R,TEX,BAL,line_drive,3,1,1,3,304,103.7,17
FF,2026-08-05,"Eldridge, Bryce",field_out,hit_into_play,L,L,TEX,SF,fly_ball,0,1,0,5,303,99.6,49
CU,2026-08-06,"Marsh, Brandon",double,hit_into_play,L,R,PHI,WSH,line_drive,2,1,2,3,303,104.9,21
SI,2026-08-02,"Eldridge, Bryce",single,hit_into_play,L,L,SD,SF,line_drive,0,0,0,4,303,99.4,16
CH,2026-08-02,"Nootbaar, Lars",double,hit_into_play,L,R,TOR,STL,line_drive,0,2,2,3,302,99,17
SL,2026-08-07,"Mesa Jr., Victor",double,hit_into_play,L,R,SEA,TB,fly_ball,1,1,0,5,301,95.1,25
CH,2026-08-06,"Tatis Jr., Fernando",field_out,hit_into_play,R,R,AZ,SD,line_drive,3,2,2,4,301,107.4,17
FF,2026-08-09,"Isbel, Kyle",field_out,hit_into_play,L,L,KC,CHC,line_drive,2,1,2,7,301,100.7,13
FF,2026-08-04,"Susac, Daniel",double,hit_into_play,R,L,TEX,SF,line_drive,0,0,0,2,300,98.7,17
FS,2026-08-07,"Mayo, Coby",field_out,hit_into_play,R,R,TEX,BAL,line_drive,0,2,1,5,300,102.4,15
FF,2026-08-03,"Mitchell, Garrett",field_out,hit_into_play,L,R,MIL,PIT,line_drive,3,1,1,5,299,103.2,15
SL,2026-08-07,"Turner, Trea",field_out,hit_into_play,R,R,PHI,TOR,line_drive,0,2,1,1,299,96.6,19
FF,2026-08-09,"Lopez, Nicky",triple,hit_into_play,L,R,TEX,BAL,line_drive,0,1,0,9,298,99.7,17
FF,2026-08-03,"Castro, Willi",triple,hit_into_play,R,L,COL,TB,line_drive,0,0,1,2,298,105.8,12
SI,2026-08-07,"Yoshida, Masataka",field_out,hit_into_play,L,L,BOS,ATH,line_drive,1,1,2,7,297,101.9,15
CH,2026-08-03,"Aranda, Jonathan",double,hit_into_play,L,R,COL,TB,line_drive,0,0,2,8,297,103.9,15
SI,2026-08-06,"Lewis, Royce",field_out,hit_into_play,R,R,KC,MIN,line_drive,3,2,2,6,297,108.2,12
SL,2026-08-07,"Varsho, Daulton",field_out,hit_into_play,L,L,SD,HOU,line_drive,0,1,2,1,296,104,13
SI,2026-08-09,"Bell, Josh",field_out,hit_into_play,L,R,MIL,MIN,fly_ball,1,0,0,8,295,97.3,48
CU,2026-08-03,"Aranda, Jonathan",single,hit_into_play,L,R,COL,TB,line_drive,0,1,0,7,295,103.2,16
FS,2026-08-07,"Ballesteros, Moisés",field_out,hit_into_play,L,R,MIA,LAA,line_drive,0,1,1,4,294,107.8,12
FC,2026-08-02,"Burleson, Alec",field_out,hit_into_play,L,L,TOR,STL,fly_ball,0,2,2,9,294,99.6,48
FF,2026-08-09,"Sogard, Nick",field_out,hit_into_play,R,L,BOS,ATH,line_drive,1,0,0,7,294,99.5,19
FF,2026-08-02,"Clemens, Kody",field_out,hit_into_play,L,R,SEA,MIN,fly_ball,1,1,1,6,294,95.7,46
SI,2026-08-02,"Aranda, Jonathan",single,hit_into_play,L,L,TB,CWS,line_drive,3,1,0,4,293,99.4,17
SI,2026-08-09,"Walls, Taylor",single,hit_into_play,R,L,SEA,TB,line_drive,3,2,0,6,292,98.3,14
SL,2026-08-09,"Benge, Carson",field_out,hit_into_play,L,R,PIT,NYM,line_drive,1,1,1,9,292,96.1,20
FF,2026-08-06,"Stott, Bryson",double,hit_into_play,L,R,PHI,WSH,line_drive,2,2,0,6,292,98.8,15
SL,2026-08-09,"Wetherholt, JJ",field_out,hit_into_play,L,R,STL,COL,line_drive,3,2,2,2,291,99.2,20
FF,2026-08-04,"Kirk, Alejandro",field_out,hit_into_play,R,R,HOU,TOR,line_drive,0,0,0,2,291,99.7,16
CU,2026-08-08,"Marsh, Brandon",sac_fly,hit_into_play,L,R,PHI,TOR,line_drive,0,0,1,6,290,103.5,17
FF,2026-08-07,"Ornelas, Jonathan",field_out,hit_into_play,R,L,BOS,ATH,line_drive,0,0,2,3,290,95.4,16
FS,2026-08-04,"Marsh, Brandon",field_out,hit_into_play,L,R,PHI,WSH,line_drive,1,1,1,2,290,95.6,19
FF,2026-08-09,"Sullivan, Brett",single,hit_into_play,L,R,STL,COL,line_drive,2,0,2,4,290,98.1,14
FF,2026-08-06,"Marsh, Brandon",field_out,hit_into_play,L,R,PHI,WSH,line_drive,1,2,1,5,289,100.9,15
SL,2026-08-06,"Mitchell, Garrett",double,hit_into_play,L,L,MIL,PIT,line_drive,0,1,0,6,289,105,14
SI,2026-08-09,"Foscue, Justin",single,hit_into_play,R,L,TEX,BAL,line_drive,2,0,1,2,289,104.1,16
CU,2026-08-03,"Turner, Trea",field_out,hit_into_play,R,L,PHI,WSH,line_drive,0,1,2,3,288,98.4,14
FF,2026-08-06,"Witt Jr., Bobby",single,hit_into_play,R,R,KC,MIN,line_drive,0,2,2,3,287,101.7,14
FF,2026-08-09,"Young, Jared",triple,hit_into_play,L,R,PIT,NYM,line_drive,1,2,2,3,287,98.7,12
CH,2026-08-06,"Clemens, Kody",field_out,hit_into_play,L,R,KC,MIN,fly_ball,0,1,0,6,287,95.2,48
CH,2026-08-02,"Butler, Lawrence",field_out,hit_into_play,L,R,ATH,DET,fly_ball,1,0,1,4,286,95.3,54
SI,2026-08-04,"Caglianone, Jac",single,hit_into_play,L,R,KC,MIN,line_drive,1,2,1,1,285,103.2,13
SI,2026-08-08,"Herrera, Iván",double,hit_into_play,R,L,STL,COL,line_drive,3,2,2,1,285,108.8,16
SI,2026-08-08,"Giménez, Andrés",double,hit_into_play,L,L,PHI,TOR,line_drive,0,2,2,8,285,99.1,16
FF,2026-08-04,"Hamilton, David",field_out,hit_into_play,L,R,MIL,PIT,fly_ball,0,0,1,8,284,97.8,52
SI,2026-08-08,"Martin, Austin",field_out,hit_into_play,R,L,MIL,MIN,line_drive,0,0,0,1,284,98.1,16
CU,2026-08-04,"Olson, Matt",double,hit_into_play,L,R,ATL,MIA,line_drive,0,1,1,6,284,98.5,21
FF,2026-08-06,"Abreu, Wilyer",field_out,hit_into_play,L,R,BOS,CWS,fly_ball,1,1,2,1,284,97.2,53
SI,2026-08-05,"Riley, Austin",double,hit_into_play,R,R,ATL,MIA,line_drive,0,0,1,2,283,109.5,17
SL,2026-08-05,"Wade Jr., LaMonte",double,hit_into_play,L,R,HOU,TOR,line_drive,3,2,0,6,283,102.7,17
ST,2026-08-07,"Benge, Carson",single,hit_into_play,L,R,PIT,NYM,line_drive,1,1,1,1,283,107.2,11
SI,2026-08-05,"Betts, Mookie",single,hit_into_play,R,L,CHC,LAD,line_drive,1,1,0,4,283,104.8,13
FF,2026-08-05,"Varsho, Daulton",field_out,hit_into_play,L,R,HOU,TOR,fly_ball,0,0,2,10,283,98.1,48
FF,2026-08-04,"Robert Jr., Luis",field_out,hit_into_play,R,L,CLE,NYM,line_drive,1,0,2,5,282,110.5,14
SL,2026-08-08,"Lindor, Francisco",single,hit_into_play,L,R,PIT,NYM,line_drive,1,2,0,4,282,95.6,20
FS,2026-08-09,"Cauley, Cam",single,hit_into_play,R,R,TEX,BAL,line_drive,1,2,2,4,282,99,20
CH,2026-08-07,"Yoshida, Masataka",double,hit_into_play,L,R,BOS,ATH,line_drive,1,0,2,4,282,108.4,16
CH,2026-08-02,"Ramos, Heliot",field_out,hit_into_play,R,L,SD,SF,fly_ball,1,1,0,4,281,96.4,52
FF,2026-08-08,"Cowser, Colton",double,hit_into_play,L,R,TEX,BAL,line_drive,0,0,2,7,281,102.4,15
SI,2026-08-04,"Bell, Josh",single,hit_into_play,L,R,KC,MIN,line_drive,2,0,0,4,280,113.7,13
SL,2026-08-06,"Kirk, Alejandro",single,hit_into_play,R,L,CHC,TOR,line_drive,0,0,0,3,280,105.8,12
FF,2026-08-02,"Walker, Jordan",field_out,hit_into_play,R,R,TOR,STL,line_drive,0,1,2,3,280,100.4,18
ST,2026-08-08,"Mullins, Cedric",single,hit_into_play,L,R,SEA,TB,line_drive,1,0,2,4,280,101.9,15
SI,2026-08-09,"McCarthy, Jake",field_out,hit_into_play,L,R,STL,COL,line_drive,0,1,0,9,280,100.1,17
FF,2026-08-04,"Pagés, Pedro",single,hit_into_play,R,L,NYY,STL,line_drive,0,2,0,8,278,98.1,15
SI,2026-08-04,"Rumfield, TJ",double,hit_into_play,L,L,COL,TB,line_drive,3,1,2,8,278,101.2,16
SL,2026-08-02,"Fortes, Nick",double,hit_into_play,R,R,TB,CWS,line_drive,1,1,1,9,277,104,13
FF,2026-08-02,"Soderstrom, Tyler",field_out,hit_into_play,L,R,ATH,DET,fly_ball,2,2,1,8,276,95.6,52
CH,2026-08-06,"Stott, Bryson",double,hit_into_play,L,R,PHI,WSH,line_drive,2,2,2,3,276,103.4,10
FF,2026-08-03,"Fermín, José",single,hit_into_play,R,R,NYY,STL,line_drive,3,2,0,8,276,104.1,11
ST,2026-08-07,"Contreras, William",field_out,hit_into_play,R,R,MIL,MIN,fly_ball,0,0,1,9,276,96,51
FF,2026-08-02,"Durbin, Caleb",single,hit_into_play,R,R,LAD,BOS,line_drive,0,1,2,1,275,95,17
CH,2026-08-04,"Tucker, Kyle",single,hit_into_play,L,R,CHC,LAD,line_drive,2,2,0,5,275,98.8,12
SL,2026-08-03,"Walker, Christian",single,hit_into_play,R,R,HOU,TOR,line_drive,0,0,2,3,274,103.6,13
FF,2026-08-07,"Nimmo, Brandon",field_out,hit_into_play,L,R,TEX,BAL,fly_ball,0,0,0,7,273,95.5,53
FF,2026-08-04,"Yoshida, Masataka",single,hit_into_play,L,R,BOS,CWS,line_drive,0,0,1,1,273,101,14
SI,2026-08-02,"Sullivan, Brett",double,hit_into_play,L,R,COL,KC,line_drive,1,0,1,4,273,105,14
FF,2026-08-09,"Moreno, Gabriel",double,hit_into_play,R,L,AZ,LAD,line_drive,2,1,2,2,272,102.6,14
FF,2026-08-08,"Acuña Jr., Ronald",field_out,hit_into_play,R,R,NYY,ATL,line_drive,1,0,1,5,272,96.6,17
FF,2026-08-06,"Neto, Zach",field_out,hit_into_play,R,L,BAL,LAA,fly_ball,1,1,2,5,272,95.4,54
CH,2026-08-04,"Muncy, Max",field_out,hit_into_play,L,R,CHC,LAD,fly_ball,2,2,2,9,271,96.5,56
FF,2026-08-03,"Carrigg, Cole",double,hit_into_play,L,R,COL,TB,line_drive,2,1,0,9,271,97.9,17
FF,2026-08-08,"Stott, Bryson",single,hit_into_play,L,R,PHI,TOR,line_drive,1,2,0,2,270,99.4,14
SI,2026-08-06,"Giménez, Andrés",single,hit_into_play,L,L,CHC,TOR,line_drive,0,0,2,2,270,103.7,14
FF,2026-08-05,"Abreu, Wilyer",single,hit_into_play,L,R,BOS,CWS,line_drive,2,2,2,1,270,97.3,15
CH,2026-08-09,"Moniak, Mickey",single,hit_into_play,L,R,STL,COL,line_drive,2,2,0,8,270,100.6,14
ST,2026-08-05,"Burleson, Alec",double,hit_into_play,L,R,NYY,STL,line_drive,0,0,1,4,269,108.6,13
SI,2026-08-06,"Moreno, Gabriel",single,hit_into_play,R,L,AZ,SD,line_drive,0,1,2,8,269,106.3,14
FF,2026-08-08,"Turang, Brice",single,hit_into_play,L,R,MIL,MIN,line_drive,0,0,2,4,269,96,17
SI,2026-08-05,"Peña, Jeremy",field_out,hit_into_play,R,R,HOU,TOR,line_drive,0,0,1,4,268,100.2,17
FF,2026-08-08,"Schanuel, Nolan",single,hit_into_play,L,R,MIA,LAA,line_drive,3,1,0,9,268,102.5,16
SL,2026-08-09,"Hamilton, David",double,hit_into_play,L,L,MIL,MIN,line_drive,0,2,2,5,267,99,13
FF,2026-08-09,"Church, Nathan",single,hit_into_play,L,R,STL,COL,line_drive,1,1,0,8,267,97.7,15
FF,2026-08-02,"Burger, Jake",single,hit_into_play,R,L,HOU,TEX,line_drive,2,2,0,7,267,110.3,11
CH,2026-08-05,"Moniak, Mickey",single,hit_into_play,L,R,COL,TB,line_drive,1,1,0,4,267,99.9,17
SI,2026-08-02,"Semien, Marcus",field_out,hit_into_play,R,R,NYM,MIA,fly_ball,1,0,0,5,266,95.1,51
FF,2026-08-04,"McCarthy, Jake",single,hit_into_play,L,R,COL,TB,line_drive,0,1,0,1,264,103.3,14
SI,2026-08-07,"Paredes, Isaac",double,hit_into_play,R,L,SD,HOU,line_drive,1,0,2,1,264,105.3,18
FF,2026-08-07,"Franklin, Christian",double,hit_into_play,R,L,TEX,BAL,line_drive,0,0,1,9,264,97.7,15
SL,2026-08-02,"Urías, Luis",double,hit_into_play,R,R,TOR,STL,line_drive,3,0,2,8,262,104.6,15
FS,2026-08-07,"Perdomo, Geraldo",triple,hit_into_play,L,R,AZ,LAD,line_drive,1,1,2,5,262,99.3,14
FF,2026-08-08,"Arenado, Nolan",single,hit_into_play,R,R,AZ,LAD,line_drive,1,0,2,8,260,95.1,16
FC,2026-08-09,"Adames, Willy",single,hit_into_play,R,R,SF,DET,line_drive,2,1,0,4,260,97,15
FF,2026-08-04,"Barrosa, Jorge",single,hit_into_play,L,R,AZ,SD,line_drive,0,1,0,7,260,98.1,15
SI,2026-08-04,"Kreidler, Ryan",field_out,hit_into_play,R,R,KC,MIN,fly_ball,1,0,0,9,260,96.6,54
CU,2026-08-05,"Rojas, Miguel",single,hit_into_play,R,L,CHC,LAD,line_drive,0,1,1,8,259,98.4,14
FF,2026-08-02,"Tucker, Kyle",single,hit_into_play,L,L,LAD,BOS,line_drive,1,1,1,2,259,99.3,15
SI,2026-08-03,"Tovar, Ezequiel",single,hit_into_play,R,L,COL,TB,line_drive,1,0,1,5,258,106.2,12
FF,2026-08-07,"Song, Sung-Mun",field_out,hit_into_play,L,R,SD,HOU,fly_ball,3,2,1,5,257,96.6,53
CU,2026-08-02,"Walker, Jordan",single,hit_into_play,R,R,TOR,STL,line_drive,2,1,1,6,257,95.5,14
KC,2026-08-05,"Okamoto, Kazuma",single,hit_into_play,R,R,HOU,TOR,line_drive,3,2,2,6,257,96.9,13
SV,2026-08-08,"Durbin, Caleb",single,hit_into_play,R,L,BOS,ATH,line_drive,2,2,2,9,257,95.1,18
FC,2026-08-07,"Pederson, Joc",field_out,hit_into_play,L,R,TEX,BAL,fly_ball,0,0,2,8,257,103.4,58
FF,2026-08-07,"Ewing, A.J.",single,hit_into_play,L,R,PIT,NYM,line_drive,0,2,2,9,256,103.9,13
CH,2026-08-06,"Caglianone, Jac",single,hit_into_play,L,R,KC,MIN,line_drive,0,2,2,3,256,103.7,13
SI,2026-08-09,"Burger, Jake",single,hit_into_play,R,L,TEX,BAL,line_drive,2,2,1,2,256,100.8,14
SL,2026-08-06,"Vaughn, Andrew",single,hit_into_play,R,L,MIL,PIT,line_drive,1,1,0,6,256,109.1,14
CH,2026-08-08,"Guerrero Jr., Vladimir",single,hit_into_play,R,R,PHI,TOR,line_drive,2,1,1,3,255,104.4,13
FF,2026-08-06,"Roden, Alan",double,hit_into_play,L,R,KC,MIN,line_drive,1,1,0,3,254,105.7,13
FF,2026-08-04,"Seager, Corey",single,hit_into_play,L,L,TEX,SF,line_drive,1,2,0,8,254,103.8,13
FF,2026-08-08,"Winn, Masyn",single,hit_into_play,R,L,STL,COL,line_drive,0,1,0,7,253,105.3,12
FF,2026-08-07,"Lee, Jung Hoo",single,hit_into_play,L,R,SF,DET,line_drive,1,1,2,2,253,103.9,10
FS,2026-08-08,"Bauers, Jake",single,hit_into_play,L,R,MIL,MIN,line_drive,1,2,0,1,253,98.9,15
SL,2026-08-06,"Merrill, Jackson",field_out,hit_into_play,L,R,AZ,SD,fly_ball,0,0,2,9,252,100.6,54
ST,2026-08-05,"Yelich, Christian",single,hit_into_play,L,R,MIL,PIT,line_drive,1,2,1,6,252,95.5,15
SI,2026-08-09,"Goodman, Hunter",single,hit_into_play,R,R,STL,COL,line_drive,2,1,2,1,252,103,12
FF,2026-08-06,"Bogaerts, Xander",field_out,hit_into_play,R,L,AZ,SD,line_drive,3,2,0,2,251,95.8,13
FC,2026-08-09,"Freeman, Freddie",single,hit_into_play,L,L,AZ,LAD,line_drive,0,0,0,6,251,105.3,13
CH,2026-08-03,"Alvarez, Yordan",field_out,hit_into_play,L,R,HOU,TOR,fly_ball,0,0,0,3,250,97.5,55
FF,2026-08-05,"Heim, Jonah",double,hit_into_play,L,R,CIN,ATH,line_drive,3,2,1,6,250,104.8,15
FF,2026-08-08,"Encarnacion-Strand, Christian",single,hit_into_play,R,R,TEX,BAL,line_drive,0,0,1,5,249,104.6,13
CU,2026-08-05,"Young, Jared",double,hit_into_play,L,R,CLE,NYM,line_drive,2,1,1,4,248,105.4,15
SL,2026-08-02,"Lindor, Francisco",double,hit_into_play,L,R,NYM,MIA,line_drive,0,1,0,8,248,104.6,15
SL,2026-08-05,"Stott, Bryson",single,hit_into_play,L,R,PHI,WSH,line_drive,3,2,1,7,247,102.8,11
FF,2026-08-07,"Hamilton, David",double,hit_into_play,L,R,MIL,MIN,line_drive,0,1,1,8,246,96.3,12
CH,2026-08-05,"Mayo, Coby",single,hit_into_play,R,R,BAL,LAA,line_drive,2,2,2,6,246,110.9,9
FC,2026-08-02,"Realmuto, J.T.",single,hit_into_play,R,R,BAL,PHI,line_drive,2,2,0,6,245,97.3,17
FF,2026-08-04,"Ballesteros, Moisés",single,hit_into_play,L,L,BAL,LAA,line_drive,0,1,1,2,245,107.5,10
FF,2026-08-07,"Lara, Luis",single,hit_into_play,L,R,MIL,MIN,line_drive,3,1,1,4,244,102.8,10
SI,2026-08-04,"Soderstrom, Tyler",double,hit_into_play,L,R,CIN,ATH,line_drive,3,1,0,4,244,104,15
FC,2026-08-09,"McCarthy, Jake",double,hit_into_play,L,R,STL,COL,line_drive,1,0,0,1,244,105.9,13
FS,2026-08-07,"Young, Jared",single,hit_into_play,L,R,PIT,NYM,line_drive,2,2,2,3,244,97.8,12
SL,2026-08-06,"Thomas, Lane",double,hit_into_play,R,L,ATL,MIA,line_drive,0,0,0,6,244,99.4,15
FF,2026-08-06,"Acuña Jr., Ronald",field_out,hit_into_play,R,R,ATL,MIA,fly_ball,0,0,1,1,244,99.6,57
FF,2026-08-09,"Merrill, Jackson",single,hit_into_play,L,R,SD,HOU,line_drive,2,2,2,5,243,110.8,13
FF,2026-08-08,"Mitchell, Garrett",field_out,hit_into_play,L,R,MIL,MIN,fly_ball,2,2,0,8,242,98.8,57
FS,2026-08-07,"Perdomo, Geraldo",double,hit_into_play,L,R,AZ,LAD,line_drive,2,2,2,3,242,98.5,13
CH,2026-08-06,"Jensen, Carter",single,hit_into_play,L,R,KC,MIN,line_drive,1,1,2,3,242,105.7,14
SI,2026-08-02,"Fermín, José",single,hit_into_play,R,R,TOR,STL,line_drive,2,0,0,9,241,103.6,11
CU,2026-08-07,"Bauers, Jake",field_out,hit_into_play,L,R,MIL,MIN,fly_ball,0,0,0,3,241,100,55
SL,2026-08-09,"Vargas, Ildemaro",single,hit_into_play,R,L,AZ,LAD,line_drive,1,1,2,1,241,101,11
SL,2026-08-08,"Dubón, Mauricio",double,hit_into_play,R,R,NYY,ATL,line_drive,0,0,0,5,240,105.9,12
FF,2026-08-06,"Fermin, Freddy",single,hit_into_play,R,L,AZ,SD,line_drive,1,1,1,6,240,103,10
CH,2026-08-08,"Alonso, Pete",field_out,hit_into_play,R,R,TEX,BAL,fly_ball,1,2,1,6,239,96.7,56
FF,2026-08-03,"McCarthy, Jake",double,hit_into_play,L,R,COL,TB,line_drive,0,0,0,9,239,99.7,11
FF,2026-08-05,"Barrosa, Jorge",single,hit_into_play,L,R,AZ,SD,line_drive,1,2,0,8,238,98.2,13
CH,2026-08-07,"Meyers, Jake",single,hit_into_play,R,L,SD,HOU,line_drive,0,1,1,8,238,95.1,13
FC,2026-08-06,"Alonso, Pete",single,hit_into_play,R,R,BAL,LAA,line_drive,3,2,2,5,237,98.9,13
SI,2026-08-04,"Stott, Bryson",double,hit_into_play,L,R,PHI,WSH,line_drive,2,1,2,8,237,106.6,12
FF,2026-08-06,"Lindor, Francisco",single,hit_into_play,R,L,CLE,NYM,line_drive,3,2,2,4,235,105.5,13
ST,2026-08-04,"Burger, Jake",double,hit_into_play,R,R,TEX,SF,line_drive,0,0,0,9,234,112.9,12
CH,2026-08-04,"McCarthy, Jake",single,hit_into_play,L,R,COL,TB,line_drive,0,0,0,3,233,103.9,13
FF,2026-08-04,"Olson, Matt",single,hit_into_play,L,R,ATL,MIA,line_drive,1,2,2,1,233,95.9,13
SI,2026-08-09,"Cowser, Colton",single,hit_into_play,L,L,TEX,BAL,line_drive,2,0,2,5,233,105.5,12
ST,2026-08-03,"Burger, Jake",field_out,hit_into_play,R,R,TEX,SF,fly_ball,1,2,0,4,230,96.5,57
FF,2026-08-05,"Tucker, Kyle",single,hit_into_play,L,L,CHC,LAD,line_drive,2,2,1,8,230,100.4,10
FC,2026-08-03,"Okamoto, Kazuma",single,hit_into_play,R,R,HOU,TOR,line_drive,0,0,0,4,229,105.5,13
SI,2026-08-07,"Realmuto, J.T.",single,hit_into_play,R,R,PHI,TOR,line_drive,1,1,2,2,229,111.2,9
SI,2026-08-08,"Wilson, Jacob",double,hit_into_play,R,L,BOS,ATH,line_drive,0,0,2,5,229,105.4,13
FF,2026-08-09,"Díaz, Yandy",single,hit_into_play,R,R,SEA,TB,line_drive,1,2,0,1,228,104.4,11
FF,2026-08-09,"Wetherholt, JJ",single,hit_into_play,L,R,STL,COL,line_drive,1,2,0,7,227,100.2,15
SL,2026-08-09,"Lindor, Francisco",single,hit_into_play,L,R,PIT,NYM,line_drive,0,0,1,9,227,98.6,16
FF,2026-08-08,"Kreidler, Ryan",single,hit_into_play,R,L,MIL,MIN,line_drive,2,2,0,4,227,108.1,9
CH,2026-08-02,"Okamoto, Kazuma",field_out,hit_into_play,R,L,TOR,STL,fly_ball,0,0,1,4,225,97.7,58
CU,2026-08-09,"Yastrzemski, Mike",double,hit_into_play,L,R,NYY,ATL,line_drive,2,1,0,3,224,101,14
ST,2026-08-04,"Pederson, Joc",field_out,hit_into_play,L,R,TEX,SF,fly_ball,0,0,2,2,224,103.9,59
FF,2026-08-08,"Riley, Austin",single,hit_into_play,R,R,NYY,ATL,line_drive,0,0,0,5,223,101.5,12
FS,2026-08-07,"Heineman, Tyler",single,hit_into_play,L,R,MIA,LAA,line_drive,1,2,0,5,223,97.9,13
FF,2026-08-05,"McCann, James",field_out,hit_into_play,R,R,AZ,SD,fly_ball,2,0,1,2,222,98.6,61
FF,2026-08-05,"Lopez, Nicky",single,hit_into_play,L,R,TEX,SF,line_drive,3,1,0,6,222,95.2,13
KC,2026-08-09,"Bohm, Alec",single,hit_into_play,R,R,PHI,TOR,line_drive,0,0,0,3,222,105.9,10
SI,2026-08-05,"Eldridge, Bryce",single,hit_into_play,L,L,TEX,SF,line_drive,0,0,2,7,221,101.9,10
FF,2026-08-06,"Schwarber, Kyle",single,hit_into_play,L,R,PHI,WSH,line_drive,0,1,0,4,220,104.5,14
SI,2026-08-05,"Rumfield, TJ",field_out,hit_into_play,L,R,COL,TB,fly_ball,2,0,1,2,220,98.7,59
CH,2026-08-03,"Alfonzo, Eliezer",single,hit_into_play,R,L,CHC,LAD,line_drive,0,0,2,4,219,103.3,11
ST,2026-08-08,"Caglianone, Jac",double,hit_into_play,L,R,KC,CHC,line_drive,2,2,1,3,219,106.7,12
FC,2026-08-03,"Cronenworth, Jake",field_out,hit_into_play,L,R,AZ,SD,popup,0,0,0,4,218,95.2,59
SI,2026-08-05,"Caglianone, Jac",single,hit_into_play,L,R,KC,MIN,line_drive,0,0,1,6,218,103,10
CU,2026-08-07,"Mayo, Coby",single,hit_into_play,R,R,TEX,BAL,line_drive,0,1,2,2,218,99.4,12
CH,2026-08-08,"Collins, Isaac",single,hit_into_play,L,R,KC,CHC,line_drive,1,1,1,3,217,101.9,12
FF,2026-08-04,"Acuña Jr., Ronald",single,hit_into_play,R,R,ATL,MIA,line_drive,2,2,0,8,215,99.9,12
CH,2026-08-04,"Bogaerts, Xander",double,hit_into_play,R,L,AZ,SD,line_drive,0,2,1,5,215,100.9,9
FF,2026-08-09,"Machado, Manny",single,hit_into_play,R,R,SD,HOU,line_drive,1,2,2,1,215,99.6,10
CU,2026-08-04,"Cronenworth, Jake",single,hit_into_play,L,L,AZ,SD,line_drive,1,2,0,2,213,99.2,13
CU,2026-08-04,"Smith, Cam",single,hit_into_play,R,R,HOU,TOR,line_drive,0,2,2,4,213,96.9,11
ST,2026-08-04,"Nimmo, Brandon",double,hit_into_play,L,R,TEX,SF,line_drive,1,2,1,1,213,101.9,14
FF,2026-08-06,"Moreno, Gabriel",single,hit_into_play,R,R,AZ,SD,line_drive,0,1,2,3,213,98.7,11
FF,2026-08-07,"Carter, Evan",field_out,hit_into_play,L,R,TEX,BAL,fly_ball,0,0,1,7,212,96.4,60
FF,2026-08-09,"Stott, Bryson",single,hit_into_play,L,R,PHI,TOR,line_drive,3,2,0,12,212,97.1,13
SL,2026-08-04,"Marsh, Brandon",double,hit_into_play,L,R,PHI,WSH,line_drive,0,1,2,3,212,102.1,14
FF,2026-08-07,"Cronenworth, Jake",single,hit_into_play,L,L,SD,HOU,line_drive,1,0,2,7,212,97.8,12
ST,2026-08-04,"McNeil, Jeff",single,hit_into_play,L,R,CIN,ATH,line_drive,1,0,0,2,211,103.2,12
FF,2026-08-02,"Marsh, Brandon",single,hit_into_play,L,R,BAL,PHI,line_drive,0,0,0,4,211,99.2,10
FF,2026-08-05,"Crooks, Jimmy",single,hit_into_play,L,R,NYY,STL,line_drive,0,0,1,5,209,97.8,14
CU,2026-08-04,"Ewing, A.J.",double,hit_into_play,L,L,CLE,NYM,line_drive,0,2,2,2,208,99,12
FF,2026-08-06,"Seigler, Anthony",single,hit_into_play,L,R,BOS,CWS,line_drive,2,2,2,8,208,100.9,11
FS,2026-08-04,"Caglianone, Jac",single,hit_into_play,L,R,KC,MIN,line_drive,0,0,1,3,207,102,11
CH,2026-08-03,"Campusano, Luis",double,hit_into_play,R,R,AZ,SD,line_drive,1,0,2,5,206,99.7,12
FC,2026-08-07,"Cowser, Colton",single,hit_into_play,L,R,TEX,BAL,line_drive,1,2,2,5,206,99.1,11
ST,2026-08-08,"Herrera, Iván",double,hit_into_play,R,L,STL,COL,line_drive,0,2,1,5,206,106.4,10
ST,2026-08-07,"McCarthy, Jake",single,hit_into_play,L,R,STL,COL,line_drive,1,0,0,5,206,102.2,11
FF,2026-08-08,"Nimmo, Brandon",single,hit_into_play,L,R,TEX,BAL,line_drive,2,1,0,4,206,100.3,11
FS,2026-08-02,"Merrill, Jackson",single,hit_into_play,L,R,SD,SF,line_drive,0,1,2,7,205,104.2,12
FF,2026-08-08,"Goodman, Hunter",field_out,hit_into_play,R,L,STL,COL,fly_ball,0,0,1,5,205,95.7,61
SL,2026-08-09,"Bauers, Jake",field_out,hit_into_play,L,R,MIL,MIN,fly_ball,1,0,1,6,204,98.2,62
SL,2026-08-05,"Butler, Lawrence",field_out,hit_into_play,L,R,CIN,ATH,fly_ball,3,2,1,3,204,95.8,58
FF,2026-08-07,"Baldwin, Drake",single,hit_into_play,L,L,NYY,ATL,line_drive,1,0,1,1,203,95.1,12
FF,2026-08-05,"Collins, Isaac",field_out,hit_into_play,L,R,KC,MIN,line_drive,3,1,2,2,203,102.5,9
SL,2026-08-05,"Carroll, Corbin",single,hit_into_play,L,R,AZ,SD,line_drive,0,0,1,4,203,99.9,12
CH,2026-08-09,"Tawa, Tim",single,hit_into_play,R,L,AZ,LAD,line_drive,2,1,2,3,203,99.9,11
FC,2026-08-07,"Acuña Jr., Ronald",single,hit_into_play,R,L,NYY,ATL,line_drive,1,1,0,3,202,102.1,14
SL,2026-08-03,"Mullins, Cedric",double,hit_into_play,L,R,COL,TB,line_drive,2,2,0,9,202,96.9,10
FC,2026-08-07,"Smith, Josh",single,hit_into_play,L,R,PHI,TOR,line_drive,2,1,2,4,202,103.2,12
SI,2026-08-02,"France, Ty",single,hit_into_play,R,R,SD,SF,line_drive,3,1,2,5,201,95.7,13
FF,2026-08-03,"Okamoto, Kazuma",single,hit_into_play,R,R,HOU,TOR,line_drive,0,2,2,1,200,107.6,11
FS,2026-08-08,"Perdomo, Geraldo",field_out,hit_into_play,L,R,AZ,LAD,line_drive,0,2,0,1,200,97.6,9
FF,2026-08-04,"Tovar, Ezequiel",single,hit_into_play,R,R,COL,TB,line_drive,3,2,0,3,200,95,11
SI,2026-08-07,"Ewing, A.J.",single,hit_into_play,L,R,PIT,NYM,line_drive,2,1,0,3,199,103.9,11
CH,2026-08-02,"Maile, Luke",single,hit_into_play,R,L,COL,KC,line_drive,0,1,2,2,199,106.3,8
SL,2026-08-02,"Mullins, Cedric",field_out,hit_into_play,L,R,TB,CWS,popup,3,1,0,9,199,95.4,60
CH,2026-08-08,"Jarvis, Jim",single,hit_into_play,L,R,NYY,ATL,line_drive,0,2,0,5,198,102.9,8
SL,2026-08-03,"McCarthy, Jake",field_out,hit_into_play,L,L,COL,TB,line_drive,0,0,1,5,198,100.9,10
FF,2026-08-04,"Freeman, Freddie",single,hit_into_play,L,R,CHC,LAD,line_drive,0,2,2,6,198,95.5,13
CH,2026-08-04,"Pratt, Cooper",single,hit_into_play,R,R,MIL,PIT,line_drive,1,2,1,4,198,97.7,9
CH,2026-08-03,"Hernández, Teoscar",single,hit_into_play,R,L,CHC,LAD,line_drive,2,2,1,4,197,101.7,11
FF,2026-08-05,"Betts, Mookie",single,hit_into_play,R,R,CHC,LAD,line_drive,0,1,0,6,195,100,11
CH,2026-08-05,"Alvarez, Yordan",single,hit_into_play,L,R,HOU,TOR,line_drive,0,1,0,10,195,114.8,10
SI,2026-08-09,"Mitchell, Garrett",single,hit_into_play,L,R,MIL,MIN,line_drive,1,1,0,6,194,107.3,9
FF,2026-08-03,"Turner, Trea",field_out,hit_into_play,R,L,PHI,WSH,line_drive,0,0,1,6,194,99.8,8
FF,2026-08-04,"Gilbert, Drew",single,hit_into_play,L,L,TEX,SF,line_drive,0,2,1,9,194,97.7,9
SI,2026-08-02,"Jeffers, Ryan",single,hit_into_play,R,R,SEA,MIN,line_drive,2,2,1,1,193,100.5,10
SI,2026-08-09,"Koss, Christian",single,hit_into_play,R,L,SF,DET,line_drive,2,1,0,8,193,96.3,10
ST,2026-08-05,"Allen, Nick",single,hit_into_play,R,R,HOU,TOR,line_drive,1,2,2,2,192,96.3,9
SI,2026-08-02,"Ward, Taylor",single,hit_into_play,R,L,BAL,PHI,line_drive,3,1,0,4,191,103.7,10
KC,2026-08-07,"Paredes, Isaac",single,hit_into_play,R,L,SD,HOU,line_drive,1,2,0,3,190,95.8,13
FF,2026-08-03,"Straw, Myles",double,hit_into_play,R,R,HOU,TOR,line_drive,1,1,0,3,190,97.6,12
FF,2026-08-04,"Chourio, Jackson",single,hit_into_play,R,R,MIL,PIT,line_drive,1,1,1,1,190,108.2,7
KC,2026-08-07,"Nimmo, Brandon",single,hit_into_play,L,R,TEX,BAL,line_drive,2,2,0,2,190,97.7,12
ST,2026-08-02,"Tawa, Tim",single,hit_into_play,R,R,CLE,AZ,line_drive,0,2,0,6,190,101.4,8
FF,2026-08-03,"Carrigg, Cole",single,hit_into_play,R,L,COL,TB,line_drive,2,1,2,1,189,103.3,10
SL,2026-08-05,"Nimmo, Brandon",single,hit_into_play,L,L,TEX,SF,line_drive,1,1,2,3,188,97.6,11
CH,2026-08-07,"Turang, Brice",double,hit_into_play,L,R,MIL,MIN,line_drive,0,1,2,2,188,106.6,11
SL,2026-08-09,"Rafaela, Ceddanne",field_out,hit_into_play,R,R,BOS,ATH,line_drive,0,1,1,1,188,98.7,10
CU,2026-08-08,"Palacios, Richie",single,hit_into_play,L,R,SEA,TB,line_drive,2,2,2,6,186,105,11
FF,2026-08-08,"Carroll, Corbin",triple,hit_into_play,L,R,AZ,LAD,line_drive,0,1,0,9,186,103.3,8
FF,2026-08-03,"Tovar, Ezequiel",single,hit_into_play,R,R,COL,TB,line_drive,1,0,0,7,185,99.8,9
FF,2026-08-05,"Machado, Manny",field_out,hit_into_play,R,L,AZ,SD,line_drive,3,2,2,6,185,98.9,11
CH,2026-08-08,"Rengifo, Luis",field_out,hit_into_play,L,R,SD,HOU,line_drive,2,2,0,7,185,95.6,11
FF,2026-08-05,"Langford, Wyatt",double,hit_into_play,R,L,TEX,SF,line_drive,2,2,1,3,185,103.8,8
FF,2026-08-02,"Trout, Mike",single,hit_into_play,R,L,LAA,MIL,line_drive,0,0,2,8,185,105,8
FC,2026-08-08,"Neto, Zach",field_out,hit_into_play,R,R,MIA,LAA,popup,0,1,2,6,184,97.3,61
FF,2026-08-02,"Nimmo, Brandon",single,hit_into_play,L,L,HOU,TEX,line_drive,0,0,2,8,182,102.4,8
ST,2026-08-08,"Herrera, Iván",single,hit_into_play,R,R,STL,COL,line_drive,1,1,2,6,182,101.2,9
CH,2026-08-03,"Palacios, Richie",single,hit_into_play,L,R,COL,TB,line_drive,1,2,0,2,179,101.6,9
SI,2026-08-04,"McNeil, Jeff",single,hit_into_play,L,R,CIN,ATH,line_drive,0,0,1,4,177,97.3,11
FF,2026-08-05,"Alvarez, Yordan",field_out,hit_into_play,L,R,HOU,TOR,line_drive,3,1,0,3,176,97.8,10
FF,2026-08-09,"Bichette, Bo",single,hit_into_play,R,R,PIT,NYM,line_drive,0,0,0,1,176,110.9,7
FC,2026-08-03,"Lee, Jung Hoo",single,hit_into_play,L,R,TEX,SF,line_drive,2,2,2,5,175,95.8,9
FF,2026-08-07,"Altuve, Jose",double,hit_into_play,R,L,SD,HOU,line_drive,0,0,0,5,175,98.7,11
SI,2026-08-07,"Crawford, Justin",double,hit_into_play,L,R,PHI,TOR,line_drive,2,2,0,5,175,108.5,8
CU,2026-08-05,"Walker, Christian",double,hit_into_play,R,R,HOU,TOR,line_drive,2,2,2,3,175,109.2,9
FF,2026-08-07,"Seigler, Anthony",single,hit_into_play,L,R,BOS,ATH,line_drive,3,1,1,5,174,97.1,12
SI,2026-08-07,"Basabe, Osleivis",single,hit_into_play,R,R,SF,DET,line_drive,0,0,0,2,172,95.7,8
FF,2026-08-08,"Jones, Jahmai",double,hit_into_play,R,L,BOS,ATH,line_drive,1,1,0,5,172,105.7,10
FC,2026-08-05,"Wong, Connor",field_out,hit_into_play,R,R,BOS,CWS,line_drive,2,1,2,2,170,105.9,8
CH,2026-08-03,"Carroll, Corbin",field_out,hit_into_play,L,R,AZ,SD,line_drive,1,1,0,3,170,103.1,9
FF,2026-08-04,"Crawford, Justin",single,hit_into_play,L,R,PHI,WSH,line_drive,0,0,2,2,169,100.8,9
FC,2026-08-08,"Beavers, Dylan",field_out,hit_into_play,L,R,TEX,BAL,line_drive,1,1,0,9,168,106.8,10
FF,2026-08-07,"Baty, Brett",single,hit_into_play,L,R,PIT,NYM,ground_ball,0,1,0,6,168,109.3,6
CU,2026-08-02,"Lowe, Josh",field_out,hit_into_play,L,R,LAA,MIL,line_drive,1,2,2,5,167,106.6,9
SI,2026-08-04,"Jordan, Blaze",single,hit_into_play,R,L,NYY,STL,ground_ball,2,2,1,5,166,104.6,7
SI,2026-08-06,"Durbin, Caleb",double,hit_into_play,R,R,BOS,CWS,line_drive,1,0,0,6,166,100,10
SL,2026-08-09,"Taveras, Leody",double,hit_into_play,L,R,TEX,BAL,line_drive,1,0,2,1,166,98.7,9
FS,2026-08-08,"Walker, Christian",single,hit_into_play,R,R,SD,HOU,line_drive,0,1,1,7,165,102.5,9
FC,2026-08-07,"Yelich, Christian",single,hit_into_play,L,R,MIL,MIN,line_drive,2,0,1,2,165,104.3,9
FF,2026-08-04,"Adames, Willy",single,hit_into_play,R,L,TEX,SF,line_drive,0,0,2,1,165,105,9
SI,2026-08-05,"Harris II, Michael",single,hit_into_play,L,R,ATL,MIA,line_drive,3,1,1,5,164,96.9,7
SI,2026-08-02,"Crawford, Justin",double,hit_into_play,L,R,BAL,PHI,ground_ball,2,1,1,3,164,103.1,7
FF,2026-08-08,"Fermín, José",single,hit_into_play,R,R,STL,COL,line_drive,1,2,0,9,164,101.6,8
FC,2026-08-07,"Abreu, Wilyer",single,hit_into_play,L,R,BOS,ATH,line_drive,0,0,1,4,164,102.3,8
FC,2026-08-02,"Alvarez, Yordan",double,hit_into_play,L,R,HOU,TEX,line_drive,0,0,2,7,163,96,11
FF,2026-08-09,"Paredes, Isaac",field_out,hit_into_play,R,R,SD,HOU,popup,1,2,0,4,163,96.7,68
SI,2026-08-06,"Realmuto, J.T.",field_out,hit_into_play,R,R,PHI,WSH,line_drive,2,2,2,5,163,110,7
SL,2026-08-04,"Duran, Ezequiel",field_out,hit_into_play,R,R,TEX,SF,line_drive,1,0,0,6,162,107.4,9
CU,2026-08-04,"Torrens, Luis",single,hit_into_play,R,L,CLE,NYM,line_drive,2,2,1,4,161,99.5,10
FF,2026-08-04,"Bolte, Henry",single,hit_into_play,R,R,CIN,ATH,line_drive,0,0,2,9,160,104,9
CH,2026-08-08,"Goodman, Hunter",double_play,hit_into_play,R,L,STL,COL,line_drive,3,1,1,1,159,95.3,10
SI,2026-08-03,"Call, Alex",field_out,hit_into_play,R,R,CHC,LAD,line_drive,3,2,2,9,158,98.6,9
FC,2026-08-08,"Nootbaar, Lars",field_out,hit_into_play,L,R,AZ,LAD,line_drive,2,2,0,6,157,107.8,7
SI,2026-08-02,"Young, Jared",double,hit_into_play,L,R,NYM,MIA,line_drive,3,2,0,7,157,109.8,6
CU,2026-08-06,"Harper, Bryce",field_out,hit_into_play,L,R,PHI,WSH,line_drive,0,0,2,6,156,102.2,9
SI,2026-08-03,"Arenado, Nolan",single,hit_into_play,R,L,AZ,SD,ground_ball,2,1,0,8,154,101.6,7
SI,2026-08-03,"Bogaerts, Xander",single,hit_into_play,R,R,AZ,SD,line_drive,0,0,0,3,152,102.2,9
CH,2026-08-03,"Del Castillo, Adrian",single,hit_into_play,L,R,AZ,SD,line_drive,1,2,1,4,152,97.3,10
FF,2026-08-06,"Sogard, Nick",force_out,hit_into_play,L,R,BOS,CWS,ground_ball,0,0,2,10,152,98,6
CH,2026-08-03,"McCann, James",double,hit_into_play,R,L,AZ,SD,line_drive,0,1,1,8,152,104.3,8
CH,2026-08-07,"Muncy, Max",field_out,hit_into_play,R,L,BOS,ATH,line_drive,0,2,2,8,151,97.5,9
FF,2026-08-09,"Pages, Andy",double,hit_into_play,R,L,AZ,LAD,line_drive,0,0,2,3,151,106.3,6
CH,2026-08-03,"Freeman, Tyler",single,hit_into_play,R,L,COL,TB,line_drive,0,2,0,5,149,96.3,8
FF,2026-08-09,"Aranda, Jonathan",field_out,hit_into_play,L,R,SEA,TB,line_drive,0,2,2,4,149,96,9
CH,2026-08-08,"Baldwin, Drake",single,hit_into_play,L,R,NYY,ATL,line_drive,0,0,2,3,149,104.9,9
FF,2026-08-04,"Seager, Corey",single,hit_into_play,L,R,TEX,SF,ground_ball,3,2,2,5,149,103,10
SI,2026-08-09,"Young, Jared",single,hit_into_play,L,L,PIT,NYM,ground_ball,3,2,2,4,147,111.8,6
FF,2026-08-09,"Lindor, Francisco",field_out,hit_into_play,L,R,PIT,NYM,popup,0,2,0,3,146,96.3,69
SI,2026-08-04,"Walker, Christian",double,hit_into_play,R,L,HOU,TOR,ground_ball,3,2,0,7,146,110,8
FF,2026-08-08,"Ewing, A.J.",field_out,hit_into_play,L,R,PIT,NYM,line_drive,2,2,0,1,146,96.1,8
FF,2026-08-08,"Vaughn, Andrew",single,hit_into_play,R,R,MIL,MIN,line_drive,2,0,1,4,145,100.6,9
FF,2026-08-04,"Paredes, Isaac",field_out,hit_into_play,R,R,HOU,TOR,line_drive,1,1,2,6,145,95.7,9
CH,2026-08-05,"Burger, Jake",single,hit_into_play,R,L,TEX,SF,line_drive,1,1,2,3,144,95.7,9
SI,2026-08-09,"Holliday, Jackson",double,hit_into_play,L,R,TEX,BAL,line_drive,2,1,1,1,144,103.3,8
FF,2026-08-04,"Perdomo, Geraldo",single,hit_into_play,L,R,AZ,SD,ground_ball,1,2,1,1,142,96.8,7
FF,2026-08-02,"Ohtani, Shohei",single,hit_into_play,L,L,LAD,BOS,line_drive,0,0,0,1,141,106.2,8
SL,2026-08-09,"Bohm, Alec",single,hit_into_play,R,R,PHI,TOR,line_drive,2,2,2,6,141,98.5,7
FF,2026-08-04,"Mullins, Cedric",single,hit_into_play,L,R,COL,TB,line_drive,1,0,0,3,140,96.6,8
SI,2026-08-07,"Young, Jared",field_out,hit_into_play,L,L,PIT,NYM,ground_ball,2,1,1,5,140,103.8,5
CH,2026-08-02,"Sheets, Gavin",field_out,hit_into_play,L,R,SD,SF,ground_ball,2,2,2,3,139,106.9,6
CU,2026-08-05,"Pederson, Joc",single,hit_into_play,L,R,TEX,SF,ground_ball,0,0,0,8,139,103,8
SL,2026-08-08,"Moreno, Gabriel",field_out,hit_into_play,R,R,AZ,LAD,line_drive,3,2,0,9,139,105.9,7
FC,2026-08-08,"Feduccia, Hunter",single,hit_into_play,L,R,AZ,LAD,line_drive,1,2,1,8,139,100.8,7
SL,2026-08-04,"Waldschmidt, Ryan",single,hit_into_play,R,R,AZ,SD,ground_ball,1,2,2,7,138,96,8
KC,2026-08-07,"Harper, Bryce",single,hit_into_play,L,R,PHI,TOR,ground_ball,2,2,2,3,138,99.9,6
FF,2026-08-04,"Clemens, Kody",field_out,hit_into_play,L,R,KC,MIN,ground_ball,3,1,0,8,138,104.9,7
FF,2026-08-04,"Schwarber, Kyle",field_out,hit_into_play,L,R,PHI,WSH,line_drive,2,1,1,4,138,108.1,7
FS,2026-08-04,"Jordan, Blaze",field_out,hit_into_play,R,R,NYY,STL,line_drive,1,2,1,7,137,102,8
ST,2026-08-02,"Duran, Ezequiel",single,hit_into_play,R,R,HOU,TEX,ground_ball,1,0,1,5,136,97.4,8
FC,2026-08-04,"Diaz, Yainer",field_out,hit_into_play,R,R,HOU,TOR,ground_ball,1,0,0,3,136,103.6,8
SI,2026-08-07,"Schwarber, Kyle",double,hit_into_play,L,R,PHI,TOR,ground_ball,1,1,1,3,136,103.8,5
CH,2026-08-07,"Tucker, Kyle",single,hit_into_play,L,R,AZ,LAD,ground_ball,1,2,0,7,135,107.1,7
SI,2026-08-05,"Waldschmidt, Ryan",single,hit_into_play,R,R,AZ,SD,ground_ball,2,0,2,2,135,98.9,7
FC,2026-08-09,"McCray, Grant",field_out,hit_into_play,L,R,SF,DET,line_drive,1,1,0,3,135,107.2,7
CH,2026-08-04,"Herrera, Iván",single,hit_into_play,R,L,NYY,STL,ground_ball,3,2,2,6,135,106.3,6
SL,2026-08-05,"Yelich, Christian",double,hit_into_play,L,R,MIL,PIT,ground_ball,3,1,1,4,134,98.1,9
FS,2026-08-02,"Muncy, Max",single,hit_into_play,L,R,LAD,BOS,ground_ball,0,2,0,7,134,103.5,8
FF,2026-08-04,"Holliday, Jackson",field_out,hit_into_play,L,R,BAL,LAA,popup,1,2,0,4,133,95.2,68
FF,2026-08-07,"Koss, Christian",field_out,hit_into_play,R,R,SF,DET,line_drive,1,2,2,6,132,102.6,6
SI,2026-08-04,"Bogaerts, Xander",field_out,hit_into_play,R,L,AZ,SD,ground_ball,0,0,2,2,132,96.5,6
ST,2026-08-04,"Isbel, Kyle",single,hit_into_play,L,L,KC,MIN,ground_ball,0,1,2,8,132,96.1,6
SL,2026-08-06,"Sánchez, Gary",single,hit_into_play,R,L,MIL,PIT,ground_ball,0,2,2,6,131,98.9,9
FF,2026-08-07,"Lukes, Nathan",single,hit_into_play,L,R,PHI,TOR,ground_ball,1,1,2,4,131,99,8
SL,2026-08-02,"Vaughn, Andrew",field_out,hit_into_play,R,R,LAA,MIL,line_drive,0,1,0,7,129,95.5,9
FF,2026-08-04,"Henderson, Gunnar",force_out,hit_into_play,L,R,BAL,LAA,ground_ball,0,0,1,3,129,105.3,5
FF,2026-08-06,"Duran, Jarren",field_out,hit_into_play,L,R,BOS,CWS,line_drive,1,2,1,6,127,106.6,5
SL,2026-08-09,"Turang, Brice",single,hit_into_play,L,L,MIL,MIN,ground_ball,1,2,0,4,127,100.7,6
CU,2026-08-04,"Siri, Jose",grounded_into_double_play,hit_into_play,R,L,BAL,LAA,ground_ball,1,1,1,2,126,98.5,7
ST,2026-08-02,"Pratt, Cooper",single,hit_into_play,R,R,LAA,MIL,ground_ball,1,2,1,5,126,100.3,7
FC,2026-08-02,"Alvarez, Yordan",double,hit_into_play,L,R,HOU,TEX,line_drive,0,1,0,1,126,108.2,7
CU,2026-08-07,"Murphy, Sean",field_out,hit_into_play,R,L,NYY,ATL,ground_ball,0,0,1,5,125,95.6,8
FS,2026-08-06,"Ballesteros, Moisés",single,hit_into_play,L,R,BAL,LAA,ground_ball,0,2,0,2,124,98.9,5
FF,2026-08-08,"Church, Nathan",field_out,hit_into_play,L,R,STL,COL,ground_ball,0,0,2,5,124,104.7,7
FC,2026-08-02,"Walker, Christian",double,hit_into_play,R,L,HOU,TEX,ground_ball,1,0,0,7,124,102.8,5
FF,2026-08-05,"Wetherholt, JJ",field_out,hit_into_play,L,R,NYY,STL,ground_ball,3,1,2,3,123,105.5,7
FF,2026-08-05,"Neto, Zach",field_out,hit_into_play,R,L,BAL,LAA,line_drive,3,1,2,3,121,101.2,7
SL,2026-08-04,"Chourio, Jackson",single,hit_into_play,R,R,MIL,PIT,ground_ball,2,1,2,4,121,99.8,6
SI,2026-08-02,"Rogers, Jake",single,hit_into_play,R,L,BAL,PHI,ground_ball,1,0,2,5,120,96.5,8
FF,2026-08-09,"Bogaerts, Xander",field_out,hit_into_play,R,R,SD,HOU,ground_ball,1,2,0,6,119,100.9,6
CH,2026-08-09,"Trammell, Taylor",single,hit_into_play,L,R,SD,HOU,ground_ball,1,1,1,2,118,105.9,6
CU,2026-08-05,"Peña, Jeremy",field_out,hit_into_play,R,R,HOU,TOR,ground_ball,0,2,0,1,118,107.2,5
SL,2026-08-02,"Ramos, Heliot",single,hit_into_play,R,R,SD,SF,ground_ball,2,2,2,5,118,108.6,6
SI,2026-08-04,"Langford, Wyatt",field_out,hit_into_play,R,R,TEX,SF,ground_ball,0,1,0,3,118,105.7,6
KC,2026-08-07,"Walker, Christian",field_out,hit_into_play,R,L,SD,HOU,ground_ball,0,0,0,5,117,108.6,6
FF,2026-08-05,"Rave, John",grounded_into_double_play,hit_into_play,L,R,KC,MIN,ground_ball,1,0,0,3,115,99.8,5
SI,2026-08-08,"Tawa, Tim",single,hit_into_play,R,R,AZ,LAD,fly_ball,2,2,0,5,115,104.1,4
FF,2026-08-06,"Caglianone, Jac",field_out,hit_into_play,L,R,KC,MIN,ground_ball,2,0,0,6,115,114.1,5
SI,2026-08-05,"Tovar, Ezequiel",single,hit_into_play,R,R,COL,TB,line_drive,1,0,0,3,115,97.4,6
FF,2026-08-07,"Turang, Brice",single,hit_into_play,L,R,MIL,MIN,ground_ball,1,2,0,5,114,104.1,6
FF,2026-08-04,"Albies, Ozzie",field_out,hit_into_play,L,R,ATL,MIA,popup,3,2,1,4,114,99.6,71
KC,2026-08-03,"Smith, Cam",single,hit_into_play,R,R,HOU,TOR,ground_ball,0,0,2,2,114,109.9,4
CH,2026-08-04,"Neto, Zach",single,hit_into_play,R,L,BAL,LAA,ground_ball,1,1,0,3,114,100.6,7
FF,2026-08-04,"Seager, Corey",single,hit_into_play,L,R,TEX,SF,line_drive,3,2,1,1,113,108,7
SL,2026-08-09,"Tawa, Tim",force_out,hit_into_play,R,L,AZ,LAD,ground_ball,0,1,2,1,113,102.6,6
SI,2026-08-06,"Lee, Brooks",double_play,hit_into_play,L,R,KC,MIN,line_drive,2,0,1,2,113,103.3,6
FF,2026-08-08,"Albies, Ozzie",field_out,hit_into_play,L,R,NYY,ATL,ground_ball,2,1,2,4,111,95,7
FF,2026-08-02,"Burleson, Alec",single,hit_into_play,L,R,TOR,STL,ground_ball,2,2,1,6,111,104.5,6
SL,2026-08-04,"Soderstrom, Tyler",field_out,hit_into_play,L,R,CIN,ATH,ground_ball,3,2,2,5,111,95.5,6
ST,2026-08-04,"Torrens, Luis",single,hit_into_play,R,R,CLE,NYM,ground_ball,1,2,2,6,110,104.2,6
CH,2026-08-07,"Castro, Willi",single,hit_into_play,L,R,STL,COL,ground_ball,0,1,0,2,110,104.8,5
FF,2026-08-04,"Peña, Jeremy",field_out,hit_into_play,R,R,HOU,TOR,ground_ball,1,2,0,6,109,98.4,5
SI,2026-08-06,"Machado, Manny",field_out,hit_into_play,R,R,AZ,SD,ground_ball,1,1,1,9,108,102.3,4
CH,2026-08-04,"France, Ty",field_out,hit_into_play,R,L,AZ,SD,ground_ball,3,2,1,1,108,102.2,6
CH,2026-08-09,"Tolbert, Tyler",field_out,hit_into_play,R,L,KC,CHC,line_drive,1,1,0,3,108,96.8,6
KC,2026-08-02,"Nootbaar, Lars",field_error,hit_into_play,L,R,TOR,STL,ground_ball,3,2,2,9,107,99,6
CU,2026-08-06,"Siri, Jose",single,hit_into_play,R,R,BAL,LAA,ground_ball,0,2,0,4,107,101.9,6
FC,2026-08-09,"Bolte, Henry",double,hit_into_play,R,R,BOS,ATH,ground_ball,0,0,1,3,106,113.2,4
SI,2026-08-06,"Durbin, Caleb",single,hit_into_play,R,R,BOS,CWS,ground_ball,1,1,1,13,105,103.4,5
FF,2026-08-07,"Rafaela, Ceddanne",single,hit_into_play,R,R,BOS,ATH,ground_ball,1,2,1,7,104,95.7,5
SI,2026-08-08,"Massey, Michael",single,hit_into_play,L,R,KC,CHC,ground_ball,1,1,0,2,103,106.1,5
FF,2026-08-06,"Ornelas, Jonathan",single,hit_into_play,R,L,CIN,ATH,ground_ball,0,0,2,7,102,103.6,3
SI,2026-08-09,"Cowser, Colton",force_out,hit_into_play,L,L,TEX,BAL,ground_ball,3,2,0,7,102,105.2,4
CU,2026-08-03,"De La Cruz, Bryan",grounded_into_double_play,hit_into_play,R,L,PHI,WSH,ground_ball,0,1,0,2,102,103.1,5
SI,2026-08-02,"Jordan, Blaze",single,hit_into_play,R,R,TOR,STL,ground_ball,2,0,0,8,102,105.1,4
CH,2026-08-04,"Herrera, Iván",field_out,hit_into_play,R,L,NYY,STL,ground_ball,1,2,0,4,102,107.5,6
FF,2026-08-09,"Winn, Masyn",single,hit_into_play,R,R,STL,COL,ground_ball,3,2,0,8,101,104.1,4
CH,2026-08-08,"Freeman, Tyler",force_out,hit_into_play,R,L,STL,COL,ground_ball,2,1,2,2,101,99.5,5
FF,2026-08-02,"Simpson, Chandler",single,hit_into_play,L,L,TB,CWS,ground_ball,0,0,2,6,101,95.7,3
FC,2026-08-02,"Hernández, Teoscar",field_out,hit_into_play,R,R,LAD,BOS,ground_ball,2,2,2,6,101,98.1,5
SL,2026-08-05,"Dubón, Mauricio",single,hit_into_play,R,R,ATL,MIA,ground_ball,2,2,2,3,101,100,5
FF,2026-08-03,"Freeman, Freddie",field_out,hit_into_play,L,L,CHC,LAD,ground_ball,0,0,2,5,100,101,6
CH,2026-08-04,"Sánchez, Jesús",field_out,hit_into_play,L,R,HOU,TOR,line_drive,1,1,1,2,100,106.4,5
FF,2026-08-05,"Meckler, Wade",single,hit_into_play,L,R,BAL,LAA,ground_ball,1,1,2,7,99,98,4
FC,2026-08-05,"Duran, Jarren",double,hit_into_play,L,R,BOS,CWS,ground_ball,2,1,1,4,99,111.4,4
FF,2026-08-05,"Henderson, Gunnar",single,hit_into_play,L,L,BAL,LAA,ground_ball,2,0,2,1,98,105.1,4
SL,2026-08-06,"Roden, Alan",field_out,hit_into_play,L,R,KC,MIN,ground_ball,0,1,1,7,98,101.9,4
KC,2026-08-04,"Isbel, Kyle",single,hit_into_play,L,R,KC,MIN,ground_ball,0,2,1,5,98,104.2,2
SI,2026-08-09,"Harris II, Michael",single,hit_into_play,L,R,NYY,ATL,ground_ball,2,2,0,10,97,107,3
FC,2026-08-08,"Jeffers, Ryan",single,hit_into_play,R,L,MIL,MIN,ground_ball,0,1,1,1,97,102.1,4
SV,2026-08-05,"Abreu, Wilyer",double_play,hit_into_play,L,L,BOS,CWS,line_drive,2,1,1,5,96,96.2,5
FC,2026-08-04,"Merrill, Jackson",single,hit_into_play,L,L,AZ,SD,ground_ball,3,2,2,2,96,103.5,4
SL,2026-08-04,"Church, Nathan",field_out,hit_into_play,L,L,NYY,STL,ground_ball,0,0,2,7,95,105.4,4
FC,2026-08-06,"Moreno, Gabriel",double,hit_into_play,R,R,AZ,SD,ground_ball,2,1,2,1,95,107.8,4
ST,2026-08-02,"Lee, Brooks",double_play,hit_into_play,L,R,SEA,MIN,line_drive,1,1,0,2,95,96.4,6
SI,2026-08-04,"Larnach, Trevor",field_out,hit_into_play,L,R,KC,MIN,ground_ball,3,2,0,1,95,106.4,4
FF,2026-08-04,"Tatis Jr., Fernando",double,hit_into_play,R,L,AZ,SD,ground_ball,2,0,0,1,94,105.5,4
FS,2026-08-06,"Giménez, Andrés",single,hit_into_play,L,R,CHC,TOR,ground_ball,0,1,0,7,94,103.1,5
ST,2026-08-04,"Riley, Austin",single,hit_into_play,R,R,ATL,MIA,ground_ball,0,0,1,5,93,99.6,5
CH,2026-08-09,"Rafaela, Ceddanne",field_out,hit_into_play,R,R,BOS,ATH,ground_ball,0,1,1,3,93,104.2,4
FF,2026-08-06,"Abreu, Wilyer",force_out,hit_into_play,L,R,BOS,CWS,ground_ball,0,0,1,7,92,105.3,3
FF,2026-08-08,"Baldwin, Drake",field_out,hit_into_play,L,R,NYY,ATL,ground_ball,3,2,0,1,91,104.8,4
SI,2026-08-06,"Chourio, Jackson",field_out,hit_into_play,R,R,MIL,PIT,ground_ball,0,1,2,3,91,99.4,4
SL,2026-08-02,"Guerrero Jr., Vladimir",field_out,hit_into_play,R,R,TOR,STL,ground_ball,1,1,2,8,91,108,3
CU,2026-08-09,"Freeman, Freddie",field_out,hit_into_play,L,L,AZ,LAD,ground_ball,0,0,2,3,90,96.2,4
SI,2026-08-08,"Pederson, Joc",field_out,hit_into_play,L,R,TEX,BAL,ground_ball,1,2,2,5,90,104.5,4
FF,2026-08-08,"Pache, Cristian",field_out,hit_into_play,R,R,PIT,NYM,ground_ball,2,2,2,9,89,99.8,3
FF,2026-08-09,"Taveras, Leody",single,hit_into_play,L,R,TEX,BAL,line_drive,3,1,0,9,88,108.3,3
FF,2026-08-08,"Altuve, Jose",single,hit_into_play,R,R,SD,HOU,ground_ball,0,1,2,1,88,98.4,5
SI,2026-08-09,"Walker, Jordan",single,hit_into_play,R,R,STL,COL,ground_ball,2,1,0,5,85,114.6,2
CH,2026-08-04,"Jordan, Blaze",grounded_into_double_play,hit_into_play,R,L,NYY,STL,ground_ball,0,0,1,2,85,98.2,5
FC,2026-08-02,"Baldwin, Drake",grounded_into_double_play,hit_into_play,L,R,ATL,WSH,ground_ball,3,0,1,5,84,107.9,4
SI,2026-08-05,"Karros, Kyle",field_out,hit_into_play,R,R,COL,TB,ground_ball,2,1,0,2,84,107.5,4
FF,2026-08-07,"Goodman, Hunter",field_out,hit_into_play,R,R,STL,COL,ground_ball,1,0,1,8,84,107.2,4
CU,2026-08-04,"Alvarez, Francisco",single,hit_into_play,R,L,CLE,NYM,ground_ball,1,2,0,5,82,102.7,4
SL,2026-08-07,"Yelich, Christian",field_out,hit_into_play,L,R,MIL,MIN,ground_ball,1,0,0,4,82,102.7,3
SL,2026-08-03,"Yelich, Christian",grounded_into_double_play,hit_into_play,L,R,MIL,PIT,ground_ball,0,0,1,1,82,105.7,3
FF,2026-08-05,"Devers, Rafael",single,hit_into_play,L,L,TEX,SF,ground_ball,0,2,0,4,81,100.1,3
FC,2026-08-05,"Jeffers, Ryan",single,hit_into_play,R,L,KC,MIN,ground_ball,2,2,1,1,81,101.7,3
FS,2026-08-03,"Devers, Rafael",field_out,hit_into_play,L,R,TEX,SF,ground_ball,0,1,2,3,81,107.3,4
CH,2026-08-03,"Wetherholt, JJ",single,hit_into_play,L,R,NYY,STL,ground_ball,0,2,0,8,80,96.8,4
SL,2026-08-07,"Tatis Jr., Fernando",field_out,hit_into_play,R,L,SD,HOU,ground_ball,3,2,2,9,79,100.5,3
SL,2026-08-07,"Tatis Jr., Fernando",single,hit_into_play,R,L,SD,HOU,ground_ball,1,1,2,7,78,107.7,3
SL,2026-08-09,"Ewing, A.J.",field_out,hit_into_play,L,R,PIT,NYM,ground_ball,0,0,0,9,76,100.3,2
CH,2026-08-05,"Waldschmidt, Ryan",single,hit_into_play,R,L,AZ,SD,ground_ball,0,1,2,7,76,98.3,3
SL,2026-08-04,"Kirk, Alejandro",fielders_choice,hit_into_play,R,R,HOU,TOR,ground_ball,0,1,1,9,76,101,3
FC,2026-08-07,"Benge, Carson",single,hit_into_play,L,R,PIT,NYM,ground_ball,1,1,2,3,76,97.6,4
FC,2026-08-07,"Springer, George",single,hit_into_play,R,R,PHI,TOR,ground_ball,0,1,2,9,75,100.6,3
FC,2026-08-06,"Neto, Zach",field_out,hit_into_play,R,R,BAL,LAA,ground_ball,2,0,2,9,75,100.7,4
CU,2026-08-06,"Baldwin, Drake",single,hit_into_play,L,R,ATL,MIA,ground_ball,0,0,2,3,74,106.2,3
FF,2026-08-05,"Arraez, Luis",grounded_into_double_play,hit_into_play,L,L,PHI,WSH,ground_ball,0,0,1,6,74,95.3,3
SI,2026-08-05,"Vaughn, Andrew",field_out,hit_into_play,R,R,MIL,PIT,ground_ball,0,1,1,2,73,102.4,2
CU,2026-08-04,"Bichette, Bo",single,hit_into_play,R,L,CLE,NYM,ground_ball,3,1,2,1,72,106.2,2
CU,2026-08-04,"Lee, Jung Hoo",field_out,hit_into_play,L,L,TEX,SF,ground_ball,1,2,1,1,72,100.6,2
SI,2026-08-05,"Baldwin, Drake",single,hit_into_play,L,R,ATL,MIA,ground_ball,1,1,2,2,72,95,4
KC,2026-08-07,"Alvarez, Yordan",single,hit_into_play,L,L,SD,HOU,ground_ball,2,1,1,4,72,106.9,3
CH,2026-08-06,"Machado, Manny",grounded_into_double_play,hit_into_play,R,L,AZ,SD,ground_ball,1,1,0,1,72,99.5,2
FF,2026-08-06,"Semien, Marcus",double,hit_into_play,R,R,CLE,NYM,ground_ball,2,2,1,5,72,99.8,2
SI,2026-08-09,"Vilade, Ryan",field_out,hit_into_play,R,L,SEA,TB,ground_ball,0,0,2,5,71,101.3,2
CH,2026-08-08,"Devers, Rafael",grounded_into_double_play,hit_into_play,L,R,SF,DET,ground_ball,1,2,1,4,71,101,3
CH,2026-08-04,"Cowser, Colton",single,hit_into_play,L,R,BAL,LAA,ground_ball,2,2,0,3,70,98.1,2
FF,2026-08-07,"Perez, Salvador",single,hit_into_play,R,R,KC,CHC,line_drive,1,1,2,1,70,106.2,2
ST,2026-08-05,"Simpson, Chandler",force_out,hit_into_play,L,L,COL,TB,ground_ball,1,2,0,6,69,100.4,1
SI,2026-08-07,"Okamoto, Kazuma",field_out,hit_into_play,R,R,PHI,TOR,popup,2,0,1,5,68,99.4,78
FF,2026-08-05,"Marsh, Brandon",single,hit_into_play,L,R,PHI,WSH,ground_ball,1,0,0,7,68,105.5,2
SI,2026-08-04,"Vilade, Ryan",field_out,hit_into_play,R,L,COL,TB,ground_ball,3,2,1,6,67,101.7,1
CH,2026-08-03,"Diaz, Yainer",single,hit_into_play,R,R,HOU,TOR,ground_ball,0,0,2,6,67,101.3,2
FF,2026-08-04,"Edman, Tommy",field_out,hit_into_play,L,R,CHC,LAD,ground_ball,0,1,1,5,67,95.8,1
SI,2026-08-09,"Marsh, Brandon",single,hit_into_play,L,R,PHI,TOR,ground_ball,0,0,1,8,67,102.2,3
FF,2026-08-09,"Susac, Daniel",field_out,hit_into_play,R,R,SF,DET,ground_ball,0,1,2,2,67,97.2,2
FF,2026-08-07,"Wetherholt, JJ",field_out,hit_into_play,L,R,STL,COL,ground_ball,1,1,0,1,66,98.1,3
SI,2026-08-04,"Betts, Mookie",grounded_into_double_play,hit_into_play,R,R,CHC,LAD,ground_ball,0,0,0,2,66,95.4,3
ST,2026-08-09,"Clement, Ernie",force_out,hit_into_play,R,L,PHI,TOR,ground_ball,0,1,2,4,66,101.1,2
FC,2026-08-03,"Rengifo, Luis",single,hit_into_play,L,R,AZ,SD,ground_ball,3,1,2,7,65,96.1,2
FF,2026-08-02,"Chourio, Jackson",single,hit_into_play,R,R,LAA,MIL,ground_ball,0,1,0,6,65,106,2
FC,2026-08-07,"Beck, Jordan",single,hit_into_play,R,L,STL,COL,ground_ball,0,0,1,7,64,108.5,2
ST,2026-08-09,"Peña, Jeremy",field_out,hit_into_play,R,R,SD,HOU,ground_ball,0,0,1,3,64,105,2
SI,2026-08-05,"Burleson, Alec",field_out,hit_into_play,L,L,NYY,STL,ground_ball,0,0,0,8,63,96.5,2
SI,2026-08-04,"Perdomo, Geraldo",single,hit_into_play,L,R,AZ,SD,ground_ball,2,2,0,4,63,95.3,2
SL,2026-08-07,"McCarthy, Jake",double,hit_into_play,L,R,STL,COL,ground_ball,2,1,0,1,63,110.4,2
FF,2026-08-09,"Caratini, Victor",single,hit_into_play,L,R,MIL,MIN,ground_ball,1,2,1,5,62,96.8,1
SL,2026-08-04,"Butler, Lawrence",force_out,hit_into_play,L,R,CIN,ATH,ground_ball,2,1,1,5,62,98,2
FF,2026-08-06,"Soderstrom, Tyler",single,hit_into_play,L,L,CIN,ATH,ground_ball,0,1,0,4,62,105.2,1
FF,2026-08-06,"White, Tommy",single,hit_into_play,R,L,CIN,ATH,ground_ball,1,0,1,1,61,102.9,1
ST,2026-08-03,"Waldschmidt, Ryan",field_out,hit_into_play,R,R,AZ,SD,ground_ball,3,2,2,2,61,99.1,2
FF,2026-08-05,"Jackson, Jeremiah",field_out,hit_into_play,R,L,BAL,LAA,ground_ball,2,2,0,3,60,103.1,1
FC,2026-08-03,"Merrill, Jackson",single,hit_into_play,L,R,AZ,SD,ground_ball,1,1,1,2,60,98.5,1
CU,2026-08-05,"Altuve, Jose",single,hit_into_play,R,R,HOU,TOR,ground_ball,1,2,1,1,59,96.7,3
ST,2026-08-03,"Springer, George",single,hit_into_play,R,R,HOU,TOR,ground_ball,1,2,0,4,58,100.3,1
SL,2026-08-09,"Burleson, Alec",force_out,hit_into_play,L,R,STL,COL,ground_ball,3,2,0,1,58,107.3,2
SL,2026-08-04,"Eldridge, Bryce",single,hit_into_play,L,L,TEX,SF,ground_ball,2,2,1,9,57,96.7,2
CH,2026-08-05,"Foscue, Justin",force_out,hit_into_play,R,L,TEX,SF,ground_ball,1,1,2,1,57,98,1
FF,2026-08-06,"Kepler, Max",single,hit_into_play,L,R,AZ,SD,ground_ball,3,2,2,9,56,106.6,0
SI,2026-08-08,"Jensen, Carter",field_out,hit_into_play,L,R,KC,CHC,ground_ball,0,0,0,1,55,98.3,1
FF,2026-08-09,"Palacios, Richie",single,hit_into_play,L,R,SEA,TB,ground_ball,1,1,1,4,55,97.5,1
FF,2026-08-04,"Aranda, Jonathan",field_out,hit_into_play,L,L,COL,TB,ground_ball,3,2,2,7,55,98,1
SI,2026-08-02,"Soderstrom, Tyler",field_out,hit_into_play,L,R,ATH,DET,line_drive,1,2,1,1,55,105.7,0
CH,2026-08-09,"Freeman, Freddie",grounded_into_double_play,hit_into_play,L,R,AZ,LAD,ground_ball,0,0,0,8,55,103.3,1
CU,2026-08-07,"Clemens, Kody",field_out,hit_into_play,L,R,MIL,MIN,ground_ball,1,2,2,6,55,102.3,1
FF,2026-08-06,"Williams, Alika",field_out,hit_into_play,R,L,CIN,ATH,ground_ball,0,1,0,5,54,96,0
SL,2026-08-08,"Harris II, Michael",field_out,hit_into_play,L,R,NYY,ATL,ground_ball,0,0,0,6,54,101.5,1
SL,2026-08-07,"Carrigg, Cole",grounded_into_double_play,hit_into_play,L,R,STL,COL,ground_ball,0,0,0,3,54,103.5,0
FF,2026-08-09,"Devers, Rafael",single,hit_into_play,L,R,SF,DET,ground_ball,1,1,0,4,54,108.4,0
SI,2026-08-07,"Kreidler, Ryan",single,hit_into_play,R,R,MIL,MIN,ground_ball,1,1,0,8,54,101.4,1
FF,2026-08-02,"Acuña Jr., Ronald",field_out,hit_into_play,R,R,ATL,WSH,ground_ball,0,0,1,8,54,95.8,1
FF,2026-08-06,"Straw, Myles",field_out,hit_into_play,R,R,CHC,TOR,ground_ball,2,2,2,11,54,97.4,0
SI,2026-08-06,"Martin, Austin",single,hit_into_play,R,R,KC,MIN,ground_ball,1,0,0,9,54,97.1,1
SI,2026-08-05,"Pages, Andy",single,hit_into_play,R,L,CHC,LAD,ground_ball,0,0,1,3,51,98.9,0
KC,2026-08-08,"Fermín, José",double,hit_into_play,R,L,STL,COL,ground_ball,3,2,2,1,51,99.1,0
FF,2026-08-05,"Lukes, Nathan",field_out,hit_into_play,L,R,HOU,TOR,ground_ball,0,0,1,6,51,99,0
FF,2026-08-06,"White, Tommy",force_out,hit_into_play,R,L,CIN,ATH,ground_ball,0,0,2,5,51,103.8,0
SI,2026-08-08,"Wynns, Austin",single,hit_into_play,R,R,TEX,BAL,ground_ball,2,2,1,5,51,99.7,0
SI,2026-08-03,"Carter, Evan",field_out,hit_into_play,L,R,TEX,SF,ground_ball,1,2,0,2,50,104.3,0
SI,2026-08-04,"Bell, Josh",field_out,hit_into_play,L,R,KC,MIN,ground_ball,0,2,2,1,50,99.6,0
FC,2026-08-04,"Rengifo, Luis",fielders_choice,hit_into_play,R,L,AZ,SD,ground_ball,0,0,1,2,50,102.4,1
CU,2026-08-05,"Clemens, Kody",force_out,hit_into_play,L,L,KC,MIN,ground_ball,0,1,2,1,50,101.2,0
SL,2026-08-09,"Beavers, Dylan",single,hit_into_play,L,R,TEX,BAL,ground_ball,1,1,2,1,50,96.5,0
FC,2026-08-04,"Ewing, A.J.",single,hit_into_play,L,L,CLE,NYM,ground_ball,0,0,1,4,49,101,0
KC,2026-08-02,"Roden, Alan",field_out,hit_into_play,L,R,SEA,MIN,ground_ball,1,1,1,7,49,101.2,1
FC,2026-08-08,"Herrera, Iván",field_out,hit_into_play,R,L,STL,COL,ground_ball,1,1,1,8,49,104,0
SI,2026-08-02,"Cronenworth, Jake",single,hit_into_play,L,R,SD,SF,ground_ball,3,2,2,2,47,101.5,-1
FF,2026-08-05,"Lukes, Nathan",single,hit_into_play,L,L,HOU,TOR,ground_ball,0,0,2,10,47,95.8,-1
FF,2026-08-04,"Harper, Bryce",field_out,hit_into_play,L,R,PHI,WSH,ground_ball,0,2,0,5,46,105.9,-2
FF,2026-08-09,"Monasterio, Andruw",field_out,hit_into_play,R,R,BOS,ATH,ground_ball,2,1,2,5,46,106.2,0
SI,2026-08-09,"Herrera, Iván",single,hit_into_play,R,R,STL,COL,ground_ball,0,0,0,3,45,96.7,-1
FF,2026-08-09,"Riley, Austin",field_out,hit_into_play,R,R,NYY,ATL,popup,3,1,0,6,45,95.2,87
SI,2026-08-09,"Acuña Jr., Ronald",field_out,hit_into_play,R,R,NYY,ATL,ground_ball,0,0,1,9,44,102.5,1
FC,2026-08-02,"Tolbert, Tyler",field_out,hit_into_play,R,L,COL,KC,ground_ball,0,1,1,4,44,103.9,0
SL,2026-08-09,"Stott, Bryson",single,hit_into_play,L,R,PHI,TOR,ground_ball,2,2,2,2,43,95.9,-1
SI,2026-08-05,"Jordan, Blaze",single,hit_into_play,R,R,NYY,STL,ground_ball,0,0,0,5,43,107.2,-2
FF,2026-08-06,"Dubón, Mauricio",single,hit_into_play,R,R,ATL,MIA,ground_ball,1,1,0,7,43,99.5,-2
FS,2026-08-07,"Massey, Michael",field_out,hit_into_play,L,R,KC,CHC,ground_ball,2,2,0,2,43,98.4,-1
FF,2026-08-05,"Díaz, Elias",double,hit_into_play,R,L,TEX,SF,ground_ball,1,1,2,3,42,96.5,-1
FC,2026-08-03,"Karros, Kyle",single,hit_into_play,R,R,COL,TB,ground_ball,3,2,1,7,42,105.1,-1
SL,2026-08-03,"Chourio, Jackson",field_out,hit_into_play,R,R,MIL,PIT,ground_ball,2,2,0,4,42,100.4,0
FF,2026-08-05,"Yoshida, Masataka",field_out,hit_into_play,L,R,BOS,CWS,ground_ball,0,0,2,1,41,98.7,-3
FF,2026-08-04,"Smith, Dominic",field_out,hit_into_play,L,R,ATL,MIA,ground_ball,0,2,0,5,41,99,-1
CH,2026-08-05,"McCarthy, Jake",force_out,hit_into_play,L,R,COL,TB,ground_ball,1,2,1,3,40,99,-2
FC,2026-08-03,"Díaz, Yandy",field_out,hit_into_play,R,R,COL,TB,ground_ball,0,2,0,1,39,109.3,-2
SL,2026-08-06,"Tawa, Tim",single,hit_into_play,R,R,AZ,SD,ground_ball,0,0,1,4,39,101.7,-2
SI,2026-08-08,"Eldridge, Bryce",field_out,hit_into_play,L,L,SF,DET,ground_ball,1,0,2,6,39,107.4,-2
FF,2026-08-03,"Seager, Corey",field_out,hit_into_play,L,R,TEX,SF,ground_ball,2,2,2,5,38,100.2,-2
FF,2026-08-03,"Pederson, Joc",single,hit_into_play,L,R,TEX,SF,ground_ball,2,2,0,3,38,101.1,-3
SI,2026-08-05,"Walker, Christian",single,hit_into_play,R,R,HOU,TOR,ground_ball,1,1,0,6,38,108.3,-1
FS,2026-08-03,"Osuna, Alejandro",field_out,hit_into_play,L,R,TEX,SF,ground_ball,1,0,0,7,38,100.3,-2
FF,2026-08-02,"Jeffers, Ryan",field_out,hit_into_play,R,R,SEA,MIN,ground_ball,0,2,0,6,38,99.6,-3
FF,2026-08-04,"McCarthy, Jake",field_out,hit_into_play,L,R,COL,TB,ground_ball,1,0,1,7,37,103.9,-2
SL,2026-08-09,"Bichette, Bo",single,hit_into_play,R,R,PIT,NYM,ground_ball,0,1,1,9,37,102.4,-2
FS,2026-08-04,"Stott, Bryson",field_out,hit_into_play,L,R,PHI,WSH,ground_ball,0,1,2,3,37,101.4,-2
FC,2026-08-02,"Lindor, Francisco",field_out,hit_into_play,L,R,NYM,MIA,ground_ball,1,2,2,3,37,96.7,-2
FF,2026-08-04,"Tovar, Ezequiel",field_out,hit_into_play,R,R,COL,TB,ground_ball,1,1,1,4,37,100,0
SL,2026-08-04,"Bolte, Henry",field_out,hit_into_play,R,R,CIN,ATH,ground_ball,1,1,0,3,37,101.8,-2
FC,2026-08-06,"Marte, Ketel",single,hit_into_play,L,R,AZ,SD,ground_ball,0,0,2,3,37,100.2,-2
SI,2026-08-04,"Jeffers, Ryan",field_out,hit_into_play,R,R,KC,MIN,ground_ball,1,2,1,1,36,99.1,-2
SI,2026-08-02,"Okamoto, Kazuma",field_out,hit_into_play,R,R,TOR,STL,ground_ball,2,1,0,7,35,103.6,-2
FF,2026-08-09,"Lindor, Francisco",field_out,hit_into_play,L,R,PIT,NYM,ground_ball,1,0,1,5,35,95.5,-2
SI,2026-08-03,"Stubbs, Garrett",field_out,hit_into_play,L,L,PHI,WSH,ground_ball,2,1,1,7,35,97.6,-1
ST,2026-08-07,"Peraza, Oswald",single,hit_into_play,R,R,MIA,LAA,ground_ball,0,2,2,4,35,98.5,-2
FC,2026-08-04,"Turang, Brice",single,hit_into_play,L,R,MIL,PIT,ground_ball,0,0,0,6,35,100.4,0
ST,2026-08-02,"Alonso, Pete",single,hit_into_play,R,R,BAL,PHI,ground_ball,3,2,1,1,34,103.6,-1
CH,2026-08-08,"Sánchez, Jesús",single,hit_into_play,L,R,PHI,TOR,ground_ball,1,0,0,6,34,104.8,-1
KC,2026-08-05,"Duran, Jarren",field_out,hit_into_play,L,R,BOS,CWS,ground_ball,0,1,1,2,34,103.3,-2
SI,2026-08-04,"Bohm, Alec",single,hit_into_play,R,R,PHI,WSH,ground_ball,0,1,0,8,34,95.4,-1
FF,2026-08-02,"Jordan, Blaze",force_out,hit_into_play,R,R,TOR,STL,ground_ball,1,2,1,9,33,97.2,-4
FF,2026-08-05,"Devers, Rafael",single,hit_into_play,L,L,TEX,SF,ground_ball,1,1,2,1,33,106.2,-3
SL,2026-08-04,"Larnach, Trevor",field_out,hit_into_play,L,R,KC,MIN,ground_ball,2,2,1,3,32,107.4,-2
CH,2026-08-06,"White, Tommy",single,hit_into_play,R,L,CIN,ATH,ground_ball,0,1,0,4,32,97.2,-2
SL,2026-08-03,"Mitchell, Garrett",field_out,hit_into_play,L,R,MIL,PIT,ground_ball,1,0,2,2,32,109.2,-2
SI,2026-08-02,"Simpson, Chandler",single,hit_into_play,L,L,TB,CWS,ground_ball,0,1,1,4,32,99.7,-2
CU,2026-08-04,"Bogaerts, Xander",single,hit_into_play,R,L,AZ,SD,ground_ball,0,0,2,1,31,104.6,-3
SI,2026-08-04,"Lee, Jung Hoo",field_out,hit_into_play,L,L,TEX,SF,ground_ball,2,1,1,5,31,98.8,-3
FC,2026-08-07,"Yoshida, Masataka",single,hit_into_play,L,R,BOS,ATH,ground_ball,3,2,0,3,31,105.2,-3
SI,2026-08-09,"Lindor, Francisco",field_out,hit_into_play,R,L,PIT,NYM,ground_ball,2,1,0,7,31,99,-4
CH,2026-08-07,"Clemens, Kody",field_out,hit_into_play,L,R,MIL,MIN,ground_ball,0,0,1,9,31,99.9,-2
SI,2026-08-09,"Bolte, Henry",single,hit_into_play,R,L,BOS,ATH,ground_ball,0,0,0,1,31,106.1,-3
SI,2026-08-04,"Fermín, José",field_out,hit_into_play,R,L,NYY,STL,ground_ball,2,1,1,4,31,100.5,-3
SL,2026-08-06,"Turner, Trea",single,hit_into_play,R,R,PHI,WSH,ground_ball,0,1,1,1,31,95.2,-2
FF,2026-08-03,"Song, Sung-Mun",single,hit_into_play,L,R,AZ,SD,ground_ball,3,2,0,8,30,102.4,-3
FC,2026-08-08,"Beck, Jordan",single,hit_into_play,R,L,STL,COL,ground_ball,1,1,2,2,30,100.5,-4
FF,2026-08-08,"Lukes, Nathan",single,hit_into_play,L,R,PHI,TOR,ground_ball,1,2,0,3,30,99,-2
FF,2026-08-06,"Sheets, Gavin",field_out,hit_into_play,L,L,AZ,SD,ground_ball,2,1,2,7,30,103.2,-5
FF,2026-08-05,"Basabe, Osleivis",field_out,hit_into_play,R,L,TEX,SF,ground_ball,2,2,0,6,29,101.4,-2
FC,2026-08-09,"Díaz, Yandy",single,hit_into_play,R,R,SEA,TB,ground_ball,2,2,2,4,29,110,-4
SI,2026-08-07,"Semien, Marcus",field_out,hit_into_play,R,R,PIT,NYM,ground_ball,3,2,2,1,29,102.1,-3
CH,2026-08-06,"Ballesteros, Moisés",field_out,hit_into_play,L,R,BAL,LAA,ground_ball,1,0,0,8,29,97.9,-3
CH,2026-08-02,"Bell, Josh",field_out,hit_into_play,L,R,SEA,MIN,ground_ball,0,1,2,3,29,102.2,-3
CH,2026-08-02,"Abreu, Wilyer",single,hit_into_play,L,R,LAD,BOS,ground_ball,1,2,1,1,29,100.9,-3
SI,2026-08-05,"Dubón, Mauricio",single,hit_into_play,R,R,ATL,MIA,ground_ball,1,0,0,2,29,98.4,-1
SI,2026-08-08,"Hernández, Teoscar",single,hit_into_play,R,R,AZ,LAD,ground_ball,1,2,1,8,29,104.4,-2
SI,2026-08-06,"Abreu, Wilyer",single,hit_into_play,L,R,BOS,CWS,ground_ball,2,2,2,9,29,100.7,0
SI,2026-08-09,"Duran, Jarren",grounded_into_double_play,hit_into_play,L,R,BOS,ATH,ground_ball,1,0,1,4,28,105.3,-3
CH,2026-08-03,"Castro, Willi",single,hit_into_play,L,R,COL,TB,ground_ball,1,2,2,9,28,100.6,-3
CH,2026-08-08,"Lewis, Royce",single,hit_into_play,R,L,MIL,MIN,ground_ball,0,2,0,5,28,97.9,-3
FS,2026-08-07,"Collins, Isaac",field_out,hit_into_play,L,R,KC,CHC,ground_ball,1,0,0,4,28,101.2,-3
CH,2026-08-08,"Holliday, Jackson",double,hit_into_play,L,R,TEX,BAL,ground_ball,1,1,2,6,27,96.6,-3
FF,2026-08-07,"Campusano, Luis",single,hit_into_play,R,R,SD,HOU,ground_ball,2,1,2,6,27,102,-4
SL,2026-08-05,"Ballesteros, Moisés",field_out,hit_into_play,L,R,BAL,LAA,ground_ball,2,2,1,7,27,104,-4
SI,2026-08-08,"Rumfield, TJ",single,hit_into_play,L,L,STL,COL,ground_ball,2,1,2,5,26,95.2,-4
FF,2026-08-08,"Merrill, Jackson",force_out,hit_into_play,L,L,SD,HOU,ground_ball,0,0,1,8,26,100.6,-5
CH,2026-08-04,"Siri, Jose",field_out,hit_into_play,R,L,BAL,LAA,ground_ball,0,1,0,5,26,101.4,-5
CU,2026-08-06,"Lewis, Royce",force_out,hit_into_play,R,R,KC,MIN,ground_ball,0,0,2,9,26,108.2,-4
SI,2026-08-05,"Loftin, Nick",single,hit_into_play,R,R,KC,MIN,ground_ball,3,2,0,3,25,102,-5
FS,2026-08-09,"Holliday, Jackson",grounded_into_double_play,hit_into_play,L,R,TEX,BAL,ground_ball,0,1,0,8,25,96.8,-4
FC,2026-08-05,"Murphy, Sean",single,hit_into_play,R,R,ATL,MIA,ground_ball,0,0,2,6,25,102.3,-4
CH,2026-08-02,"Bolte, Henry",field_out,hit_into_play,R,R,ATH,DET,ground_ball,2,2,0,3,25,100.1,-4
SL,2026-08-05,"Tawa, Tim",single,hit_into_play,R,R,AZ,SD,ground_ball,1,2,2,8,25,105.5,-5
FF,2026-08-07,"Torrens, Luis",field_out,hit_into_play,R,L,PIT,NYM,ground_ball,3,2,1,4,25,95,-7
SL,2026-08-04,"Schwarber, Kyle",field_out,hit_into_play,L,R,PHI,WSH,ground_ball,0,1,0,7,25,108.8,-3
FF,2026-08-08,"Crawford, Justin",field_out,hit_into_play,L,R,PHI,TOR,ground_ball,1,1,0,5,24,102.2,-7
CH,2026-08-02,"Eldridge, Bryce",field_out,hit_into_play,L,R,SD,SF,ground_ball,2,1,1,5,24,97.2,-5
KC,2026-08-03,"Varsho, Daulton",single,hit_into_play,L,R,HOU,TOR,ground_ball,2,2,2,1,24,95.6,-3
SL,2026-08-03,"Bohm, Alec",field_out,hit_into_play,R,R,PHI,WSH,ground_ball,1,0,0,8,24,104.6,-3
FF,2026-08-09,"Perez, Salvador",field_out,hit_into_play,R,L,KC,CHC,ground_ball,2,2,2,6,24,96.1,-6
CU,2026-08-03,"Stott, Bryson",force_out,hit_into_play,L,L,PHI,WSH,ground_ball,2,2,0,5,23,95.7,-5
FF,2026-08-08,"Díaz, Yandy",field_out,hit_into_play,R,R,SEA,TB,ground_ball,3,2,2,3,23,104.5,-5
CH,2026-08-06,"Benge, Carson",field_out,hit_into_play,L,R,CLE,NYM,ground_ball,0,0,0,9,23,101,-7
FF,2026-08-08,"Campusano, Luis",field_out,hit_into_play,R,L,SD,HOU,ground_ball,0,0,2,8,23,96.6,-6
FC,2026-08-09,"Young, Jared",single,hit_into_play,L,R,PIT,NYM,ground_ball,3,1,0,6,23,103.5,-4
CH,2026-08-02,"Bichette, Bo",field_out,hit_into_play,R,R,NYM,MIA,ground_ball,1,2,1,6,23,95.8,-6
SI,2026-08-09,"Robert Jr., Luis",single,hit_into_play,R,L,PIT,NYM,ground_ball,1,0,2,7,23,98.2,-5
SL,2026-08-05,"Waldschmidt, Ryan",single,hit_into_play,R,R,AZ,SD,ground_ball,3,1,1,4,22,104.4,-5
SI,2026-08-04,"Witt Jr., Bobby",single,hit_into_play,R,R,KC,MIN,ground_ball,1,2,1,3,22,101.4,-3
FF,2026-08-03,"Mullins, Cedric",single,hit_into_play,L,R,COL,TB,ground_ball,0,0,0,7,22,104.5,-6
SI,2026-08-03,"Turner, Trea",field_out,hit_into_play,R,L,PHI,WSH,ground_ball,2,0,0,1,22,106.4,-5
SI,2026-08-06,"Realmuto, J.T.",double,hit_into_play,R,R,PHI,WSH,ground_ball,3,2,0,2,22,102.3,-6
FS,2026-08-03,"McCray, Grant",field_out,hit_into_play,L,R,TEX,SF,ground_ball,2,2,2,4,22,96.1,-6
FF,2026-08-02,"Acuña Jr., Ronald",single,hit_into_play,R,R,ATL,WSH,ground_ball,2,2,0,6,22,101.4,-5
SI,2026-08-05,"Jordan, Blaze",grounded_into_double_play,hit_into_play,R,R,NYY,STL,ground_ball,1,1,0,2,22,96.8,-3
FS,2026-08-05,"Carroll, Corbin",single,hit_into_play,L,R,AZ,SD,ground_ball,0,1,0,1,21,101.7,-3
ST,2026-08-06,"Turner, Trea",field_out,hit_into_play,R,R,PHI,WSH,ground_ball,1,2,2,8,21,100.2,-4
FC,2026-08-09,"Hill, Derek",single,hit_into_play,R,R,PHI,TOR,ground_ball,0,1,1,12,21,104.5,-3
SI,2026-08-09,"Moreno, Gabriel",field_out,hit_into_play,R,R,AZ,LAD,ground_ball,2,2,1,7,21,103.4,-6
FF,2026-08-04,"Carroll, Corbin",field_out,hit_into_play,L,R,AZ,SD,ground_ball,2,0,2,7,20,108.8,-5
KC,2026-08-03,"Alvarez, Yordan",single,hit_into_play,L,R,HOU,TOR,ground_ball,0,2,1,1,20,97,-2
FS,2026-08-04,"Crawford, Justin",field_out,hit_into_play,L,R,PHI,WSH,ground_ball,1,0,0,4,20,95.9,-5
SL,2026-08-05,"Bichette, Bo",fielders_choice_out,hit_into_play,R,R,CLE,NYM,ground_ball,1,1,1,8,20,102.5,-7
FF,2026-08-07,"Peraza, Oswald",grounded_into_double_play,hit_into_play,R,R,MIA,LAA,ground_ball,0,0,1,6,20,95.8,-5
SI,2026-08-09,"Carrigg, Cole",field_out,hit_into_play,L,R,STL,COL,ground_ball,2,1,1,9,20,102.9,-8
FF,2026-08-08,"Lee, Jung Hoo",field_out,hit_into_play,L,R,SF,DET,ground_ball,1,1,1,1,20,100.9,-6
FF,2026-08-08,"Cronenworth, Jake",single,hit_into_play,L,R,SD,HOU,ground_ball,1,1,0,1,20,98.4,-5
FF,2026-08-07,"Acuña Jr., Ronald",field_out,hit_into_play,R,L,NYY,ATL,ground_ball,0,0,0,1,20,102.4,-8
SI,2026-08-05,"Tawa, Tim",single,hit_into_play,R,L,AZ,SD,ground_ball,2,2,2,6,19,105.4,-5
CU,2026-08-06,"Turang, Brice",field_out,hit_into_play,L,R,MIL,PIT,ground_ball,0,0,1,3,19,101.2,-5
FF,2026-08-09,"Winn, Masyn",grounded_into_double_play,hit_into_play,R,R,STL,COL,ground_ball,1,0,1,5,19,104.8,-6
FF,2026-08-04,"Seager, Corey",field_out,hit_into_play,L,R,TEX,SF,ground_ball,1,2,1,3,19,95.9,-7
SI,2026-08-07,"Meckler, Wade",field_out,hit_into_play,L,R,MIA,LAA,ground_ball,3,2,0,1,19,98.3,-6
SI,2026-08-08,"Rojas, Josh",single,hit_into_play,L,R,KC,CHC,ground_ball,1,1,1,2,19,104,-4
ST,2026-08-04,"Diaz, Yainer",single,hit_into_play,R,R,HOU,TOR,ground_ball,0,1,2,4,18,99.9,-4
FF,2026-08-02,"Tawa, Tim",fielders_choice,hit_into_play,R,R,CLE,AZ,ground_ball,0,0,1,9,18,103.6,-6
SI,2026-08-07,"Lara, Luis",single,hit_into_play,L,R,MIL,MIN,ground_ball,3,2,0,6,18,102.7,-6
SI,2026-08-09,"Clement, Ernie",force_out,hit_into_play,R,L,PHI,TOR,ground_ball,2,0,1,6,18,102.3,-5
SI,2026-08-09,"Stott, Bryson",field_out,hit_into_play,L,R,PHI,TOR,ground_ball,1,2,0,8,18,98.6,-6
SI,2026-08-06,"Schanuel, Nolan",field_out,hit_into_play,L,R,BAL,LAA,ground_ball,0,1,2,1,17,97.5,-10
SI,2026-08-05,"Wade Jr., LaMonte",single,hit_into_play,L,R,HOU,TOR,ground_ball,3,1,2,8,17,99.9,-5
FS,2026-08-05,"Tawa, Tim",field_out,hit_into_play,R,R,AZ,SD,ground_ball,1,1,2,1,17,104.7,-6
CH,2026-08-04,"Carrigg, Cole",single,hit_into_play,L,R,COL,TB,ground_ball,1,2,0,1,17,99.1,-5
FF,2026-08-09,"Vargas, Ildemaro",field_out,hit_into_play,L,R,AZ,LAD,ground_ball,1,2,1,8,17,95.1,-7
SI,2026-08-02,"Jensen, Carter",field_out,hit_into_play,L,L,COL,KC,ground_ball,0,1,2,2,16,101.7,-6
SI,2026-08-03,"Stott, Bryson",force_out,hit_into_play,L,R,PHI,WSH,ground_ball,2,1,1,8,16,102.5,-9
CH,2026-08-09,"Marsh, Brandon",field_out,hit_into_play,L,R,PHI,TOR,ground_ball,1,0,2,2,16,101.6,-8
CU,2026-08-07,"Meckler, Wade",field_out,hit_into_play,L,R,MIA,LAA,ground_ball,0,2,1,7,16,97.5,-8
FF,2026-08-03,"Alfonzo, Eliezer",field_out,hit_into_play,R,L,CHC,LAD,ground_ball,2,1,1,2,16,102.5,-8
FF,2026-08-02,"Hernández, Enrique",field_out,hit_into_play,R,L,LAD,BOS,ground_ball,2,2,1,8,16,99.6,-7
SL,2026-08-07,"Chourio, Jackson",field_out,hit_into_play,R,R,MIL,MIN,ground_ball,0,0,2,2,15,97.2,-8
CH,2026-08-06,"Witt Jr., Bobby",single,hit_into_play,R,R,KC,MIN,ground_ball,2,1,1,1,15,100.1,-7
SI,2026-08-08,"Collins, Isaac",field_out,hit_into_play,L,R,KC,CHC,ground_ball,3,2,2,1,15,98.4,-9
SL,2026-08-07,"Contreras, William",field_out,hit_into_play,R,R,MIL,MIN,ground_ball,3,1,1,3,15,104.1,-9
SI,2026-08-02,"Edman, Tommy",field_out,hit_into_play,R,L,LAD,BOS,ground_ball,1,0,2,5,15,106.1,-9
FC,2026-08-02,"Polanco, Jorge",field_out,hit_into_play,L,R,NYM,MIA,ground_ball,2,1,1,5,15,96.9,-6
FF,2026-08-08,"Lee, Jung Hoo",field_out,hit_into_play,L,R,SF,DET,ground_ball,2,1,0,4,15,95.4,-11
FF,2026-08-04,"Olson, Matt",field_out,hit_into_play,L,R,ATL,MIA,ground_ball,3,2,0,4,15,104.7,-8
SI,2026-08-08,"De La Cruz, Bryan",field_out,hit_into_play,R,R,PHI,TOR,ground_ball,2,0,2,6,15,103.5,-9
SI,2026-08-03,"Hernández, Teoscar",grounded_into_double_play,hit_into_play,R,R,CHC,LAD,ground_ball,3,1,0,9,15,98.7,-10
FF,2026-08-09,"Fermín, José",field_out,hit_into_play,R,R,STL,COL,ground_ball,1,1,1,6,15,96.4,-10
SI,2026-08-09,"Ballesteros, Moisés",field_out,hit_into_play,L,R,MIA,LAA,ground_ball,1,1,2,1,14,106.7,-9
FF,2026-08-04,"Rumfield, TJ",field_out,hit_into_play,L,R,COL,TB,ground_ball,0,1,0,2,14,96.7,-12
SI,2026-08-07,"Caminero, Junior",grounded_into_double_play,hit_into_play,R,L,SEA,TB,ground_ball,1,2,0,8,14,116.4,-9
SL,2026-08-04,"France, Ty",field_out,hit_into_play,R,R,AZ,SD,ground_ball,2,2,2,6,14,100.7,-8
SI,2026-08-02,"Kreidler, Ryan",field_error,hit_into_play,R,R,SEA,MIN,ground_ball,0,1,0,8,14,101.5,-9
SI,2026-08-04,"Tawa, Tim",force_out,hit_into_play,R,R,AZ,SD,ground_ball,1,1,1,7,14,105.1,-9
FF,2026-08-04,"Yoshida, Masataka",field_out,hit_into_play,L,R,BOS,CWS,ground_ball,3,1,2,5,14,99.9,-9
CU,2026-08-04,"Young, Jared",field_out,hit_into_play,L,R,CLE,NYM,ground_ball,0,2,1,6,14,97.6,-8
SL,2026-08-04,"Contreras, William",single,hit_into_play,R,R,MIL,PIT,ground_ball,0,2,2,3,14,104.4,-7
FF,2026-08-08,"Marte, Ketel",field_out,hit_into_play,L,R,AZ,LAD,ground_ball,0,0,0,8,13,97.5,-13
FF,2026-08-04,"Basabe, Osleivis",field_out,hit_into_play,R,L,TEX,SF,ground_ball,2,0,0,5,13,106.2,-10
FF,2026-08-04,"Mitchell, Garrett",force_out,hit_into_play,L,R,MIL,PIT,ground_ball,0,0,1,1,13,107.1,-11
KC,2026-08-04,"Witt Jr., Bobby",single,hit_into_play,R,R,KC,MIN,ground_ball,0,1,1,1,13,108,-9
CH,2026-08-04,"Carroll, Corbin",field_out,hit_into_play,L,R,AZ,SD,ground_ball,2,2,0,1,13,97.1,-7
SI,2026-08-09,"Herrera, Iván",force_out,hit_into_play,R,R,STL,COL,ground_ball,0,0,2,4,13,104.7,-10
SL,2026-08-08,"Baldwin, Drake",field_out,hit_into_play,L,L,NYY,ATL,ground_ball,0,1,0,8,13,102,-9
SL,2026-08-05,"Duran, Ezequiel",grounded_into_double_play,hit_into_play,R,R,TEX,SF,ground_ball,1,1,1,4,13,100.2,-11
SI,2026-08-04,"Keaschall, Luke",field_out,hit_into_play,R,R,KC,MIN,ground_ball,3,2,2,4,13,96.1,-8
FF,2026-08-05,"Collins, Isaac",single,hit_into_play,L,R,KC,MIN,ground_ball,1,0,0,5,13,103,-10
SL,2026-08-02,"Herrera, Iván",field_out,hit_into_play,R,R,TOR,STL,ground_ball,1,2,1,4,13,98.9,-6
SI,2026-08-03,"Tawa, Tim",single,hit_into_play,R,L,AZ,SD,ground_ball,3,2,1,8,13,98.8,-10
FF,2026-08-03,"Caminero, Junior",fielders_choice,hit_into_play,R,R,COL,TB,ground_ball,1,2,0,7,13,98.6,-9
FF,2026-08-04,"Edman, Tommy",field_out,hit_into_play,L,R,CHC,LAD,ground_ball,0,1,0,8,13,95,-9
SI,2026-08-02,"Church, Nathan",field_out,hit_into_play,L,R,TOR,STL,ground_ball,0,0,2,7,13,100.1,-7
SI,2026-08-09,"Duran, Ezequiel",field_out,hit_into_play,R,R,TEX,BAL,ground_ball,0,0,0,7,13,102.4,-7
FF,2026-08-06,"Yoshida, Masataka",single,hit_into_play,L,R,BOS,CWS,ground_ball,0,0,1,4,12,95.2,-10
FC,2026-08-06,"Witt Jr., Bobby",field_out,hit_into_play,R,R,KC,MIN,ground_ball,3,2,1,8,12,95.1,-9
SI,2026-08-02,"Clemens, Kody",single,hit_into_play,L,L,SEA,MIN,ground_ball,2,2,1,8,12,99.9,-12
SL,2026-08-07,"Bogaerts, Xander",field_out,hit_into_play,R,L,SD,HOU,ground_ball,0,1,0,7,11,95.9,-8
ST,2026-08-02,"Jarvis, Jim",field_error,hit_into_play,L,R,ATL,WSH,ground_ball,0,0,1,5,11,100.1,-10
SI,2026-08-07,"Heim, Jonah",field_out,hit_into_play,R,L,BOS,ATH,ground_ball,0,1,0,7,11,96.8,-11
FC,2026-08-03,"Aranda, Jonathan",single,hit_into_play,L,R,COL,TB,ground_ball,2,1,1,1,11,101.9,-11
SL,2026-08-08,"Yelich, Christian",field_out,hit_into_play,L,R,MIL,MIN,ground_ball,1,1,1,8,11,97.7,-12
FF,2026-08-07,"Devers, Rafael",field_out,hit_into_play,L,R,SF,DET,ground_ball,1,2,1,5,11,97.9,-13
SI,2026-08-06,"Urías, Luis",grounded_into_double_play,hit_into_play,R,L,CHC,TOR,ground_ball,0,0,0,2,11,100.7,-10
SV,2026-08-08,"Cronenworth, Jake",field_out,hit_into_play,L,R,SD,HOU,ground_ball,0,1,0,5,10,95.5,-10
SL,2026-08-02,"DeLuca, Jonny",field_out,hit_into_play,R,R,TB,CWS,ground_ball,0,0,2,8,10,100.1,-12
SL,2026-08-04,"Langford, Wyatt",field_out,hit_into_play,R,R,TEX,SF,ground_ball,2,2,1,5,10,96.1,-13
SI,2026-08-09,"Karros, Kyle",field_out,hit_into_play,R,R,STL,COL,ground_ball,0,0,1,6,10,100.9,-13
CH,2026-08-07,"Devers, Rafael",field_out,hit_into_play,L,L,SF,DET,ground_ball,2,2,0,8,10,99.9,-16
FF,2026-08-07,"Hamilton, David",single,hit_into_play,L,R,MIL,MIN,ground_ball,1,2,0,5,10,99.7,-15
FF,2026-08-02,"Caglianone, Jac",field_out,hit_into_play,L,L,COL,KC,ground_ball,0,0,0,9,10,101.9,-12
FF,2026-08-04,"Lukes, Nathan",field_out,hit_into_play,L,R,HOU,TOR,ground_ball,2,2,1,5,10,98.2,-16
SI,2026-08-09,"Mitchell, Garrett",field_out,hit_into_play,L,L,MIL,MIN,ground_ball,1,2,0,8,10,103.4,-12
SI,2026-08-08,"Duran, Ezequiel",grounded_into_double_play,hit_into_play,R,R,TEX,BAL,ground_ball,1,2,0,4,10,101.2,-12
FF,2026-08-05,"Feduccia, Hunter",field_out,hit_into_play,L,L,CHC,LAD,ground_ball,1,1,2,4,10,96,-17
FF,2026-08-02,"Bohm, Alec",force_out,hit_into_play,R,R,BAL,PHI,ground_ball,0,0,2,6,9,95.3,-11
SI,2026-08-04,"Bolte, Henry",single,hit_into_play,R,R,CIN,ATH,ground_ball,0,1,1,5,9,103.1,-16
SI,2026-08-07,"Bogaerts, Xander",field_out,hit_into_play,R,L,SD,HOU,ground_ball,3,1,0,9,9,100.7,-15
CU,2026-08-05,"Mitchell, Garrett",field_out,hit_into_play,L,R,MIL,PIT,ground_ball,2,2,0,6,9,101.7,-12
ST,2026-08-04,"Butler, Lawrence",field_error,hit_into_play,L,L,CIN,ATH,ground_ball,2,2,2,7,9,97.3,-17
SL,2026-08-07,"Díaz, Yandy",field_out,hit_into_play,R,R,SEA,TB,ground_ball,0,0,1,3,9,107.1,-12
SI,2026-08-07,"Betts, Mookie",field_out,hit_into_play,R,L,AZ,LAD,ground_ball,1,1,2,8,9,96.1,-12
SI,2026-08-04,"Heim, Jonah",field_out,hit_into_play,L,R,CIN,ATH,ground_ball,2,2,0,6,9,96.2,-15
SI,2026-08-08,"Alvarez, Yordan",field_error,hit_into_play,L,L,SD,HOU,ground_ball,0,0,1,8,9,96,-18
CH,2026-08-04,"Yelich, Christian",field_out,hit_into_play,L,R,MIL,PIT,ground_ball,0,2,2,3,9,98.7,-12
SI,2026-08-08,"Jensen, Carter",field_out,hit_into_play,L,R,KC,CHC,ground_ball,2,1,0,3,9,98.9,-15
ST,2026-08-05,"Diaz, Yainer",field_out,hit_into_play,R,R,HOU,TOR,ground_ball,0,0,2,3,9,95.1,-15
SL,2026-08-02,"Varsho, Daulton",field_out,hit_into_play,L,L,TOR,STL,ground_ball,0,1,0,6,8,98.2,-9
FC,2026-08-04,"Caminero, Junior",single,hit_into_play,R,R,COL,TB,ground_ball,1,1,2,11,8,110,-18
FF,2026-08-02,"Vargas, Ildemaro",field_out,hit_into_play,L,R,CLE,AZ,ground_ball,1,0,0,8,8,99.6,-17
FC,2026-08-05,"Rumfield, TJ",field_out,hit_into_play,L,L,COL,TB,ground_ball,0,0,0,9,8,110.2,-12
SI,2026-08-08,"Díaz, Yandy",field_out,hit_into_play,R,R,SEA,TB,ground_ball,3,2,1,5,8,99.5,-16
SI,2026-08-03,"Carter, Evan",field_out,hit_into_play,L,L,TEX,SF,ground_ball,2,1,2,8,8,97.9,-13
SI,2026-08-07,"Karros, Kyle",grounded_into_double_play,hit_into_play,R,R,STL,COL,ground_ball,2,1,0,9,8,101.1,-17
CH,2026-08-09,"Lara, Luis",field_out,hit_into_play,R,L,MIL,MIN,ground_ball,1,1,0,5,8,97,-14
CU,2026-08-04,"Benge, Carson",field_out,hit_into_play,L,L,CLE,NYM,ground_ball,0,0,1,3,8,96.1,-17
FF,2026-08-04,"Durbin, Caleb",single,hit_into_play,R,R,BOS,CWS,ground_ball,0,0,1,3,8,98.6,-11
SI,2026-08-09,"Butler, Lawrence",field_out,hit_into_play,L,R,BOS,ATH,ground_ball,0,0,1,4,8,105.8,-12
FC,2026-08-02,"Díaz, Yandy",field_out,hit_into_play,R,L,TB,CWS,ground_ball,3,2,2,5,8,100.9,-20
FF,2026-08-04,"Young, Jared",field_out,hit_into_play,L,L,CLE,NYM,ground_ball,1,1,0,4,8,102.1,-17
SI,2026-08-09,"Caminero, Junior",force_out,hit_into_play,R,R,SEA,TB,ground_ball,0,1,2,8,8,104.2,-15
FF,2026-08-05,"Herrera, Iván",field_out,hit_into_play,R,R,NYY,STL,ground_ball,1,2,0,4,8,105.4,-13
CH,2026-08-06,"Alvarez, Francisco",field_out,hit_into_play,R,R,CLE,NYM,ground_ball,0,1,1,9,8,98,-16
FF,2026-08-03,"Díaz, Yandy",field_out,hit_into_play,R,R,COL,TB,ground_ball,0,0,1,8,7,104.2,-14
SL,2026-08-06,"Jarvis, Jim",force_out,hit_into_play,L,R,ATL,MIA,ground_ball,0,0,1,6,7,96.7,-18
FF,2026-08-02,"Larnach, Trevor",single,hit_into_play,L,R,SEA,MIN,ground_ball,1,1,1,9,7,105.9,-17
CH,2026-08-09,"Cronenworth, Jake",field_out,hit_into_play,L,R,SD,HOU,ground_ball,0,1,2,6,7,98.8,-16
SI,2026-08-09,"Keaschall, Luke",force_out,hit_into_play,R,R,MIL,MIN,ground_ball,3,2,1,8,7,95.8,-11
ST,2026-08-03,"Burger, Jake",field_out,hit_into_play,R,R,TEX,SF,ground_ball,1,1,0,9,7,97.3,-22
SL,2026-08-06,"Nootbaar, Lars",field_out,hit_into_play,L,R,AZ,SD,ground_ball,3,2,2,1,7,98.5,-17
SI,2026-08-08,"Walton, Donovan",field_out,hit_into_play,L,L,BOS,ATH,ground_ball,0,2,2,8,7,96.7,-17
FF,2026-08-07,"Caminero, Junior",field_out,hit_into_play,R,R,SEA,TB,ground_ball,0,0,2,3,7,111.9,-18
SI,2026-08-05,"Caglianone, Jac",field_out,hit_into_play,L,R,KC,MIN,ground_ball,0,0,2,1,7,103.8,-21
SI,2026-08-06,"Rafaela, Ceddanne",grounded_into_double_play,hit_into_play,R,R,BOS,CWS,ground_ball,1,0,1,3,7,95.9,-17
SI,2026-08-03,"Walker, Jordan",single,hit_into_play,R,R,NYY,STL,ground_ball,2,1,0,7,7,100.5,-26
FF,2026-08-02,"Smith, Cam",single,hit_into_play,R,R,HOU,TEX,ground_ball,3,2,1,7,7,95.9,-22
SI,2026-08-02,"Aranda, Jonathan",field_error,hit_into_play,L,L,TB,CWS,ground_ball,0,0,1,1,7,96.6,-16
CH,2026-08-06,"Baldwin, Drake",field_out,hit_into_play,L,R,ATL,MIA,ground_ball,0,2,0,1,7,101.3,-14
CU,2026-08-06,"Dubón, Mauricio",single,hit_into_play,R,L,ATL,MIA,ground_ball,0,1,0,6,7,96,-10
SI,2026-08-02,"Lewis, Royce",single,hit_into_play,R,R,SEA,MIN,ground_ball,0,0,0,2,7,95.1,-22
FF,2026-08-02,"Herrera, Iván",field_out,hit_into_play,R,R,TOR,STL,ground_ball,1,0,0,2,7,97,-20
SL,2026-08-05,"Foscue, Justin",triple,hit_into_play,R,L,TEX,SF,ground_ball,2,2,2,3,7,95.9,-14
SI,2026-08-07,"Basabe, Osleivis",single,hit_into_play,R,R,SF,DET,ground_ball,0,1,1,6,7,102.4,-21
FF,2026-08-02,"Julien, Edouard",field_out,hit_into_play,L,R,COL,KC,ground_ball,0,0,1,7,6,100,-18
SI,2026-08-07,"Ohtani, Shohei",grounded_into_double_play,hit_into_play,L,L,AZ,LAD,ground_ball,1,0,1,7,6,95.4,-19
CH,2026-08-08,"Isbel, Kyle",field_out,hit_into_play,L,R,KC,CHC,ground_ball,3,2,2,8,6,97,-25
SI,2026-08-08,"Betts, Mookie",field_out,hit_into_play,R,R,AZ,LAD,ground_ball,0,2,1,2,6,97,-21
SL,2026-08-08,"Beavers, Dylan",grounded_into_double_play,hit_into_play,L,R,TEX,BAL,ground_ball,1,1,1,4,6,100.2,-17
SL,2026-08-03,"Caminero, Junior",grounded_into_double_play,hit_into_play,R,R,COL,TB,ground_ball,0,1,1,2,6,109.9,-25
FF,2026-08-07,"Burger, Jake",field_out,hit_into_play,R,R,TEX,BAL,ground_ball,1,0,2,7,6,98.3,-25
SI,2026-08-02,"Young, Jared",field_out,hit_into_play,L,R,NYM,MIA,ground_ball,3,1,2,4,6,102.3,-21
FF,2026-08-04,"DeLuca, Jonny",field_out,hit_into_play,R,R,COL,TB,ground_ball,0,0,2,8,6,102.7,-20
KC,2026-08-07,"Stott, Bryson",field_out,hit_into_play,L,R,PHI,TOR,ground_ball,1,2,2,2,6,98.7,-23
FF,2026-08-04,"Díaz, Yandy",single,hit_into_play,R,R,COL,TB,ground_ball,0,2,1,9,6,95.5,-26
SI,2026-08-09,"White, Tommy",field_out,hit_into_play,R,R,BOS,ATH,ground_ball,0,0,0,4,6,100.3,-17
CH,2026-08-02,"Williamson, Ben",force_out,hit_into_play,R,L,TB,CWS,ground_ball,1,1,2,6,6,98.4,-17
SI,2026-08-08,"Butler, Lawrence",field_out,hit_into_play,L,L,BOS,ATH,ground_ball,0,0,0,3,6,107.1,-22
CH,2026-08-06,"Isbel, Kyle",field_out,hit_into_play,L,R,KC,MIN,ground_ball,0,0,1,3,6,97.4,-19
ST,2026-08-02,"Benge, Carson",field_out,hit_into_play,L,R,NYM,MIA,ground_ball,0,2,1,8,6,96,-17
CH,2026-08-02,"Bolte, Henry",field_out,hit_into_play,R,R,ATH,DET,ground_ball,1,1,2,7,6,103.1,-16
FF,2026-08-05,"Nootbaar, Lars",force_out,hit_into_play,L,R,AZ,SD,ground_ball,0,1,2,2,6,97.2,-28
SI,2026-08-08,"Bogaerts, Xander",field_out,hit_into_play,R,R,SD,HOU,ground_ball,0,0,0,4,5,108.5,-26
CU,2026-08-02,"Aranda, Jonathan",field_out,hit_into_play,L,R,TB,CWS,ground_ball,0,0,2,7,5,95.1,-22
FF,2026-08-06,"Robert Jr., Luis",single,hit_into_play,R,R,CLE,NYM,ground_ball,2,2,0,8,5,105.2,-27
SL,2026-08-03,"Ortiz, Joey",field_out,hit_into_play,R,R,MIL,PIT,ground_ball,0,0,1,3,5,100.5,-18
SI,2026-08-06,"Peraza, Oswald",field_out,hit_into_play,R,L,BAL,LAA,ground_ball,1,1,2,6,5,106.9,-26
SI,2026-08-02,"Harris II, Michael",field_out,hit_into_play,L,R,ATL,WSH,ground_ball,0,0,0,2,5,104,-19
ST,2026-08-02,"Harris II, Michael",field_out,hit_into_play,L,R,ATL,WSH,ground_ball,3,1,1,6,5,108.8,-15
ST,2026-08-02,"Marte, Ketel",field_out,hit_into_play,L,R,CLE,AZ,ground_ball,2,1,0,9,5,105.2,-25
SI,2026-08-06,"Soderstrom, Tyler",field_out,hit_into_play,L,L,CIN,ATH,ground_ball,2,2,2,8,5,103.9,-27
SI,2026-08-08,"Guzman, Denzer",field_out,hit_into_play,R,R,MIA,LAA,ground_ball,0,1,0,5,5,109.9,-17
FF,2026-08-02,"Sheets, Gavin",single,hit_into_play,L,L,SD,SF,ground_ball,1,2,2,5,5,96.1,-29
FF,2026-08-04,"Lewis, Royce",single,hit_into_play,R,R,KC,MIN,ground_ball,2,0,1,8,5,106.3,-24
SI,2026-08-09,"White, Eli",single,hit_into_play,R,R,BOS,ATH,ground_ball,1,2,2,6,5,110.2,-24
CH,2026-08-04,"Walls, Taylor",grounded_into_double_play,hit_into_play,R,L,COL,TB,ground_ball,1,2,0,7,5,96.4,-23
SI,2026-08-02,"France, Ty",field_error,hit_into_play,R,R,SD,SF,ground_ball,0,0,0,3,5,100.7,-25
CH,2026-08-02,"Caminero, Junior",single,hit_into_play,R,L,TB,CWS,ground_ball,3,2,1,6,5,96.6,-19
FF,2026-08-07,"Winn, Masyn",field_out,hit_into_play,R,R,STL,COL,ground_ball,0,0,2,3,5,102.6,-24
SL,2026-08-07,"Mitchell, Garrett",field_out,hit_into_play,L,R,MIL,MIN,ground_ball,3,2,0,2,5,99.7,-27
FF,2026-08-03,"Herrera, Iván",field_out,hit_into_play,R,R,NYY,STL,ground_ball,1,1,1,8,5,105.8,-22
FC,2026-08-09,"Tucker, Kyle",field_out,hit_into_play,L,L,AZ,LAD,ground_ball,0,1,2,2,5,96.7,-20
SI,2026-08-04,"Machado, Manny",single,hit_into_play,R,R,AZ,SD,ground_ball,1,2,2,6,4,96.6,-24
SI,2026-08-07,"Harris II, Michael",field_out,hit_into_play,L,L,NYY,ATL,ground_ball,2,1,1,9,4,96.7,-24
SL,2026-08-07,"Carroll, Corbin",field_out,hit_into_play,L,L,AZ,LAD,ground_ball,1,2,1,8,4,95.6,-28
SI,2026-08-04,"Devers, Rafael",field_out,hit_into_play,L,L,TEX,SF,ground_ball,3,2,0,6,4,99.6,-22
SI,2026-08-06,"Baldwin, Drake",field_out,hit_into_play,L,L,ATL,MIA,ground_ball,2,2,1,8,4,96.2,-24
SL,2026-08-08,"Young, Jared",field_out,hit_into_play,L,R,PIT,NYM,ground_ball,3,1,0,2,4,97.1,-22
SL,2026-08-08,"Koss, Christian",field_out,hit_into_play,R,R,SF,DET,ground_ball,1,2,0,9,4,108.7,-19
KC,2026-08-05,"Diaz, Yainer",field_out,hit_into_play,R,R,HOU,TOR,ground_ball,2,2,0,9,4,97.2,-19
KC,2026-08-03,"Varsho, Daulton",force_out,hit_into_play,L,R,HOU,TOR,ground_ball,1,1,1,5,4,95.1,-28
FF,2026-08-05,"Bell, Josh",field_out,hit_into_play,L,R,KC,MIN,ground_ball,3,2,1,9,4,108.2,-27
SI,2026-08-06,"Harris II, Michael",field_out,hit_into_play,L,R,ATL,MIA,ground_ball,0,0,2,1,4,103.4,-25
FC,2026-08-09,"Diaz, Yainer",field_out,hit_into_play,R,R,SD,HOU,ground_ball,0,0,2,5,4,102.6,-29
FF,2026-08-06,"Duran, Jarren",field_error,hit_into_play,L,R,BOS,CWS,ground_ball,1,0,2,8,4,109.3,-25
FF,2026-08-05,"Ewing, A.J.",field_error,hit_into_play,L,R,CLE,NYM,ground_ball,0,1,2,9,4,103.6,-30
FF,2026-08-08,"Contreras, William",field_out,hit_into_play,R,R,MIL,MIN,ground_ball,3,2,1,5,4,100.8,-28
SI,2026-08-08,"Díaz, Yandy",field_out,hit_into_play,R,R,SEA,TB,ground_ball,1,0,0,1,4,96.4,-27
FC,2026-08-04,"Ewing, A.J.",field_out,hit_into_play,L,R,CLE,NYM,ground_ball,1,1,2,6,4,100.7,-29
CH,2026-08-02,"Alfonzo, Eliezer",field_out,hit_into_play,L,R,LAD,BOS,ground_ball,0,1,1,9,4,108.2,-25
FF,2026-08-04,"Mullins, Cedric",field_out,hit_into_play,L,R,COL,TB,ground_ball,2,2,1,4,4,98.4,-35
ST,2026-08-02,"Bohm, Alec",single,hit_into_play,R,R,BAL,PHI,ground_ball,1,2,0,4,4,96,-21
FS,2026-08-07,"Henderson, Gunnar",field_out,hit_into_play,L,R,TEX,BAL,ground_ball,0,2,0,1,4,100.9,-19
FS,2026-08-05,"Edman, Tommy",single,hit_into_play,R,L,CHC,LAD,ground_ball,0,2,2,5,4,107.3,-21
FF,2026-08-06,"Crawford, Justin",field_out,hit_into_play,L,R,PHI,WSH,ground_ball,0,0,2,3,3,101.6,-27
FS,2026-08-07,"Harper, Bryce",field_out,hit_into_play,L,R,PHI,TOR,ground_ball,1,1,2,1,3,100.6,-26
FF,2026-08-07,"Mitchell, Garrett",field_out,hit_into_play,L,R,MIL,MIN,ground_ball,3,1,2,9,3,98.7,-27
SL,2026-08-02,"Altuve, Jose",force_out,hit_into_play,R,R,HOU,TEX,ground_ball,0,0,2,1,3,99.2,-25
CH,2026-08-02,"Altuve, Jose",force_out,hit_into_play,R,L,HOU,TEX,ground_ball,2,1,0,7,3,99.3,-32
SL,2026-08-08,"Contreras, Willson",field_out,hit_into_play,R,R,BOS,ATH,ground_ball,1,2,0,8,3,100,-25
CH,2026-08-08,"Paredes, Isaac",force_out,hit_into_play,R,L,SD,HOU,ground_ball,1,2,1,8,3,109.5,-18
SI,2026-08-07,"Contreras, William",force_out,hit_into_play,R,R,MIL,MIN,ground_ball,1,1,1,7,3,108.7,-30
SI,2026-08-06,"Jarvis, Jim",field_out,hit_into_play,L,L,ATL,MIA,ground_ball,2,1,0,8,3,101.7,-27
SI,2026-08-07,"Williams, Alika",field_out,hit_into_play,R,L,BOS,ATH,ground_ball,0,2,2,9,3,96.3,-26
FS,2026-08-09,"Guerrero Jr., Vladimir",grounded_into_double_play,hit_into_play,R,R,PHI,TOR,ground_ball,2,0,1,9,2,101.1,-41