pitch_type,game_date,player_name,events,description,stand,p_throws,home_team,away_team,balls,strikes,hit_distance_sc,launch_speed,launch_angle,effective_speed,pitch_name
SL,2026-08-05,"Cameron, Noah",strikeout,swinging_strike_blocked,R,L,KC,MIN,1,2,,,,86,Slider
CU,2026-08-05,"Cameron, Noah",,ball,R,L,KC,MIN,0,2,,,,85.6,Curveball
FF,2026-08-05,"Cameron, Noah",,swinging_strike,R,L,KC,MIN,0,1,,,,95.1,4-Seam Fastball
CH,2026-08-05,"Cameron, Noah",,swinging_strike,R,L,KC,MIN,0,0,,,,81,Changeup
CU,2026-08-05,"Cameron, Noah",strikeout,swinging_strike,R,L,KC,MIN,1,2,,,,84.3,Curveball
SL,2026-08-05,"Cameron, Noah",,ball,R,L,KC,MIN,0,2,,,,86.7,Slider
FF,2026-08-05,"Cameron, Noah",,called_strike,R,L,KC,MIN,0,1,,,,94.4,4-Seam Fastball
FC,2026-08-05,"Cameron, Noah",,foul,R,L,KC,MIN,0,0,287,92.8,20,90.3,Cutter
SL,2026-08-05,"Cameron, Noah",strikeout,swinging_strike,L,L,KC,MIN,0,2,,,,85.7,Slider
SL,2026-08-05,"Cameron, Noah",,swinging_strike,L,L,KC,MIN,0,1,,,,84.6,Slider
ST,2026-08-05,"Scott, Christian",field_out,hit_into_play,L,R,CLE,NYM,0,2,281,88.9,20,84,Sweeper
SL,2026-08-05,"Cameron, Noah",,foul_bunt,L,L,KC,MIN,0,0,,,,83.5,Slider
ST,2026-08-05,"Scott, Christian",,swinging_strike,L,R,CLE,NYM,0,1,,,,82.5,Sweeper
SL,2026-08-05,"Cameron, Noah",strikeout,swinging_strike,R,L,KC,MIN,1,2,,,,85.9,Slider
CU,2026-08-05,"Cameron, Noah",,called_strike,R,L,KC,MIN,1,1,,,,79.3,Curveball
ST,2026-08-05,"Scott, Christian",,foul,L,R,CLE,NYM,0,0,38,101,-3,83.6,Sweeper
SI,2026-08-05,"Rogers, Trevor",single,hit_into_play,L,L,BAL,LAA,0,1,116,79.4,9,93.4,Sinker
ST,2026-08-05,"Scott, Christian",strikeout,swinging_strike,L,R,CLE,NYM,2,2,,,,82.2,Sweeper
CH,2026-08-05,"Cameron, Noah",,foul,R,L,KC,MIN,1,0,175,75,19,81.5,Changeup
FC,2026-08-05,"Cameron, Noah",,ball,R,L,KC,MIN,0,0,,,,91.3,Cutter
SI,2026-08-05,"Rogers, Trevor",,called_strike,L,L,BAL,LAA,0,0,,,,92.8,Sinker
ST,2026-08-05,"Scott, Christian",,foul,L,R,CLE,NYM,2,2,4,70.3,-23,84.6,Sweeper
FF,2026-08-05,"Rogers, Trevor",strikeout,called_strike,R,L,BAL,LAA,3,2,,,,95.8,4-Seam Fastball
CU,2026-08-05,"Cameron, Noah",strikeout,swinging_strike,R,L,KC,MIN,1,2,,,,83.2,Curveball
FF,2026-08-05,"Scott, Christian",,ball,L,R,CLE,NYM,1,2,,,,97,4-Seam Fastball
FF,2026-08-05,"Cameron, Noah",,ball,R,L,KC,MIN,0,2,,,,92.6,4-Seam Fastball
FF,2026-08-05,"Rogers, Trevor",,foul,R,L,BAL,LAA,3,1,222,79.5,55,95.3,4-Seam Fastball
FF,2026-08-05,"Scott, Christian",,foul,L,R,CLE,NYM,1,1,227,76.2,27,97.5,4-Seam Fastball
CH,2026-08-05,"Cameron, Noah",,foul,R,L,KC,MIN,0,1,198,70.7,55,81,Changeup
FC,2026-08-05,"Rogers, Trevor",,ball,R,L,BAL,LAA,2,1,,,,83.7,Cutter
FC,2026-08-05,"Scott, Christian",,foul,L,R,CLE,NYM,1,0,212,72.5,47,93,Cutter
ST,2026-08-05,"Scott, Christian",,ball,L,R,CLE,NYM,0,0,,,,82.6,Sweeper
FS,2026-08-05,"Kremer, Dean",field_out,hit_into_play,L,R,KC,MIN,1,1,343,92.3,37,82.7,Split-Finger
CU,2026-08-05,"Cameron, Noah",,called_strike,R,L,KC,MIN,0,0,,,,77.3,Curveball
CH,2026-08-05,"Rogers, Trevor",,ball,R,L,BAL,LAA,1,1,,,,87.7,Changeup
FF,2026-08-05,"Kremer, Dean",,foul,L,R,KC,MIN,1,0,211,79.2,61,92.8,4-Seam Fastball
FC,2026-08-05,"Cameron, Noah",field_out,hit_into_play,R,L,KC,MIN,1,1,27,85.9,83,89.8,Cutter
FC,2026-08-05,"Lopez, Jacob",single,hit_into_play,R,L,CIN,ATH,1,1,204,71.7,52,88.6,Cutter
FF,2026-08-05,"Rogers, Trevor",,ball,R,L,BAL,LAA,0,1,,,,94.1,4-Seam Fastball
FC,2026-08-05,"Scott, Christian",single,hit_into_play,L,R,CLE,NYM,0,0,166,61.3,20,92.5,Cutter
FS,2026-08-05,"Kremer, Dean",,ball,L,R,KC,MIN,0,0,,,,83.4,Split-Finger
CH,2026-08-05,"Cameron, Noah",,ball,R,L,KC,MIN,0,1,,,,82.8,Changeup
ST,2026-08-05,"Scott, Christian",strikeout,foul_tip,R,R,CLE,NYM,1,2,,,,84.4,Sweeper
FF,2026-08-05,"Rogers, Trevor",,called_strike,R,L,BAL,LAA,0,0,,,,94.7,4-Seam Fastball
FC,2026-08-05,"Lopez, Jacob",,ball,R,L,CIN,ATH,0,1,,,,88.2,Cutter
ST,2026-08-05,"Scott, Christian",,blocked_ball,R,R,CLE,NYM,0,2,,,,83.8,Sweeper
ST,2026-08-05,"Rogers, Trevor",strikeout,swinging_strike,R,L,BAL,LAA,0,2,,,,77.8,Sweeper
FF,2026-08-05,"Kremer, Dean",sac_fly,hit_into_play,L,R,KC,MIN,1,1,326,85.6,28,92.7,4-Seam Fastball
SL,2026-08-05,"Lopez, Jacob",,swinging_strike,R,L,CIN,ATH,0,0,,,,77.7,Slider
FC,2026-08-05,"Cameron, Noah",,foul,R,L,KC,MIN,0,0,4,75.7,-34,89,Cutter
FF,2026-08-05,"Kremer, Dean",,called_strike,L,R,KC,MIN,1,0,,,,91.8,4-Seam Fastball
ST,2026-08-05,"Rogers, Trevor",,swinging_strike,R,L,BAL,LAA,0,1,,,,79.9,Sweeper
FC,2026-08-05,"Lopez, Jacob",home_run,hit_into_play,R,L,CIN,ATH,1,0,378,98.2,29,87.4,Cutter
SL,2026-08-05,"Cameron, Noah",strikeout,swinging_strike,L,L,KC,MIN,1,2,,,,85,Slider
SL,2026-08-05,"Elder, Bryce",field_out,hit_into_play,L,R,ATL,MIA,2,0,60,103,2,81.8,Slider
ST,2026-08-05,"Scott, Christian",,foul_tip,R,R,CLE,NYM,0,1,,,,83.7,Sweeper
FC,2026-08-05,"Lopez, Jacob",,ball,R,L,CIN,ATH,0,0,,,,87.3,Cutter
CU,2026-08-05,"Cameron, Noah",,foul,L,L,KC,MIN,1,2,3,86,-32,83.7,Curveball
SI,2026-08-05,"Elder, Bryce",,ball,L,R,ATL,MIA,1,0,,,,90.1,Sinker
FF,2026-08-05,"Kremer, Dean",,ball,L,R,KC,MIN,0,0,,,,92.7,4-Seam Fastball
FF,2026-08-05,"Rogers, Trevor",,called_strike,R,L,BAL,LAA,0,0,,,,94.4,4-Seam Fastball
FC,2026-08-05,"Gray, Sonny",field_out,hit_into_play,L,R,BOS,CWS,1,0,7,87.1,-17,90.4,Cutter
FF,2026-08-05,"Scott, Christian",,called_strike,R,R,CLE,NYM,0,0,,,,97.5,4-Seam Fastball
CH,2026-08-05,"Gray, Sonny",,ball,L,R,BOS,CWS,0,0,,,,86.3,Changeup
CU,2026-08-05,"Cameron, Noah",,foul,L,L,KC,MIN,1,2,204,72.4,44,83,Curveball
FF,2026-08-05,"Elder, Bryce",,ball,L,R,ATL,MIA,0,0,,,,92,4-Seam Fastball
ST,2026-08-05,"Scott, Christian",walk,ball,L,R,CLE,NYM,3,2,,,,85,Sweeper
FF,2026-08-05,"Lopez, Jacob",field_out,hit_into_play,R,L,CIN,ATH,2,2,238,75.8,48,92.8,4-Seam Fastball
SI,2026-08-05,"Rogers, Trevor",field_out,hit_into_play,L,L,BAL,LAA,1,0,22,92.6,-3,93.6,Sinker
FF,2026-08-05,"Kremer, Dean",walk,ball,L,R,KC,MIN,3,1,,,,91.5,4-Seam Fastball
FF,2026-08-05,"Rogers, Trevor",,ball,L,L,BAL,LAA,0,0,,,,94.1,4-Seam Fastball
SL,2026-08-05,"Elder, Bryce",field_out,hit_into_play,L,R,ATL,MIA,0,0,129,73.5,70,82.7,Slider
ST,2026-08-05,"Scott, Christian",,ball,L,R,CLE,NYM,2,2,,,,86,Sweeper
FF,2026-08-05,"Gray, Sonny",grounded_into_double_play,hit_into_play,L,R,BOS,CWS,3,2,72,65.9,7,92.7,4-Seam Fastball
SL,2026-08-05,"Detmers, Reid",field_out,hit_into_play,R,L,BAL,LAA,2,1,3,59.8,-44,83.2,Slider
CU,2026-08-05,"Kremer, Dean",,ball,L,R,KC,MIN,2,1,,,,75.4,Curveball
FF,2026-08-05,"Lopez, Jacob",,ball,R,L,CIN,ATH,1,2,,,,92.2,4-Seam Fastball
FF,2026-08-05,"Cameron, Noah",,foul,L,L,KC,MIN,1,2,75,81.7,6,94.1,4-Seam Fastball
CU,2026-08-05,"Cameron, Noah",,called_strike,L,L,KC,MIN,1,1,,,,80.4,Curveball
ST,2026-08-05,"Gray, Sonny",,ball,L,R,BOS,CWS,2,2,,,,85.5,Sweeper
FS,2026-08-05,"Scott, Christian",,ball,L,R,CLE,NYM,1,2,,,,86.4,Split-Finger
SL,2026-08-05,"Lopez, Jacob",,foul,R,L,CIN,ATH,1,1,67,81.1,4,76.9,Slider
FF,2026-08-05,"Detmers, Reid",,ball,R,L,BAL,LAA,1,1,,,,92.2,4-Seam Fastball
FF,2026-08-05,"Rogers, Trevor",home_run,hit_into_play,R,L,BAL,LAA,0,2,405,105.5,37,92.9,4-Seam Fastball
FC,2026-08-05,"Taillon, Jameson",strikeout,swinging_strike,L,R,HOU,TOR,2,2,,,,89.9,Cutter
SI,2026-08-05,"Elder, Bryce",field_error,hit_into_play,R,R,ATL,MIA,3,2,1,56.7,-58,92,Sinker
FS,2026-08-05,"Kremer, Dean",,blocked_ball,L,R,KC,MIN,1,1,,,,82.8,Split-Finger
SI,2026-08-05,"Elder, Bryce",,ball,R,R,ATL,MIA,2,2,,,,91.4,Sinker
FS,2026-08-05,"Kremer, Dean",,ball,L,R,KC,MIN,0,1,,,,82.8,Split-Finger
SI,2026-08-05,"Taillon, Jameson",,ball,L,R,HOU,TOR,1,2,,,,92,Sinker
FC,2026-08-05,"Lopez, Jacob",,ball,R,L,CIN,ATH,0,1,,,,88.2,Cutter
ST,2026-08-05,"Gray, Sonny",,blocked_ball,L,R,BOS,CWS,1,2,,,,85.7,Sweeper
CU,2026-08-05,"Detmers, Reid",,called_strike,R,L,BAL,LAA,1,0,,,,68.2,Curveball
FF,2026-08-05,"Scott, Christian",,ball,L,R,CLE,NYM,0,2,,,,98,4-Seam Fastball
CH,2026-08-05,"Rogers, Trevor",,foul,R,L,BAL,LAA,0,1,5,79.6,-20,86.7,Changeup
SL,2026-08-05,"Cameron, Noah",,ball,L,L,KC,MIN,0,1,,,,85.7,Slider
FS,2026-08-05,"Scott, Christian",,foul,L,R,CLE,NYM,0,1,,,,87.5,Split-Finger
CH,2026-08-05,"Taillon, Jameson",,ball,L,R,HOU,TOR,0,2,,,,83.6,Changeup
FF,2026-08-05,"Rogers, Trevor",,foul,R,L,BAL,LAA,0,0,220,78.6,57,93.2,4-Seam Fastball
FF,2026-08-05,"Detmers, Reid",,ball,R,L,BAL,LAA,0,0,,,,91.5,4-Seam Fastball
CU,2026-08-05,"Gray, Sonny",,blocked_ball,L,R,BOS,CWS,0,2,,,,80.8,Curveball
CH,2026-08-05,"Elder, Bryce",,foul,R,R,ATL,MIA,2,2,4,73.3,-21,86.4,Changeup
SL,2026-08-05,"Lopez, Jacob",,called_strike,R,L,CIN,ATH,0,0,,,,74.9,Slider
CH,2026-08-05,"Cameron, Noah",,called_strike,L,L,KC,MIN,0,0,,,,80.5,Changeup
FC,2026-08-05,"Kremer, Dean",,foul_bunt,L,R,KC,MIN,0,0,,,,87.8,Cutter
SL,2026-08-05,"Lopez, Jacob",field_out,hit_into_play,R,L,CIN,ATH,0,0,167,75.6,62,76.5,Slider
CU,2026-08-05,"Gray, Sonny",,foul,L,R,BOS,CWS,0,1,5,69.5,-27,80,Curveball
CU,2026-08-05,"Cameron, Noah",field_out,hit_into_play,R,L,KC,MIN,2,2,182,84.8,63,83.8,Curveball
FF,2026-08-05,"Mize, Casey",walk,ball,R,R,AZ,SD,3,2,,,,95.4,4-Seam Fastball
FC,2026-08-05,"Taillon, Jameson",,foul_tip,L,R,HOU,TOR,0,1,,,,89.3,Cutter
FC,2026-08-05,"Rogers, Trevor",strikeout,swinging_strike,L,L,BAL,LAA,0,2,,,,86.2,Cutter
FS,2026-08-05,"Scott, Christian",,called_strike,L,R,CLE,NYM,0,0,,,,86.9,Split-Finger
CH,2026-08-05,"Elder, Bryce",,ball,R,R,ATL,MIA,1,2,,,,85.5,Changeup
SL,2026-08-05,"Detmers, Reid",field_out,hit_into_play,L,L,BAL,LAA,0,1,231,85.3,52,85.4,Slider
SI,2026-08-05,"Rogers, Trevor",,foul,L,L,BAL,LAA,0,2,243,78.8,43,94.5,Sinker
SI,2026-08-05,"Mize, Casey",,foul,R,R,AZ,SD,3,1,253,75.6,45,96,Sinker
FF,2026-08-05,"Detmers, Reid",,called_strike,L,L,BAL,LAA,0,0,,,,91.3,4-Seam Fastball
FF,2026-08-05,"Kremer, Dean",,ball,R,R,KC,MIN,1,0,,,,91.3,4-Seam Fastball
CH,2026-08-05,"Cameron, Noah",,ball,R,L,KC,MIN,1,2,,,,82.3,Changeup
CU,2026-08-05,"Taillon, Jameson",,swinging_strike,L,R,HOU,TOR,0,0,,,,80.1,Curveball
SI,2026-08-05,"Elder, Bryce",,foul,R,R,ATL,MIA,1,2,3,79.4,-33,90.6,Sinker
SL,2026-08-05,"Lopez, Jacob",field_out,hit_into_play,L,L,CIN,ATH,0,0,333,102.4,38,78,Slider
CU,2026-08-05,"Scott, Christian",single,hit_into_play,L,R,CLE,NYM,0,2,212,69.8,36,84.2,Curveball
CU,2026-08-05,"Gray, Sonny",,swinging_strike,L,R,BOS,CWS,0,0,,,,78.8,Curveball
FC,2026-08-05,"Kremer, Dean",,ball,R,R,KC,MIN,0,0,,,,87.6,Cutter
FF,2026-08-05,"Scott, Christian",,foul,L,R,CLE,NYM,0,2,18,78.2,-10,97.4,4-Seam Fastball
SL,2026-08-05,"Elder, Bryce",,foul,R,R,ATL,MIA,1,1,12,72.8,-9,83.3,Slider
FF,2026-08-05,"Cameron, Noah",,called_strike,R,L,KC,MIN,1,1,,,,94.4,4-Seam Fastball
SL,2026-08-05,"Mize, Casey",,ball,R,R,AZ,SD,2,1,,,,88.6,Slider
FF,2026-08-05,"Detmers, Reid",double,hit_into_play,R,L,BAL,LAA,0,0,322,111,18,91,4-Seam Fastball
FC,2026-08-05,"Lopez, Jacob",field_out,hit_into_play,R,L,CIN,ATH,1,1,149,85.1,62,90,Cutter
FF,2026-08-05,"Gray, Sonny",single,hit_into_play,R,R,BOS,CWS,1,0,131,85.1,10,92.4,4-Seam Fastball
FF,2026-08-05,"Rogers, Trevor",,foul,L,L,BAL,LAA,0,1,239,79.7,30,94.8,4-Seam Fastball
SI,2026-08-05,"Taillon, Jameson",field_out,hit_into_play,R,R,HOU,TOR,0,0,268,100.2,17,91.6,Sinker
FF,2026-08-05,"Scott, Christian",,foul,L,R,CLE,NYM,0,1,228,76.6,27,96.7,4-Seam Fastball
SL,2026-08-05,"Mize, Casey",,ball,R,R,AZ,SD,1,1,,,,89.6,Slider
SI,2026-08-05,"Taillon, Jameson",field_out,hit_into_play,R,R,HOU,TOR,0,0,235,81.2,49,91.4,Sinker
FF,2026-08-05,"Kremer, Dean",single,hit_into_play,L,R,KC,MIN,1,0,13,103,-10,92,4-Seam Fastball
SI,2026-08-05,"Rogers, Trevor",,called_strike,L,L,BAL,LAA,0,0,,,,94.9,Sinker
FC,2026-08-05,"Elder, Bryce",,foul,R,R,ATL,MIA,1,0,,,,87.2,Cutter
CH,2026-08-05,"Cameron, Noah",,swinging_strike,R,L,KC,MIN,1,0,,,,80.7,Changeup
CH,2026-08-05,"Lopez, Jacob",,ball,R,L,CIN,ATH,0,1,,,,82.8,Changeup
CU,2026-08-05,"Detmers, Reid",home_run,hit_into_play,R,L,BAL,LAA,2,2,436,105.9,31,70,Curveball
FF,2026-08-05,"Gray, Sonny",,ball,R,R,BOS,CWS,0,0,,,,91.5,4-Seam Fastball
FF,2026-08-05,"Kremer, Dean",,blocked_ball,L,R,KC,MIN,0,0,,,,92.3,4-Seam Fastball
SL,2026-08-05,"Lopez, Jacob",,called_strike,R,L,CIN,ATH,0,0,,,,76.7,Slider
FC,2026-08-05,"Scott, Christian",,called_strike,L,R,CLE,NYM,0,0,,,,91.7,Cutter
SI,2026-08-05,"Elder, Bryce",,ball,R,R,ATL,MIA,0,0,,,,89.1,Sinker
FS,2026-08-05,"Mize, Casey",,ball,R,R,AZ,SD,0,1,,,,88.8,Split-Finger
FF,2026-08-05,"Rogers, Trevor",strikeout,called_strike,R,L,BAL,LAA,3,2,,,,94.3,4-Seam Fastball
SL,2026-08-05,"Detmers, Reid",,foul,R,L,BAL,LAA,2,2,302,106.2,21,85.4,Slider
FC,2026-08-05,"Cameron, Noah",,ball,R,L,KC,MIN,0,0,,,,89.2,Cutter
ST,2026-08-05,"Gray, Sonny",strikeout,swinging_strike,L,R,BOS,CWS,1,2,,,,85.1,Sweeper
ST,2026-08-05,"Taillon, Jameson",field_out,hit_into_play,R,R,HOU,TOR,0,0,9,95.1,-15,80.3,Sweeper
SL,2026-08-05,"Cameron, Noah",field_out,hit_into_play,R,L,KC,MIN,1,1,317,106.3,17,85.8,Slider
SI,2026-08-05,"Elder, Bryce",field_out,hit_into_play,L,R,ATL,MIA,1,0,304,82.4,32,88.1,Sinker
ST,2026-08-05,"Gray, Sonny",,blocked_ball,L,R,BOS,CWS,0,2,,,,85.7,Sweeper
SI,2026-08-05,"Mize, Casey",,called_strike,R,R,AZ,SD,0,0,,,,94.9,Sinker
CU,2026-08-05,"Detmers, Reid",,foul,R,L,BAL,LAA,2,2,6,66.5,-25,71.3,Curveball
FC,2026-08-05,"Lopez, Jacob",strikeout,swinging_strike,R,L,CIN,ATH,3,2,,,,86.6,Cutter
FS,2026-08-05,"Kremer, Dean",single,hit_into_play,L,R,KC,MIN,0,2,17,91.7,-5,83.8,Split-Finger
FF,2026-08-05,"Scott, Christian",single,hit_into_play,L,R,CLE,NYM,1,2,9,97.7,-17,98.4,4-Seam Fastball
FF,2026-08-05,"Rogers, Trevor",,foul,R,L,BAL,LAA,3,2,189,75.5,65,94.3,4-Seam Fastball
FF,2026-08-05,"Taillon, Jameson",single,hit_into_play,L,R,HOU,TOR,3,1,243,87.8,15,92.8,4-Seam Fastball
FS,2026-08-05,"Mize, Casey",single,hit_into_play,L,R,AZ,SD,1,0,205,92.6,11,88.7,Split-Finger
FC,2026-08-05,"Cameron, Noah",,called_strike,R,L,KC,MIN,1,0,,,,89.2,Cutter
FF,2026-08-05,"Lopez, Jacob",,foul,R,L,CIN,ATH,3,2,121,78.4,14,92.6,4-Seam Fastball
FC,2026-08-05,"Elder, Bryce",,ball,L,R,ATL,MIA,0,0,,,,89.3,Cutter
FF,2026-08-05,"Scott, Christian",,foul,L,R,CLE,NYM,1,1,191,74.3,17,96.9,4-Seam Fastball
ST,2026-08-05,"Gray, Sonny",,swinging_strike_blocked,L,R,BOS,CWS,0,1,,,,85.6,Sweeper
FF,2026-08-05,"Taillon, Jameson",,called_strike,L,R,HOU,TOR,3,0,,,,93.1,4-Seam Fastball
FF,2026-08-05,"Rogers, Trevor",,foul,R,L,BAL,LAA,3,1,192,73.4,59,94.2,4-Seam Fastball
CU,2026-08-05,"Detmers, Reid",,called_strike,R,L,BAL,LAA,2,1,,,,71.5,Curveball
FF,2026-08-05,"Kremer, Dean",,foul,L,R,KC,MIN,0,2,217,73.6,44,93.7,4-Seam Fastball
FC,2026-08-05,"Gray, Sonny",,foul_tip,L,R,BOS,CWS,0,0,,,,90.2,Cutter
FF,2026-08-05,"Mize, Casey",,ball,L,R,AZ,SD,0,0,,,,94.6,4-Seam Fastball
FF,2026-08-05,"Cameron, Noah",,ball,R,L,KC,MIN,0,0,,,,91.8,4-Seam Fastball
FF,2026-08-05,"Rogers, Trevor",,called_strike,R,L,BAL,LAA,3,0,,,,94.3,4-Seam Fastball
SI,2026-08-05,"Taillon, Jameson",,blocked_ball,L,R,HOU,TOR,2,0,,,,93.7,Sinker
FS,2026-08-05,"Kremer, Dean",,foul,L,R,KC,MIN,0,2,151,85.8,12,82.4,Split-Finger
SL,2026-08-05,"Detmers, Reid",,ball,R,L,BAL,LAA,1,1,,,,84.1,Slider
CH,2026-08-05,"Elder, Bryce",field_out,hit_into_play,R,R,ATL,MIA,1,2,348,95.4,24,86.5,Changeup
FF,2026-08-05,"Scott, Christian",,ball,L,R,CLE,NYM,0,1,,,,97.1,4-Seam Fastball
SL,2026-08-05,"Lopez, Jacob",,foul,R,L,CIN,ATH,3,2,362,99.4,43,78.4,Slider
SI,2026-08-05,"Gray, Sonny",field_out,hit_into_play,L,R,BOS,CWS,1,1,1,66.7,-70,92.4,Sinker
FC,2026-08-05,"Lopez, Jacob",,foul,R,L,CIN,ATH,3,2,13,88.6,-10,88.1,Cutter
SL,2026-08-05,"Mize, Casey",single,hit_into_play,L,R,AZ,SD,0,0,203,99.9,12,88,Slider
SI,2026-08-05,"Elder, Bryce",,foul,R,R,ATL,MIA,1,1,,,,90,Sinker
SI,2026-08-05,"Cameron, Noah",field_out,hit_into_play,R,L,KC,MIN,0,0,113,83.4,8,92,Sinker
FF,2026-08-05,"Scott, Christian",,called_strike,L,R,CLE,NYM,0,0,,,,96.3,4-Seam Fastball
CH,2026-08-05,"Detmers, Reid",,ball,R,L,BAL,LAA,0,1,,,,83,Changeup
FS,2026-08-05,"Kremer, Dean",,foul,L,R,KC,MIN,0,2,201,74.6,60,82.1,Split-Finger
FF,2026-08-05,"Rogers, Trevor",,ball,R,L,BAL,LAA,2,0,,,,94.9,4-Seam Fastball
FC,2026-08-05,"Taillon, Jameson",,ball,L,R,HOU,TOR,1,0,,,,90.3,Cutter
SL,2026-08-05,"Kremer, Dean",,foul,L,R,KC,MIN,0,2,9,78.6,-13,83.4,Slider
FF,2026-08-05,"Rogers, Trevor",,ball,R,L,BAL,LAA,1,0,,,,93.7,4-Seam Fastball
FC,2026-08-05,"Lopez, Jacob",,foul,R,L,CIN,ATH,3,2,198,72.1,48,90.2,Cutter
CH,2026-08-05,"Cameron, Noah",field_out,hit_into_play,R,L,KC,MIN,1,1,10,71.3,-8,80,Changeup
CU,2026-08-05,"Detmers, Reid",,called_strike,R,L,BAL,LAA,0,0,,,,69.4,Curveball
FC,2026-08-05,"Elder, Bryce",,foul,R,R,ATL,MIA,1,0,251,89.3,51,88.2,Cutter
FS,2026-08-05,"Mize, Casey",single,hit_into_play,L,R,AZ,SD,0,1,145,83.8,11,90.4,Split-Finger
CH,2026-08-05,"Taillon, Jameson",,ball,L,R,HOU,TOR,0,0,,,,86.4,Changeup
CU,2026-08-05,"Scott, Christian",strikeout,swinging_strike_blocked,L,R,CLE,NYM,0,2,,,,84.3,Curveball
FF,2026-08-05,"Gray, Sonny",,called_strike,L,R,BOS,CWS,1,0,,,,92.2,4-Seam Fastball
CH,2026-08-05,"Gray, Sonny",,ball,L,R,BOS,CWS,0,0,,,,84.9,Changeup
FC,2026-08-05,"Scott, Christian",,swinging_strike,L,R,CLE,NYM,0,1,,,,92.1,Cutter
FC,2026-08-05,"Cameron, Noah",,swinging_strike,R,L,KC,MIN,1,0,,,,90.8,Cutter
FF,2026-08-05,"Rogers, Trevor",,ball,R,L,BAL,LAA,0,0,,,,94.2,4-Seam Fastball
FF,2026-08-05,"Detmers, Reid",home_run,hit_into_play,R,L,BAL,LAA,3,1,426,108.5,30,93.1,4-Seam Fastball
CU,2026-08-05,"Taillon, Jameson",double,hit_into_play,R,R,HOU,TOR,2,2,175,109.2,9,83.5,Curveball
SI,2026-08-05,"Elder, Bryce",,ball,R,R,ATL,MIA,0,0,,,,90.8,Sinker
FS,2026-08-05,"Mize, Casey",,foul,L,R,AZ,SD,0,0,13,88.8,-8,90.1,Split-Finger
FS,2026-08-05,"Kremer, Dean",,foul,L,R,KC,MIN,0,1,142,74.4,72,81.3,Split-Finger
FF,2026-08-05,"Lopez, Jacob",,ball,R,L,CIN,ATH,2,2,,,,92.3,4-Seam Fastball
FC,2026-08-05,"Rogers, Trevor",field_out,hit_into_play,L,L,BAL,LAA,0,1,165,83.4,63,83.3,Cutter
FF,2026-08-05,"Gray, Sonny",field_error,hit_into_play,L,R,BOS,CWS,0,0,9,96.4,-14,92.9,4-Seam Fastball
CH,2026-08-05,"Elder, Bryce",strikeout,swinging_strike,L,R,ATL,MIA,1,2,,,,86.1,Changeup
FF,2026-08-05,"Kremer, Dean",,called_strike,L,R,KC,MIN,0,0,,,,92.4,4-Seam Fastball
SL,2026-08-05,"Lopez, Jacob",,foul,R,L,CIN,ATH,2,2,5,73.5,-25,78.3,Slider
FF,2026-08-05,"Taillon, Jameson",,ball,R,R,HOU,TOR,1,2,,,,93.4,4-Seam Fastball
FF,2026-08-05,"Detmers, Reid",,called_strike,R,L,BAL,LAA,3,0,,,,90.7,4-Seam Fastball
SL,2026-08-05,"Mize, Casey",single,hit_into_play,R,R,AZ,SD,3,1,22,104.4,-5,90.1,Slider
ST,2026-08-05,"Scott, Christian",,called_strike,L,R,CLE,NYM,0,0,,,,85.3,Sweeper
CH,2026-08-05,"Cameron, Noah",,ball,R,L,KC,MIN,0,0,,,,79.8,Changeup
FF,2026-08-05,"Taillon, Jameson",,foul,R,R,HOU,TOR,1,2,213,73.9,40,93.4,4-Seam Fastball
ST,2026-08-05,"Gray, Sonny",strikeout,swinging_strike_blocked,R,R,BOS,CWS,1,2,,,,85.1,Sweeper
FF,2026-08-05,"Lopez, Jacob",,ball,R,L,CIN,ATH,1,2,,,,91,4-Seam Fastball
CH,2026-08-05,"Cameron, Noah",strikeout,swinging_strike,L,L,KC,MIN,1,2,,,,76.9,Changeup
ST,2026-08-05,"Scott, Christian",strikeout,called_strike,L,R,CLE,NYM,0,2,,,,85.1,Sweeper
FC,2026-08-05,"Kremer, Dean",field_out,hit_into_play,R,R,KC,MIN,2,0,5,80,-26,87.1,Cutter
FF,2026-08-05,"Rogers, Trevor",,called_strike,L,L,BAL,LAA,0,0,,,,93.4,4-Seam Fastball
SL,2026-08-05,"Mize, Casey",,ball,R,R,AZ,SD,2,1,,,,90,Slider
SI,2026-08-05,"Elder, Bryce",,ball,L,R,ATL,MIA,0,2,,,,90.6,Sinker
SL,2026-08-05,"Detmers, Reid",,ball,R,L,BAL,LAA,2,0,,,,84.5,Slider
CU,2026-08-05,"Cameron, Noah",,foul,L,L,KC,MIN,1,2,,,,82.5,Curveball
SI,2026-08-05,"Rogers, Trevor",strikeout,called_strike,R,L,BAL,LAA,1,2,,,,95,Sinker
FC,2026-08-05,"Elder, Bryce",,foul,L,R,ATL,MIA,0,1,,,,90.7,Cutter
FC,2026-08-05,"Lopez, Jacob",,foul,R,L,CIN,ATH,1,1,,,,88.6,Cutter
FF,2026-08-05,"Detmers, Reid",,ball,R,L,BAL,LAA,1,0,,,,90.9,4-Seam Fastball
CU,2026-08-05,"Kremer, Dean",,blocked_ball,R,R,KC,MIN,1,0,,,,77.6,Curveball
FF,2026-08-05,"Scott, Christian",,foul,L,R,CLE,NYM,0,2,241,79.6,47,98.5,4-Seam Fastball
FS,2026-08-05,"Mize, Casey",,blocked_ball,R,R,AZ,SD,1,1,,,,89.7,Split-Finger
ST,2026-08-05,"Taillon, Jameson",,blocked_ball,R,R,HOU,TOR,0,2,,,,81.4,Sweeper
SI,2026-08-05,"Gray, Sonny",,ball,R,R,BOS,CWS,0,2,,,,93.9,Sinker
FC,2026-08-05,"Kremer, Dean",,ball,R,R,KC,MIN,0,0,,,,87.7,Cutter
SL,2026-08-05,"Mize, Casey",,swinging_strike,R,R,AZ,SD,1,0,,,,90.5,Slider
SI,2026-08-05,"Gray, Sonny",,foul,R,R,BOS,CWS,0,1,3,73.8,-40,92.8,Sinker
FF,2026-08-05,"Elder, Bryce",,called_strike,L,R,ATL,MIA,0,0,,,,91.6,4-Seam Fastball
FF,2026-08-05,"Painter, Andrew",field_out,hit_into_play,L,R,PHI,WSH,1,0,82,84.8,4,96.4,4-Seam Fastball
FF,2026-08-05,"Rogers, Trevor",,foul,R,L,BAL,LAA,1,2,258,80.4,40,96.4,4-Seam Fastball
SL,2026-08-05,"Cameron, Noah",,foul,L,L,KC,MIN,1,1,162,98.5,10,84.3,Slider
CH,2026-08-05,"Detmers, Reid",,ball,R,L,BAL,LAA,0,0,,,,81.7,Changeup
CH,2026-08-05,"Lopez, Jacob",,ball,R,L,CIN,ATH,0,1,,,,82.3,Changeup
FF,2026-08-05,"Scott, Christian",,foul,L,R,CLE,NYM,0,1,239,74.7,32,97.9,4-Seam Fastball
CU,2026-08-05,"Taillon, Jameson",,foul,R,R,HOU,TOR,0,2,6,84.6,-19,81.9,Curveball
FF,2026-08-05,"Cameron, Noah",,ball,L,L,KC,MIN,0,1,,,,92.9,4-Seam Fastball
SV,2026-08-05,"Mize, Casey",,blocked_ball,R,R,AZ,SD,0,0,,,,83.2,Slurve
SL,2026-08-05,"Painter, Andrew",,ball,L,R,PHI,WSH,0,0,,,,88.3,Slider
SI,2026-08-05,"Kremer, Dean",force_out,hit_into_play,L,R,KC,MIN,2,0,64,77.7,4,91.5,Sinker
CH,2026-08-05,"Elder, Bryce",field_out,hit_into_play,L,R,ATL,MIA,1,0,72,104.3,2,85,Changeup
ST,2026-08-05,"Rogers, Trevor",,ball,R,L,BAL,LAA,0,2,,,,80.3,Sweeper
CU,2026-08-05,"Taillon, Jameson",,swinging_strike,R,R,HOU,TOR,0,1,,,,82.6,Curveball
FF,2026-08-05,"Scott, Christian",,swinging_strike,L,R,CLE,NYM,0,0,,,,97.2,4-Seam Fastball
SL,2026-08-05,"Detmers, Reid",walk,ball,L,L,BAL,LAA,3,2,,,,83.8,Slider
FF,2026-08-05,"Gray, Sonny",,called_strike,R,R,BOS,CWS,0,0,,,,91,4-Seam Fastball
SL,2026-08-05,"Lopez, Jacob",,foul,R,L,CIN,ATH,0,0,42,89.3,-2,80.6,Slider
SL,2026-08-05,"Detmers, Reid",,ball,L,L,BAL,LAA,2,2,,,,86.1,Slider
SI,2026-08-05,"Mize, Casey",double,hit_into_play,R,R,AZ,SD,0,1,315,104.5,20,94,Sinker
CH,2026-08-05,"Rogers, Trevor",,foul,R,L,BAL,LAA,0,1,2,65.5,-35,88.8,Changeup
CU,2026-08-05,"Taillon, Jameson",,swinging_strike,R,R,HOU,TOR,0,0,,,,78.6,Curveball
SL,2026-08-05,"Cameron, Noah",,called_strike,L,L,KC,MIN,0,0,,,,83.6,Slider
SL,2026-08-05,"Elder, Bryce",,ball,L,R,ATL,MIA,0,0,,,,81.2,Slider
CU,2026-08-05,"Gray, Sonny",strikeout,swinging_strike_blocked,L,R,BOS,CWS,3,2,,,,81.1,Curveball
FF,2026-08-05,"Painter, Andrew",field_out,hit_into_play,L,R,PHI,WSH,1,0,14,86.7,-10,95.9,4-Seam Fastball
ST,2026-08-05,"Scott, Christian",field_out,hit_into_play,L,R,CLE,NYM,1,2,3,78.7,-36,84.2,Sweeper
FF,2026-08-05,"Kremer, Dean",,ball,L,R,KC,MIN,1,0,,,,92.7,4-Seam Fastball
FF,2026-08-05,"Lopez, Jacob",field_out,hit_into_play,R,L,CIN,ATH,2,2,61,79.3,82,93.3,4-Seam Fastball
FF,2026-08-05,"Taillon, Jameson",strikeout,swinging_strike,L,R,HOU,TOR,2,2,,,,92.7,4-Seam Fastball
SI,2026-08-05,"Gray, Sonny",,ball,L,R,BOS,CWS,2,2,,,,93.2,Sinker
FF,2026-08-05,"Detmers, Reid",,foul,L,L,BAL,LAA,2,2,193,76.6,62,93.7,4-Seam Fastball
FS,2026-08-05,"Kremer, Dean",,blocked_ball,L,R,KC,MIN,0,0,,,,83.7,Split-Finger
FF,2026-08-05,"Rogers, Trevor",,called_strike,R,L,BAL,LAA,0,0,,,,94.4,4-Seam Fastball
FF,2026-08-05,"Painter, Andrew",,ball,L,R,PHI,WSH,0,0,,,,96.8,4-Seam Fastball
FC,2026-08-05,"Elder, Bryce",field_out,hit_into_play,R,R,ATL,MIA,0,0,342,92.3,35,89.3,Cutter
SL,2026-08-05,"Lopez, Jacob",,foul,R,L,CIN,ATH,2,1,158,64.5,59,76.3,Slider
CU,2026-08-05,"Scott, Christian",,ball,L,R,CLE,NYM,0,2,,,,83.8,Curveball
SL,2026-08-05,"Mize, Casey",,foul,R,R,AZ,SD,0,0,2,79.3,-43,90.2,Slider
FF,2026-08-05,"Cameron, Noah",strikeout,swinging_strike,R,L,KC,MIN,1,2,,,,94.2,4-Seam Fastball
SL,2026-08-05,"Elder, Bryce",field_out,hit_into_play,L,R,ATL,MIA,0,0,109,91.1,7,82.3,Slider
FC,2026-08-05,"Lopez, Jacob",,ball,R,L,CIN,ATH,1,1,,,,89.2,Cutter
FF,2026-08-05,"Scott, Christian",,foul,L,R,CLE,NYM,0,2,298,87.7,25,99.1,4-Seam Fastball
CU,2026-08-05,"Taillon, Jameson",,ball,L,R,HOU,TOR,1,2,,,,84.5,Curveball
FC,2026-08-05,"Kremer, Dean",walk,blocked_ball,R,R,KC,MIN,3,1,,,,87.8,Cutter
FF,2026-08-05,"Painter, Andrew",field_out,hit_into_play,L,R,PHI,WSH,3,1,3,91.9,-25,96.6,4-Seam Fastball
SL,2026-08-05,"Cameron, Noah",,foul,R,L,KC,MIN,1,1,4,72.3,-21,86.2,Slider
SL,2026-08-05,"Mize, Casey",field_out,hit_into_play,R,R,AZ,SD,1,1,256,77,44,88.2,Slider
SI,2026-08-05,"Rogers, Trevor",field_out,hit_into_play,L,L,BAL,LAA,0,1,6,54.2,-25,94.2,Sinker
SL,2026-08-05,"Detmers, Reid",,ball,L,L,BAL,LAA,1,2,,,,86.6,Slider
ST,2026-08-05,"Gray, Sonny",,foul,L,R,BOS,CWS,2,2,2,70.9,-48,85.3,Sweeper
FC,2026-08-05,"Taillon, Jameson",,swinging_strike,L,R,HOU,TOR,1,1,,,,90.3,Cutter
FF,2026-08-05,"Kremer, Dean",,called_strike,R,R,KC,MIN,3,0,,,,92.1,4-Seam Fastball
ST,2026-08-05,"Rogers, Trevor",,called_strike,L,L,BAL,LAA,0,0,,,,77.7,Sweeper
ST,2026-08-05,"Gray, Sonny",,swinging_strike,L,R,BOS,CWS,2,1,,,,84.1,Sweeper
FF,2026-08-05,"Painter, Andrew",,swinging_strike,L,R,PHI,WSH,3,0,,,,95.6,4-Seam Fastball
FC,2026-08-05,"Lopez, Jacob",,foul,R,L,CIN,ATH,1,0,6,70.3,-25,87.9,Cutter
FF,2026-08-05,"Scott, Christian",,foul,L,R,CLE,NYM,0,1,287,89.3,18,96.8,4-Seam Fastball
SL,2026-08-05,"Detmers, Reid",,ball,L,L,BAL,LAA,0,2,,,,86.5,Slider
CU,2026-08-05,"Cameron, Noah",,ball,R,L,KC,MIN,0,1,,,,83.7,Curveball
FC,2026-08-05,"Elder, Bryce",double,hit_into_play,L,R,ATL,MIA,3,2,199,81.6,14,88.4,Cutter
SL,2026-08-05,"Mize, Casey",,ball,R,R,AZ,SD,0,1,,,,89,Slider
FF,2026-08-05,"Scott, Christian",,called_strike,L,R,CLE,NYM,0,0,,,,96.2,4-Seam Fastball
FF,2026-08-05,"Painter, Andrew",,ball,L,R,PHI,WSH,2,0,,,,96.3,4-Seam Fastball
CH,2026-08-05,"Taillon, Jameson",,swinging_strike_blocked,L,R,HOU,TOR,1,0,,,,85.1,Changeup
SL,2026-08-05,"Detmers, Reid",,swinging_strike,L,L,BAL,LAA,0,1,,,,87,Slider
FF,2026-08-05,"Rogers, Trevor",field_out,hit_into_play,R,L,BAL,LAA,3,2,266,82.4,45,95.3,4-Seam Fastball
SL,2026-08-05,"Lopez, Jacob",,ball,R,L,CIN,ATH,0,0,,,,77,Slider
CH,2026-08-05,"Cameron, Noah",,foul,R,L,KC,MIN,0,0,343,96.4,46,79.3,Changeup
FF,2026-08-05,"Mize, Casey",,called_strike,R,R,AZ,SD,0,0,,,,92.9,4-Seam Fastball
FC,2026-08-05,"Kremer, Dean",,ball,R,R,KC,MIN,2,0,,,,86.9,Cutter
FC,2026-08-05,"Elder, Bryce",,foul,L,R,ATL,MIA,3,2,211,68.5,33,87.4,Cutter
FC,2026-08-05,"Gray, Sonny",,swinging_strike,L,R,BOS,CWS,2,0,,,,88.2,Cutter
SV,2026-08-05,"Mize, Casey",field_out,hit_into_play,L,R,AZ,SD,0,2,384,98,28,81.5,Slurve
FF,2026-08-05,"Detmers, Reid",,called_strike,L,L,BAL,LAA,0,0,,,,93,4-Seam Fastball
FF,2026-08-05,"Lopez, Jacob",strikeout,swinging_strike,R,L,CIN,ATH,3,2,,,,93.3,4-Seam Fastball
FC,2026-08-05,"Scott, Christian",single,hit_into_play,L,R,CLE,NYM,0,0,165,73.1,17,92.1,Cutter
SI,2026-08-05,"Gray, Sonny",,ball,L,R,BOS,CWS,1,0,,,,92.4,Sinker
CH,2026-08-05,"Taillon, Jameson",,ball,L,R,HOU,TOR,0,0,,,,84.6,Changeup
FF,2026-08-05,"Rogers, Trevor",,foul,R,L,BAL,LAA,3,2,236,72.3,40,94.2,4-Seam Fastball
CH,2026-08-05,"Cameron, Noah",grounded_into_double_play,hit_into_play,R,L,KC,MIN,1,0,44,90.4,0,81,Changeup
CH,2026-08-05,"Elder, Bryce",,foul,L,R,ATL,MIA,3,2,165,71.4,65,85.1,Changeup
CH,2026-08-05,"Painter, Andrew",,ball,L,R,PHI,WSH,1,0,,,,90.1,Changeup
FF,2026-08-05,"Kremer, Dean",,ball,R,R,KC,MIN,1,0,,,,93.4,4-Seam Fastball
FF,2026-08-05,"Elder, Bryce",,ball,L,R,ATL,MIA,2,2,,,,92.9,4-Seam Fastball
ST,2026-08-05,"Painter, Andrew",,ball,L,R,PHI,WSH,0,0,,,,82.6,Sweeper
SL,2026-08-05,"Mize, Casey",,foul,L,R,AZ,SD,0,1,,,,87.1,Slider
CU,2026-08-05,"Gray, Sonny",,blocked_ball,L,R,BOS,CWS,0,0,,,,79.6,Curveball
FF,2026-08-05,"Kremer, Dean",,ball,R,R,KC,MIN,0,0,,,,92.8,4-Seam Fastball
FF,2026-08-05,"Detmers, Reid",field_out,hit_into_play,R,L,BAL,LAA,0,0,318,104.7,49,92.6,4-Seam Fastball
FF,2026-08-05,"Rogers, Trevor",,foul,R,L,BAL,LAA,3,1,242,83,51,94,4-Seam Fastball
FC,2026-08-05,"Lopez, Jacob",,ball,R,L,CIN,ATH,2,2,,,,89.5,Cutter
CU,2026-08-05,"Scott, Christian",double,hit_into_play,L,R,CLE,NYM,2,2,333,103,16,85,Curveball
SL,2026-08-05,"Cameron, Noah",,ball,R,L,KC,MIN,0,0,,,,86.5,Slider
SI,2026-08-05,"Taillon, Jameson",single,hit_into_play,L,R,HOU,TOR,0,0,178,89.2,12,93.4,Sinker
FC,2026-08-05,"Elder, Bryce",,foul,L,R,ATL,MIA,2,1,11,89.6,-8,88.2,Cutter
FF,2026-08-05,"Rogers, Trevor",,swinging_strike,R,L,BAL,LAA,3,0,,,,93.9,4-Seam Fastball
FF,2026-08-05,"Scott, Christian",,ball,L,R,CLE,NYM,1,2,,,,95.7,4-Seam Fastball
SL,2026-08-05,"Mize, Casey",,called_strike,L,R,AZ,SD,0,0,,,,89,Slider
CH,2026-08-05,"Painter, Andrew",strikeout,swinging_strike,L,R,PHI,WSH,1,2,,,,89.3,Changeup
SL,2026-08-05,"Detmers, Reid",strikeout,swinging_strike,R,L,BAL,LAA,2,2,,,,85.9,Slider
FC,2026-08-05,"Taillon, Jameson",home_run,hit_into_play,R,R,HOU,TOR,2,1,401,107,30,89.5,Cutter
FC,2026-08-05,"Lopez, Jacob",,ball,R,L,CIN,ATH,1,2,,,,90.1,Cutter
FF,2026-08-05,"Kremer, Dean",strikeout,swinging_strike,L,R,KC,MIN,1,2,,,,93,4-Seam Fastball
ST,2026-08-05,"Gray, Sonny",strikeout,swinging_strike_blocked,L,R,BOS,CWS,1,2,,,,85.5,Sweeper
FF,2026-08-05,"Gray, Sonny",,foul,L,R,BOS,CWS,1,1,259,83.5,26,93,4-Seam Fastball
FS,2026-08-05,"Mize, Casey",home_run,hit_into_play,R,R,AZ,SD,1,2,414,105.8,23,89.7,Split-Finger
FF,2026-08-05,"Kremer, Dean",,foul,L,R,KC,MIN,1,2,,,,93.2,4-Seam Fastball
CU,2026-08-05,"Cameron, Noah",,swinging_strike,R,L,KC,MIN,0,0,,,,82.1,Curveball
SI,2026-08-05,"Elder, Bryce",,called_strike,L,R,ATL,MIA,2,0,,,,89.4,Sinker
FF,2026-08-05,"Scott, Christian",,swinging_strike,L,R,CLE,NYM,1,1,,,,96.5,4-Seam Fastball
SL,2026-08-05,"Lopez, Jacob",,blocked_ball,R,L,CIN,ATH,0,2,,,,76.7,Slider
FF,2026-08-05,"Detmers, Reid",,foul,R,L,BAL,LAA,2,2,231,84.3,57,94.1,4-Seam Fastball
FC,2026-08-05,"Taillon, Jameson",,ball,R,R,HOU,TOR,1,1,,,,87.8,Cutter
FF,2026-08-05,"Painter, Andrew",,foul,L,R,PHI,WSH,1,2,166,76.8,73,96.9,4-Seam Fastball
ST,2026-08-05,"Rogers, Trevor",,ball,R,L,BAL,LAA,2,0,,,,78.6,Sweeper
FC,2026-08-05,"Lopez, Jacob",,foul_tip,R,L,CIN,ATH,0,1,,,,89.1,Cutter
FF,2026-08-05,"Painter, Andrew",,foul,L,R,PHI,WSH,1,1,265,91.2,18,96.4,4-Seam Fastball
FF,2026-08-05,"Rogers, Trevor",,ball,R,L,BAL,LAA,1,0,,,,93.4,4-Seam Fastball
FS,2026-08-05,"Kremer, Dean",,foul,L,R,KC,MIN,1,2,174,67.7,23,81.3,Split-Finger
SL,2026-08-05,"Cameron, Noah",single,hit_into_play,L,L,KC,MIN,1,2,3,72.6,-31,86.8,Slider
CU,2026-08-05,"Gray, Sonny",,foul,L,R,BOS,CWS,1,0,302,95.3,25,80.1,Curveball
SI,2026-08-05,"Elder, Bryce",,ball,L,R,ATL,MIA,1,0,,,,88.5,Sinker
SL,2026-08-05,"Detmers, Reid",,foul,R,L,BAL,LAA,2,1,112,81.3,9,86.4,Slider
FC,2026-08-05,"Scott, Christian",,ball,L,R,CLE,NYM,0,1,,,,90.2,Cutter
FF,2026-08-05,"Mize, Casey",,foul,R,R,AZ,SD,1,1,296,91.4,46,94.1,4-Seam Fastball
SI,2026-08-05,"Taillon, Jameson",,ball,R,R,HOU,TOR,0,1,,,,93.5,Sinker
FF,2026-08-05,"Cameron, Noah",,foul,L,L,KC,MIN,1,2,228,77.1,49,94.4,4-Seam Fastball
FF,2026-08-05,"Lopez, Jacob",,foul,R,L,CIN,ATH,0,0,181,87.8,68,90.9,4-Seam Fastball
FF,2026-08-05,"Kremer, Dean",,ball,L,R,KC,MIN,0,2,,,,92.5,4-Seam Fastball
FF,2026-08-05,"Mize, Casey",,foul,R,R,AZ,SD,1,0,227,80.2,55,95.8,4-Seam Fastball
SI,2026-08-05,"Gray, Sonny",,ball,L,R,BOS,CWS,0,0,,,,92.6,Sinker
FF,2026-08-05,"Rogers, Trevor",,ball,R,L,BAL,LAA,0,0,,,,93.8,4-Seam Fastball
CH,2026-08-05,"Painter, Andrew",,ball,L,R,PHI,WSH,0,1,,,,89.4,Changeup
SI,2026-08-05,"Taillon, Jameson",,swinging_strike,R,R,HOU,TOR,0,0,,,,93.1,Sinker
FF,2026-08-05,"Detmers, Reid",,ball,R,L,BAL,LAA,1,1,,,,93.6,4-Seam Fastball
FF,2026-08-05,"Elder, Bryce",,ball,L,R,ATL,MIA,0,0,,,,92,4-Seam Fastball
ST,2026-08-05,"Scott, Christian",,foul,L,R,CLE,NYM,0,0,350,97.1,32,81.6,Sweeper
FF,2026-08-05,"Scott, Christian",walk,ball,R,R,CLE,NYM,3,2,,,,97.9,4-Seam Fastball
FF,2026-08-05,"Mize, Casey",,ball,R,R,AZ,SD,0,0,,,,94.5,4-Seam Fastball
ST,2026-08-05,"Gray, Sonny",double,hit_into_play,L,R,BOS,CWS,1,2,333,98.3,39,85.9,Sweeper
SL,2026-08-05,"Cameron, Noah",,foul,L,L,KC,MIN,1,2,,,,85.3,Slider
FS,2026-08-05,"Kremer, Dean",,swinging_strike,L,R,KC,MIN,0,1,,,,81.3,Split-Finger
CH,2026-08-05,"Elder, Bryce",walk,ball,L,R,ATL,MIA,3,2,,,,86.2,Changeup
FC,2026-08-05,"Lopez, Jacob",walk,ball,R,L,CIN,ATH,3,2,,,,90.7,Cutter
FF,2026-08-05,"Taillon, Jameson",field_out,hit_into_play,L,R,HOU,TOR,3,1,176,97.8,10,93.1,4-Seam Fastball
CU,2026-08-05,"Detmers, Reid",,ball,R,L,BAL,LAA,0,1,,,,69.9,Curveball
FF,2026-08-05,"Rogers, Trevor",field_out,hit_into_play,R,L,BAL,LAA,3,1,121,101.2,7,95.6,4-Seam Fastball
CH,2026-08-05,"Painter, Andrew",,swinging_strike,L,R,PHI,WSH,0,0,,,,90,Changeup
FF,2026-08-05,"Mize, Casey",sac_fly,hit_into_play,R,R,AZ,SD,2,1,331,88,33,96.3,4-Seam Fastball
ST,2026-08-05,"Scott, Christian",,foul,R,R,CLE,NYM,3,2,97,63.6,76,84.6,Sweeper
FC,2026-08-05,"Lopez, Jacob",,ball,R,L,CIN,ATH,2,2,,,,89.8,Cutter
SL,2026-08-05,"Detmers, Reid",,called_strike,R,L,BAL,LAA,0,0,,,,86.1,Slider
SL,2026-08-05,"Cameron, Noah",,foul,L,L,KC,MIN,1,1,4,65.8,-24,86.4,Slider
CH,2026-08-05,"Elder, Bryce",,foul,L,R,ATL,MIA,3,2,9,85.3,-16,85.3,Changeup
CU,2026-08-05,"Gray, Sonny",,swinging_strike,L,R,BOS,CWS,1,1,,,,80.5,Curveball
FF,2026-08-05,"Painter, Andrew",field_out,hit_into_play,L,R,PHI,WSH,2,2,269,82.9,44,96.3,4-Seam Fastball
FS,2026-08-05,"Kremer, Dean",,foul,L,R,KC,MIN,0,0,2,57.2,-48,82.7,Split-Finger
CH,2026-08-05,"Rogers, Trevor",,ball,R,L,BAL,LAA,2,1,,,,88.6,Changeup
SI,2026-08-05,"Taillon, Jameson",,called_strike,L,R,HOU,TOR,3,0,,,,93.2,Sinker
ST,2026-08-05,"Scott, Christian",,ball,R,R,CLE,NYM,2,2,,,,84.7,Sweeper
SL,2026-08-05,"Mize, Casey",,blocked_ball,R,R,AZ,SD,1,1,,,,88.2,Slider
SI,2026-08-05,"Cameron, Noah",,called_strike,L,L,KC,MIN,1,0,,,,92.7,Sinker
CU,2026-08-05,"Gray, Sonny",,foul,L,R,BOS,CWS,1,0,4,65.7,-28,80,Curveball
SL,2026-08-05,"Lopez, Jacob",,ball,R,L,CIN,ATH,1,2,,,,78.1,Slider
FF,2026-08-05,"Taillon, Jameson",,ball,L,R,HOU,TOR,2,0,,,,92.2,4-Seam Fastball
SL,2026-08-05,"Detmers, Reid",strikeout,swinging_strike,R,L,BAL,LAA,3,2,,,,84.5,Slider
CH,2026-08-05,"Painter, Andrew",,foul,L,R,PHI,WSH,2,2,241,83.6,50,88.7,Changeup
FF,2026-08-05,"Kremer, Dean",field_out,hit_into_play,L,R,KC,MIN,1,2,184,83.1,60,93.5,4-Seam Fastball
FF,2026-08-05,"Rogers, Trevor",,ball,R,L,BAL,LAA,1,1,,,,95.2,4-Seam Fastball
FC,2026-08-05,"Elder, Bryce",,foul,L,R,ATL,MIA,3,2,4,89.5,-33,88.1,Cutter
SL,2026-08-05,"Lopez, Jacob",,ball,R,L,CIN,ATH,0,2,,,,77.3,Slider
FC,2026-08-05,"Elder, Bryce",,foul,L,R,ATL,MIA,3,1,161,69.3,65,88.3,Cutter
ST,2026-08-05,"Rogers, Trevor",,swinging_strike,R,L,BAL,LAA,1,0,,,,80.5,Sweeper
CU,2026-08-05,"Detmers, Reid",,ball,R,L,BAL,LAA,2,2,,,,71.7,Curveball
SL,2026-08-05,"Mize, Casey",,ball,R,R,AZ,SD,0,1,,,,90.6,Slider
CH,2026-08-05,"Painter, Andrew",,ball,L,R,PHI,WSH,1,2,,,,88.8,Changeup
CH,2026-08-05,"Gray, Sonny",,ball,L,R,BOS,CWS,0,0,,,,86.5,Changeup
FC,2026-08-05,"Taillon, Jameson",,ball,L,R,HOU,TOR,1,0,,,,90.3,Cutter
FS,2026-08-05,"Kremer, Dean",,foul,L,R,KC,MIN,1,2,96,60.9,14,81.5,Split-Finger
ST,2026-08-05,"Scott, Christian",,swinging_strike,R,R,CLE,NYM,2,1,,,,83.7,Sweeper
FF,2026-08-05,"Cameron, Noah",,ball,L,L,KC,MIN,0,0,,,,93.9,4-Seam Fastball
FC,2026-08-05,"Cameron, Noah",walk,ball,R,L,KC,MIN,3,1,,,,90.5,Cutter
FF,2026-08-05,"Lopez, Jacob",,foul,R,L,CIN,ATH,0,2,,,,93.6,4-Seam Fastball
FS,2026-08-05,"Mize, Casey",,foul,R,R,AZ,SD,0,0,,,,90,Split-Finger
CH,2026-08-05,"Painter, Andrew",,swinging_strike,L,R,PHI,WSH,1,1,,,,89,Changeup
SI,2026-08-05,"Taillon, Jameson",,ball,L,R,HOU,TOR,0,0,,,,92.4,Sinker
FF,2026-08-05,"Gray, Sonny",strikeout,swinging_strike,L,R,BOS,CWS,3,2,,,,93.2,4-Seam Fastball
FF,2026-08-05,"Detmers, Reid",,ball,R,L,BAL,LAA,1,2,,,,94,4-Seam Fastball
FF,2026-08-05,"Elder, Bryce",,ball,L,R,ATL,MIA,2,1,,,,91.5,4-Seam Fastball
FS,2026-08-05,"Kremer, Dean",,foul,L,R,KC,MIN,1,2,3,50.6,-31,83.7,Split-Finger
ST,2026-08-05,"Rogers, Trevor",,ball,R,L,BAL,LAA,0,0,,,,78.4,Sweeper
FF,2026-08-05,"Scott, Christian",,ball,R,R,CLE,NYM,1,1,,,,95.5,4-Seam Fastball
ST,2026-08-05,"Taillon, Jameson",strikeout,called_strike,R,R,HOU,TOR,2,2,,,,80.6,Sweeper
CU,2026-08-05,"Gray, Sonny",,foul,L,R,BOS,CWS,3,2,,,,80.6,Curveball
SI,2026-08-05,"Elder, Bryce",,called_strike,L,R,ATL,MIA,2,0,,,,90,Sinker
FF,2026-08-05,"Scott, Christian",,swinging_strike,R,R,CLE,NYM,1,0,,,,95.4,4-Seam Fastball
FC,2026-08-05,"Lopez, Jacob",,swinging_strike,R,L,CIN,ATH,0,1,,,,86.5,Cutter
FS,2026-08-05,"Mize, Casey",field_out,hit_into_play,L,R,AZ,SD,1,2,2,82.5,-43,90.4,Split-Finger
SI,2026-08-05,"Rogers, Trevor",strikeout,swinging_strike,L,L,BAL,LAA,3,2,,,,94.2,Sinker
FF,2026-08-05,"Painter, Andrew",,ball,L,R,PHI,WSH,0,1,,,,96.2,4-Seam Fastball
FC,2026-08-05,"Cameron, Noah",,ball,R,L,KC,MIN,2,1,,,,89,Cutter
FF,2026-08-05,"Detmers, Reid",,foul,R,L,BAL,LAA,1,2,175,75.7,17,92.5,4-Seam Fastball
FF,2026-08-05,"Kremer, Dean",,foul,L,R,KC,MIN,1,1,175,73.3,64,92.7,4-Seam Fastball
FS,2026-08-05,"Mize, Casey",,foul,L,R,AZ,SD,1,1,5,69.2,-22,89.3,Split-Finger
CU,2026-08-05,"Gray, Sonny",,ball,L,R,BOS,CWS,2,2,,,,80.9,Curveball
FF,2026-08-05,"Rogers, Trevor",,ball,L,L,BAL,LAA,2,2,,,,95.2,4-Seam Fastball
FC,2026-08-05,"Elder, Bryce",,ball,L,R,ATL,MIA,1,0,,,,87.8,Cutter
FF,2026-08-05,"Detmers, Reid",,ball,R,L,BAL,LAA,0,2,,,,93.4,4-Seam Fastball
CU,2026-08-05,"Taillon, Jameson",,blocked_ball,R,R,HOU,TOR,1,2,,,,85.1,Curveball
SL,2026-08-05,"Lopez, Jacob",,called_strike,R,L,CIN,ATH,0,0,,,,77.4,Slider
CH,2026-08-05,"Cameron, Noah",,ball,R,L,KC,MIN,1,1,,,,80.5,Changeup
FF,2026-08-05,"Kremer, Dean",,ball,L,R,KC,MIN,0,1,,,,93.6,4-Seam Fastball
CH,2026-08-05,"Painter, Andrew",,swinging_strike,L,R,PHI,WSH,0,0,,,,90.3,Changeup
SI,2026-08-05,"Scott, Christian",,ball,R,R,CLE,NYM,0,0,,,,92.2,Sinker
SL,2026-08-05,"Lopez, Jacob",strikeout,swinging_strike,R,L,CIN,ATH,1,2,,,,77.3,Slider
SI,2026-08-05,"Taillon, Jameson",,foul,R,R,HOU,TOR,1,2,314,94.3,35,94.5,Sinker
FS,2026-08-05,"Mize, Casey",,called_strike,L,R,AZ,SD,1,0,,,,89.8,Split-Finger
CH,2026-08-05,"Cameron, Noah",,ball,R,L,KC,MIN,0,1,,,,79.7,Changeup
CH,2026-08-05,"Detmers, Reid",,foul,R,L,BAL,LAA,0,1,171,71.3,20,82.1,Changeup
ST,2026-08-05,"Gray, Sonny",,ball,L,R,BOS,CWS,1,2,,,,85,Sweeper
CH,2026-08-05,"Elder, Bryce",,ball,L,R,ATL,MIA,0,0,,,,86,Changeup
FF,2026-08-05,"Scott, Christian",field_out,hit_into_play,L,R,CLE,NYM,3,2,3,88.7,-42,99.8,4-Seam Fastball
FC,2026-08-05,"Rogers, Trevor",,ball,L,L,BAL,LAA,1,2,,,,86.6,Cutter
SI,2026-08-05,"Painter, Andrew",single,hit_into_play,R,R,PHI,WSH,0,0,180,74,18,95.6,Sinker
FF,2026-08-05,"Kremer, Dean",,called_strike,L,R,KC,MIN,0,0,,,,92.5,4-Seam Fastball
SL,2026-08-05,"Lopez, Jacob",,called_strike,R,L,CIN,ATH,1,1,,,,78.1,Slider
ST,2026-08-05,"Scott, Christian",,foul,L,R,CLE,NYM,3,2,80,72,6,85.2,Sweeper
FF,2026-08-05,"Kremer, Dean",grounded_into_double_play,hit_into_play,L,R,KC,MIN,1,0,115,99.8,5,91.7,4-Seam Fastball
SL,2026-08-05,"Mize, Casey",,ball,L,R,AZ,SD,0,0,,,,88.5,Slider
ST,2026-08-05,"Taillon, Jameson",,blocked_ball,R,R,HOU,TOR,0,2,,,,81.5,Sweeper
ST,2026-08-05,"Gray, Sonny",,ball,L,R,BOS,CWS,0,2,,,,85,Sweeper
SL,2026-08-05,"Detmers, Reid",,called_strike,R,L,BAL,LAA,0,0,,,,81.1,Slider
FF,2026-08-05,"Rogers, Trevor",,foul,L,L,BAL,LAA,1,1,216,78.1,55,95.3,4-Seam Fastball
SI,2026-08-05,"Elder, Bryce",field_out,hit_into_play,R,R,ATL,MIA,1,2,41,103.6,-2,90.4,Sinker
CH,2026-08-05,"Painter, Andrew",strikeout,swinging_strike,L,R,PHI,WSH,0,2,,,,90.4,Changeup
CU,2026-08-05,"Cameron, Noah",,called_strike,R,L,KC,MIN,0,0,,,,77.5,Curveball
FF,2026-08-05,"Painter, Andrew",,foul,L,R,PHI,WSH,0,1,6,87.4,-22,95.9,4-Seam Fastball
ST,2026-08-05,"Scott, Christian",,foul,L,R,CLE,NYM,3,1,152,64.8,21,83.8,Sweeper
SL,2026-08-05,"Elder, Bryce",,ball,R,R,ATL,MIA,0,2,,,,83,Slider
FS,2026-08-05,"Mize, Casey",walk,ball,L,R,AZ,SD,3,2,,,,90,Split-Finger
SL,2026-08-05,"Cameron, Noah",strikeout,swinging_strike,R,L,KC,MIN,3,2,,,,82,Slider
FF,2026-08-05,"Lopez, Jacob",,foul,R,L,CIN,ATH,1,0,132,78.6,74,91.4,4-Seam Fastball
FF,2026-08-05,"Detmers, Reid",field_out,hit_into_play,R,L,BAL,LAA,2,2,60,103.1,1,93.2,4-Seam Fastball
CU,2026-08-05,"Taillon, Jameson",,foul,R,R,HOU,TOR,0,2,192,104.7,12,83.6,Curveball
FF,2026-08-05,"Rogers, Trevor",,called_strike,L,L,BAL,LAA,1,0,,,,95.3,4-Seam Fastball
FC,2026-08-05,"Kremer, Dean",,ball,L,R,KC,MIN,0,0,,,,87.5,Cutter
ST,2026-08-05,"Gray, Sonny",,foul,L,R,BOS,CWS,0,1,,,,85.3,Sweeper
FF,2026-08-05,"Taillon, Jameson",,swinging_strike,R,R,HOU,TOR,0,1,,,,93,4-Seam Fastball
SI,2026-08-05,"Rogers, Trevor",,ball,L,L,BAL,LAA,0,0,,,,93.8,Sinker
ST,2026-08-05,"Painter, Andrew",,called_strike,L,R,PHI,WSH,0,0,,,,81.2,Sweeper
FC,2026-08-05,"Lopez, Jacob",,ball,R,L,CIN,ATH,0,0,,,,86.7,Cutter
CU,2026-08-05,"Detmers, Reid",,foul,R,L,BAL,LAA,2,2,2,66.6,-57,72.1,Curveball
CH,2026-08-05,"Cameron, Noah",,foul,R,L,KC,MIN,3,2,183,68.2,57,81,Changeup
FF,2026-08-05,"Scott, Christian",,ball,L,R,CLE,NYM,2,1,,,,96.8,4-Seam Fastball
CH,2026-08-05,"Elder, Bryce",,called_strike,R,R,ATL,MIA,0,1,,,,85.7,Changeup
SI,2026-08-05,"Kremer, Dean",single,hit_into_play,R,R,KC,MIN,3,2,25,102,-5,92.8,Sinker
ST,2026-08-05,"Gray, Sonny",,foul,L,R,BOS,CWS,0,0,3,73.9,-32,83.1,Sweeper
FS,2026-08-05,"Mize, Casey",,ball,L,R,AZ,SD,2,2,,,,89.2,Split-Finger
FC,2026-08-05,"Lopez, Jacob",strikeout,swinging_strike,R,L,CIN,ATH,2,2,,,,89.2,Cutter
SL,2026-08-05,"Kremer, Dean",,ball,R,R,KC,MIN,2,2,,,,83.3,Slider
FF,2026-08-05,"Mize, Casey",,foul,L,R,AZ,SD,2,2,124,73.9,75,95.5,4-Seam Fastball
FC,2026-08-05,"Elder, Bryce",,foul,R,R,ATL,MIA,0,0,122,84.2,82,87.5,Cutter
FF,2026-08-05,"Detmers, Reid",,ball,R,L,BAL,LAA,1,2,,,,93.2,4-Seam Fastball
SI,2026-08-05,"Gray, Sonny",single,hit_into_play,R,R,BOS,CWS,1,1,12,99,-8,92.4,Sinker
FS,2026-08-05,"Scott, Christian",,blocked_ball,L,R,CLE,NYM,1,1,,,,87.9,Split-Finger
CU,2026-08-05,"Cameron, Noah",,ball,R,L,KC,MIN,2,2,,,,81.6,Curveball
ST,2026-08-05,"Taillon, Jameson",,swinging_strike,R,R,HOU,TOR,0,0,,,,80.9,Sweeper
FF,2026-08-05,"Rogers, Trevor",strikeout,swinging_strike,R,L,BAL,LAA,2,2,,,,95.7,4-Seam Fastball
FF,2026-08-05,"Painter, Andrew",strikeout,swinging_strike,L,R,PHI,WSH,2,2,,,,96,4-Seam Fastball
SL,2026-08-05,"Detmers, Reid",,foul,R,L,BAL,LAA,1,2,111,77.4,79,82.7,Slider
FF,2026-08-05,"Kremer, Dean",,foul,R,R,KC,MIN,2,1,254,79,43,93,4-Seam Fastball
CH,2026-08-05,"Rogers, Trevor",,foul,R,L,BAL,LAA,2,2,,,,87.6,Changeup
ST,2026-08-05,"Gray, Sonny",,ball,R,R,BOS,CWS,0,1,,,,84.6,Sweeper
CH,2026-08-05,"Painter, Andrew",,ball,L,R,PHI,WSH,1,2,,,,89.9,Changeup
ST,2026-08-05,"Scott, Christian",,foul,L,R,CLE,NYM,1,0,,,,82,Sweeper
SL,2026-08-05,"Lopez, Jacob",,ball,R,L,CIN,ATH,1,2,,,,75,Slider
FC,2026-08-05,"Elder, Bryce",field_out,hit_into_play,L,R,ATL,MIA,2,1,113,91.8,75,88.1,Cutter
SV,2026-08-05,"Mize, Casey",,foul,L,R,AZ,SD,2,2,194,70,52,81.2,Slurve
FF,2026-08-05,"Cameron, Noah",,ball,R,L,KC,MIN,1,2,,,,94,4-Seam Fastball
ST,2026-08-05,"Taillon, Jameson",single,hit_into_play,R,R,HOU,TOR,1,2,192,96.3,9,81.6,Sweeper
SL,2026-08-05,"Cameron, Noah",,foul,R,L,KC,MIN,1,2,198,68.9,52,84.5,Slider
FC,2026-08-05,"Elder, Bryce",,foul,L,R,ATL,MIA,2,0,51,90.8,85,88,Cutter
FF,2026-08-05,"Detmers, Reid",,foul,R,L,BAL,LAA,1,1,231,76.8,27,93.2,4-Seam Fastball
FF,2026-08-05,"Mize, Casey",,ball,L,R,AZ,SD,1,2,,,,94.6,4-Seam Fastball
CU,2026-08-05,"Kremer, Dean",,ball,R,R,KC,MIN,1,1,,,,76.1,Curveball
ST,2026-08-05,"Rogers, Trevor",,ball,R,L,BAL,LAA,1,2,,,,77.8,Sweeper
FF,2026-08-05,"Lopez, Jacob",,ball,R,L,CIN,ATH,0,2,,,,93.1,4-Seam Fastball
ST,2026-08-05,"Painter, Andrew",,foul,L,R,PHI,WSH,1,1,375,102.6,42,81.1,Sweeper
ST,2026-08-05,"Gray, Sonny",,called_strike,R,R,BOS,CWS,0,0,,,,84.3,Sweeper
FC,2026-08-05,"Scott, Christian",,ball,L,R,CLE,NYM,0,0,,,,90.9,Cutter
FC,2026-08-05,"Taillon, Jameson",,foul,R,R,HOU,TOR,1,1,103,72.8,78,87.2,Cutter
SI,2026-08-05,"Kremer, Dean",,called_strike,R,R,KC,MIN,1,0,,,,90.7,Sinker
FF,2026-08-05,"Cameron, Noah",,ball,R,L,KC,MIN,0,2,,,,94.4,4-Seam Fastball
FF,2026-08-05,"Lopez, Jacob",,foul,R,L,CIN,ATH,0,1,200,84.5,63,92.6,4-Seam Fastball
FC,2026-08-05,"Scott, Christian",strikeout,swinging_strike,L,R,CLE,NYM,2,2,,,,90.9,Cutter
SI,2026-08-05,"Gray, Sonny",walk,ball,L,R,BOS,CWS,3,1,,,,91.4,Sinker
FF,2026-08-05,"Rogers, Trevor",,foul,R,L,BAL,LAA,1,2,,,,94.6,4-Seam Fastball
SL,2026-08-05,"Painter, Andrew",,called_strike,L,R,PHI,WSH,1,0,,,,84.6,Slider
FC,2026-08-05,"Taillon, Jameson",,ball,R,R,HOU,TOR,0,1,,,,88.9,Cutter
CH,2026-08-05,"Detmers, Reid",,ball,R,L,BAL,LAA,0,1,,,,83.2,Changeup
CH,2026-08-05,"Elder, Bryce",,ball,L,R,ATL,MIA,1,0,,,,84.6,Changeup
FF,2026-08-05,"Mize, Casey",,foul,L,R,AZ,SD,1,2,214,89,60,94,4-Seam Fastball
CU,2026-08-05,"Gray, Sonny",,blocked_ball,L,R,BOS,CWS,2,1,,,,80.5,Curveball
FS,2026-08-05,"Mize, Casey",,foul,L,R,AZ,SD,1,1,1,71.9,-51,87.6,Split-Finger
CU,2026-08-05,"Cameron, Noah",,foul,R,L,KC,MIN,0,1,285,90.2,37,82.7,Curveball
CU,2026-08-05,"Scott, Christian",,foul,L,R,CLE,NYM,2,2,7,83,-16,83.9,Curveball
SL,2026-08-05,"Lopez, Jacob",,called_strike,R,L,CIN,ATH,0,0,,,,77.7,Slider
FF,2026-08-05,"Taillon, Jameson",,called_strike,R,R,HOU,TOR,0,0,,,,92.5,4-Seam Fastball
SI,2026-08-05,"Kremer, Dean",,ball,R,R,KC,MIN,0,0,,,,91.1,Sinker
FF,2026-08-05,"Rogers, Trevor",,foul,R,L,BAL,LAA,1,1,195,77.2,20,95.1,4-Seam Fastball
FF,2026-08-05,"Elder, Bryce",,ball,L,R,ATL,MIA,0,0,,,,90.7,4-Seam Fastball
FF,2026-08-05,"Detmers, Reid",,foul,R,L,BAL,LAA,0,0,307,93.5,47,92.3,4-Seam Fastball
ST,2026-08-05,"Painter, Andrew",,blocked_ball,L,R,PHI,WSH,0,0,,,,81,Sweeper
CH,2026-08-05,"Lopez, Jacob",single,hit_into_play,R,L,CIN,ATH,2,2,53,97.4,1,85.4,Changeup
CH,2026-08-05,"Cameron, Noah",,called_strike,R,L,KC,MIN,0,0,,,,81.3,Changeup
FF,2026-08-05,"Scott, Christian",,foul,L,R,CLE,NYM,2,1,214,75.7,24,96.8,4-Seam Fastball
CU,2026-08-05,"Taillon, Jameson",field_out,hit_into_play,R,R,HOU,TOR,0,0,11,81.4,-12,83.2,Curveball
CH,2026-08-05,"Elder, Bryce",field_out,hit_into_play,R,R,ATL,MIA,0,1,157,78,62,84.7,Changeup
SI,2026-08-05,"Gray, Sonny",,called_strike,L,R,BOS,CWS,2,0,,,,92.4,Sinker
FF,2026-08-05,"Detmers, Reid",strikeout,called_strike,L,L,BAL,LAA,3,2,,,,92.5,4-Seam Fastball
ST,2026-08-05,"Rogers, Trevor",,swinging_strike,R,L,BAL,LAA,1,0,,,,79.5,Sweeper
FF,2026-08-05,"Kremer, Dean",field_out,hit_into_play,L,R,KC,MIN,3,1,203,102.5,9,92.8,4-Seam Fastball
FF,2026-08-05,"Mize, Casey",,ball,L,R,AZ,SD,0,1,,,,91.3,4-Seam Fastball
ST,2026-08-05,"Painter, Andrew",field_out,hit_into_play,R,R,PHI,WSH,2,1,2,75.9,-45,80.3,Sweeper
FF,2026-08-05,"Scott, Christian",,ball,L,R,CLE,NYM,1,1,,,,96.5,4-Seam Fastball
SI,2026-08-05,"Elder, Bryce",,called_strike,R,R,ATL,MIA,0,0,,,,89.8,Sinker
ST,2026-08-05,"Painter, Andrew",,called_strike,R,R,PHI,WSH,2,0,,,,80.1,Sweeper
FS,2026-08-05,"Mize, Casey",,foul,L,R,AZ,SD,0,0,4,95.7,-25,87.5,Split-Finger
CU,2026-08-05,"Cameron, Noah",hit_by_pitch,hit_by_pitch,R,L,KC,MIN,2,2,,,,82.8,Curveball
CH,2026-08-05,"Taillon, Jameson",field_out,hit_into_play,L,R,HOU,TOR,2,1,314,94.4,42,84.5,Changeup
FF,2026-08-05,"Rogers, Trevor",,ball,R,L,BAL,LAA,0,0,,,,94.5,4-Seam Fastball
CU,2026-08-05,"Gray, Sonny",,ball,L,R,BOS,CWS,1,0,,,,80.3,Curveball
FF,2026-08-05,"Kremer, Dean",,called_strike,L,R,KC,MIN,3,0,,,,91.3,4-Seam Fastball
FF,2026-08-05,"Detmers, Reid",,ball,L,L,BAL,LAA,2,2,,,,94.1,4-Seam Fastball
CH,2026-08-05,"Lopez, Jacob",,ball,R,L,CIN,ATH,1,2,,,,83.9,Changeup
SI,2026-08-05,"Painter, Andrew",,ball,R,R,PHI,WSH,1,0,,,,93.9,Sinker
FC,2026-08-05,"Scott, Christian",,called_strike,L,R,CLE,NYM,1,0,,,,92.4,Cutter
SL,2026-08-05,"Lopez, Jacob",,foul,R,L,CIN,ATH,1,2,149,56.8,29,75.7,Slider
FF,2026-08-05,"Rogers, Trevor",field_out,hit_into_play,L,L,BAL,LAA,3,2,358,101.7,42,96.5,4-Seam Fastball
FF,2026-08-05,"Gray, Sonny",,ball,L,R,BOS,CWS,0,0,,,,91.9,4-Seam Fastball
FC,2026-08-05,"Elder, Bryce",field_out,hit_into_play,L,R,ATL,MIA,1,1,248,81.5,46,89.1,Cutter
FF,2026-08-05,"Cameron, Noah",,foul,R,L,KC,MIN,2,1,188,66.1,46,93.5,4-Seam Fastball
FF,2026-08-05,"Mize, Casey",force_out,hit_into_play,L,R,AZ,SD,0,1,6,97.2,-28,94.4,4-Seam Fastball
SL,2026-08-05,"Detmers, Reid",,foul,L,L,BAL,LAA,2,1,3,71.9,-29,85.3,Slider
CU,2026-08-05,"Taillon, Jameson",,called_strike,L,R,HOU,TOR,2,0,,,,79.1,Curveball
FF,2026-08-05,"Kremer, Dean",,ball,L,R,KC,MIN,2,0,,,,91.8,4-Seam Fastball
CH,2026-08-05,"Elder, Bryce",,foul,L,R,ATL,MIA,1,0,225,71.3,33,85.3,Changeup
SI,2026-08-05,"Gray, Sonny",hit_by_pitch,hit_by_pitch,L,R,BOS,CWS,0,2,,,,92.9,Sinker
FF,2026-08-05,"Painter, Andrew",,ball,R,R,PHI,WSH,0,0,,,,96.1,4-Seam Fastball
CH,2026-08-05,"Cameron, Noah",,ball,R,L,KC,MIN,1,1,,,,81,Changeup
FF,2026-08-05,"Kremer, Dean",,ball,L,R,KC,MIN,1,0,,,,92.2,4-Seam Fastball
FF,2026-08-05,"Scott, Christian",,ball,L,R,CLE,NYM,0,0,,,,96.9,4-Seam Fastball
SL,2026-08-05,"Detmers, Reid",,ball,L,L,BAL,LAA,1,1,,,,84.9,Slider
FF,2026-08-05,"Taillon, Jameson",,ball,L,R,HOU,TOR,1,0,,,,92.5,4-Seam Fastball
SL,2026-08-05,"Mize, Casey",,called_strike,L,R,AZ,SD,0,0,,,,88.2,Slider
SI,2026-08-05,"Rogers, Trevor",,ball,L,L,BAL,LAA,2,2,,,,96.7,Sinker
FF,2026-08-05,"Lopez, Jacob",,ball,R,L,CIN,ATH,0,2,,,,92.7,4-Seam Fastball
FF,2026-08-05,"Detmers, Reid",,ball,L,L,BAL,LAA,0,1,,,,94.4,4-Seam Fastball
FF,2026-08-05,"Taillon, Jameson",,ball,L,R,HOU,TOR,0,0,,,,92.5,4-Seam Fastball
ST,2026-08-05,"Scott, Christian",single,hit_into_play,L,R,CLE,NYM,0,0,234,77.8,18,83.4,Sweeper
FF,2026-08-05,"Cameron, Noah",,foul,R,L,KC,MIN,1,0,215,73,39,92.9,4-Seam Fastball
FC,2026-08-05,"Rogers, Trevor",,swinging_strike,L,L,BAL,LAA,2,1,,,,86.7,Cutter
FC,2026-08-05,"Elder, Bryce",,ball,L,R,ATL,MIA,0,0,,,,89.2,Cutter
ST,2026-08-05,"Gray, Sonny",,called_strike,L,R,BOS,CWS,0,1,,,,84.2,Sweeper
FF,2026-08-05,"Painter, Andrew",walk,ball,L,R,PHI,WSH,3,1,,,,96,4-Seam Fastball
SI,2026-08-05,"Mize, Casey",single,hit_into_play,R,R,AZ,SD,2,0,135,98.9,7,94.8,Sinker
CU,2026-08-05,"Kremer, Dean",,ball,L,R,KC,MIN,0,0,,,,76.1,Curveball
CH,2026-08-05,"Lopez, Jacob",,foul,R,L,CIN,ATH,0,2,,,,84.4,Changeup
CU,2026-08-05,"Gray, Sonny",,called_strike,L,R,BOS,CWS,0,0,,,,78.5,Curveball
SI,2026-08-05,"Taillon, Jameson",strikeout,foul_tip,R,R,HOU,TOR,1,2,,,,95.6,Sinker
SI,2026-08-05,"Elder, Bryce",field_out,hit_into_play,L,R,ATL,MIA,1,0,4,81.9,-25,88.8,Sinker
FF,2026-08-05,"Detmers, Reid",,foul,L,L,BAL,LAA,0,0,2,68,-59,94.3,4-Seam Fastball
FF,2026-08-05,"Cameron, Noah",,ball,R,L,KC,MIN,0,0,,,,92.4,4-Seam Fastball
FF,2026-08-05,"Painter, Andrew",,ball,L,R,PHI,WSH,2,1,,,,94.5,4-Seam Fastball
FF,2026-08-05,"Mize, Casey",,ball,R,R,AZ,SD,1,0,,,,94.9,4-Seam Fastball
FF,2026-08-05,"Kremer, Dean",strikeout,swinging_strike,L,R,KC,MIN,2,2,,,,94.4,4-Seam Fastball
FC,2026-08-05,"Scott, Christian",field_out,hit_into_play,L,R,CLE,NYM,1,1,308,82.6,32,91.7,Cutter
FF,2026-08-05,"Rogers, Trevor",,ball,L,L,BAL,LAA,1,1,,,,95.9,4-Seam Fastball
FF,2026-08-05,"Lopez, Jacob",,foul,R,L,CIN,ATH,0,2,258,80.6,45,93.9,4-Seam Fastball
FC,2026-08-05,"Cameron, Noah",field_out,hit_into_play,R,L,KC,MIN,2,1,138,90.8,9,89.9,Cutter
ST,2026-08-05,"Painter, Andrew",,ball,L,R,PHI,WSH,1,1,,,,81,Sweeper
ST,2026-08-05,"Taillon, Jameson",,blocked_ball,R,R,HOU,TOR,0,2,,,,83.8,Sweeper
ST,2026-08-05,"Gray, Sonny",field_out,hit_into_play,L,R,BOS,CWS,1,2,289,81.3,30,84.6,Sweeper
FF,2026-08-05,"Detmers, Reid",strikeout,swinging_strike,R,L,BAL,LAA,1,2,,,,94,4-Seam Fastball
FC,2026-08-05,"Kremer, Dean",,foul,L,R,KC,MIN,2,2,348,102.7,25,88.6,Cutter
CH,2026-08-05,"Lopez, Jacob",,swinging_strike,R,L,CIN,ATH,0,1,,,,82.2,Changeup
CU,2026-08-05,"Scott, Christian",,ball,L,R,CLE,NYM,0,1,,,,80.6,Curveball
SL,2026-08-05,"Elder, Bryce",,ball,L,R,ATL,MIA,0,0,,,,81.5,Slider
FF,2026-08-05,"Mize, Casey",,ball,R,R,AZ,SD,0,0,,,,93.3,4-Seam Fastball
FF,2026-08-05,"Rogers, Trevor",,called_strike,L,L,BAL,LAA,1,0,,,,96.4,4-Seam Fastball
FC,2026-08-05,"Scott, Christian",,foul,L,R,CLE,NYM,0,0,183,71.8,60,89.3,Cutter
FS,2026-08-05,"Kremer, Dean",,foul,L,R,KC,MIN,2,2,343,106,23,82.4,Split-Finger
SV,2026-08-05,"Mize, Casey",single,hit_into_play,R,R,AZ,SD,0,2,210,66.5,40,82.6,Slurve
ST,2026-08-05,"Taillon, Jameson",,swinging_strike,R,R,HOU,TOR,0,1,,,,81,Sweeper
FF,2026-08-05,"Gray, Sonny",,foul,L,R,BOS,CWS,1,1,65,50,76,93.2,4-Seam Fastball
FC,2026-08-05,"Elder, Bryce",field_out,hit_into_play,R,R,ATL,MIA,1,0,311,89.3,21,87.4,Cutter
CH,2026-08-05,"Painter, Andrew",,ball,L,R,PHI,WSH,0,1,,,,90.3,Changeup
FF,2026-08-05,"Lopez, Jacob",,called_strike,R,L,CIN,ATH,0,0,,,,93.4,4-Seam Fastball
SI,2026-08-05,"Rogers, Trevor",,ball,L,L,BAL,LAA,0,0,,,,95.6,Sinker
SL,2026-08-05,"Detmers, Reid",,foul,R,L,BAL,LAA,1,2,131,56.2,55,83.7,Slider
CH,2026-08-05,"Cameron, Noah",,ball,R,L,KC,MIN,1,1,,,,81.7,Changeup
SI,2026-08-05,"Mize, Casey",,foul,R,R,AZ,SD,0,1,261,76.4,41,93.7,Sinker
CH,2026-08-05,"Cameron, Noah",,ball,R,L,KC,MIN,0,1,,,,79.2,Changeup
CH,2026-08-05,"Rogers, Trevor",single,hit_into_play,R,L,BAL,LAA,1,1,16,75.8,-8,88.9,Changeup
CU,2026-08-05,"Gray, Sonny",,ball,L,R,BOS,CWS,0,1,,,,78.6,Curveball
FF,2026-08-05,"Lopez, Jacob",strikeout,called_strike,L,L,CIN,ATH,0,2,,,,94.3,4-Seam Fastball
FF,2026-08-05,"Kremer, Dean",,foul,L,R,KC,MIN,2,2,214,78.9,60,93.2,4-Seam Fastball
FF,2026-08-05,"Scott, Christian",field_out,hit_into_play,L,R,CLE,NYM,2,2,197,65.5,43,98,4-Seam Fastball
CH,2026-08-05,"Painter, Andrew",,foul,L,R,PHI,WSH,0,0,2,63.5,-44,90,Changeup
FC,2026-08-05,"Taillon, Jameson",,foul,R,R,HOU,TOR,0,0,5,64.3,-20,89.3,Cutter
FF,2026-08-05,"Detmers, Reid",,foul,R,L,BAL,LAA,1,2,,,,93.8,4-Seam Fastball
SI,2026-08-05,"Elder, Bryce",,ball,R,R,ATL,MIA,0,0,,,,90.4,Sinker
CH,2026-08-05,"Rogers, Trevor",,ball,R,L,BAL,LAA,0,1,,,,88.7,Changeup
CU,2026-08-05,"Scott, Christian",,foul,L,R,CLE,NYM,2,2,4,64.6,-29,83.1,Curveball
SL,2026-08-05,"Cameron, Noah",,called_strike,R,L,KC,MIN,0,0,,,,83.4,Slider
SL,2026-08-05,"Lopez, Jacob",,foul,L,L,CIN,ATH,0,1,179,81,17,75.2,Slider
CU,2026-08-05,"Gray, Sonny",,called_strike,L,R,BOS,CWS,0,0,,,,78.3,Curveball
FF,2026-08-05,"Taillon, Jameson",field_out,hit_into_play,L,R,HOU,TOR,2,2,107,94.2,72,95.2,4-Seam Fastball
CH,2026-08-05,"Detmers, Reid",,ball,R,L,BAL,LAA,0,2,,,,82.5,Changeup
ST,2026-08-05,"Painter, Andrew",field_out,hit_into_play,L,R,PHI,WSH,2,2,46,77.3,2,82.6,Sweeper
CH,2026-08-05,"Elder, Bryce",force_out,hit_into_play,L,R,ATL,MIA,1,1,18,67.6,-3,85.5,Changeup
FC,2026-08-05,"Kremer, Dean",,ball,L,R,KC,MIN,1,2,,,,87.6,Cutter
SI,2026-08-05,"Mize, Casey",,called_strike,R,R,AZ,SD,0,0,,,,93.7,Sinker
SI,2026-08-05,"Elder, Bryce",,ball,L,R,ATL,MIA,0,1,,,,89.9,Sinker
CU,2026-08-05,"Kremer, Dean",,ball,L,R,KC,MIN,0,2,,,,77.5,Curveball
CH,2026-08-05,"Detmers, Reid",,swinging_strike,R,L,BAL,LAA,0,1,,,,83.2,Changeup
FC,2026-08-05,"Rogers, Trevor",,foul,R,L,BAL,LAA,0,0,7,89.6,-17,85.1,Cutter
FF,2026-08-05,"Taillon, Jameson",,swinging_strike,L,R,HOU,TOR,2,1,,,,95.2,4-Seam Fastball
FC,2026-08-05,"Cameron, Noah",field_out,hit_into_play,L,L,KC,MIN,0,0,340,95.1,43,88.8,Cutter
ST,2026-08-05,"Scott, Christian",,ball,L,R,CLE,NYM,1,2,,,,84.9,Sweeper
CU,2026-08-05,"Painter, Andrew",,ball,L,R,PHI,WSH,1,2,,,,83.7,Curveball
ST,2026-08-05,"Gray, Sonny",strikeout,swinging_strike,R,R,BOS,CWS,1,2,,,,83.6,Sweeper
FF,2026-08-05,"Lopez, Jacob",,foul,L,L,CIN,ATH,0,0,247,102.2,18,91.9,4-Seam Fastball
FF,2026-08-05,"Mize, Casey",field_out,hit_into_play,R,R,AZ,SD,2,0,222,98.6,61,93.8,4-Seam Fastball
FF,2026-08-05,"Scott, Christian",,foul,L,R,CLE,NYM,1,2,259,82.6,52,98.6,4-Seam Fastball
FF,2026-08-05,"Painter, Andrew",,foul,L,R,PHI,WSH,1,1,95,81.5,11,95.2,4-Seam Fastball
CU,2026-08-05,"Detmers, Reid",,called_strike,R,L,BAL,LAA,0,0,,,,72.2,Curveball
FC,2026-08-05,"Cameron, Noah",field_out,hit_into_play,R,L,KC,MIN,3,2,1,70.5,-67,90.9,Cutter
FC,2026-08-05,"Lopez, Jacob",single,hit_into_play,R,L,CIN,ATH,0,0,80,89.2,4,87.3,Cutter
SI,2026-08-05,"Gray, Sonny",,swinging_strike,R,R,BOS,CWS,1,1,,,,91.5,Sinker
FF,2026-08-05,"Mize, Casey",,ball,R,R,AZ,SD,1,0,,,,93.9,4-Seam Fastball
FC,2026-08-05,"Rogers, Trevor",field_out,hit_into_play,L,L,BAL,LAA,1,2,5,70,-23,85.3,Cutter
FC,2026-08-05,"Taillon, Jameson",,ball,L,R,HOU,TOR,1,1,,,,90.3,Cutter
FF,2026-08-05,"Kremer, Dean",,foul,L,R,KC,MIN,0,1,119,76.2,16,93.9,4-Seam Fastball
FF,2026-08-05,"Elder, Bryce",,called_strike,L,R,ATL,MIA,0,0,,,,92,4-Seam Fastball
FC,2026-08-05,"Cameron, Noah",,foul,R,L,KC,MIN,3,1,6,62.6,-27,91.4,Cutter
SI,2026-08-05,"Elder, Bryce",walk,ball,L,R,ATL,MIA,3,2,,,,90.3,Sinker
SL,2026-08-05,"Lopez, Jacob",strikeout,swinging_strike,R,L,CIN,ATH,2,2,,,,75.8,Slider
FF,2026-08-05,"Detmers, Reid",field_out,hit_into_play,R,L,BAL,LAA,0,1,304,82.9,34,92,4-Seam Fastball
SL,2026-08-05,"Mize, Casey",,ball,R,R,AZ,SD,0,0,,,,89.5,Slider
SL,2026-08-05,"Painter, Andrew",,called_strike,L,R,PHI,WSH,1,0,,,,85.4,Slider
FF,2026-08-05,"Kremer, Dean",,called_strike,L,R,KC,MIN,0,0,,,,93.1,4-Seam Fastball
FF,2026-08-05,"Scott, Christian",,foul,L,R,CLE,NYM,1,1,238,77.7,27,96.8,4-Seam Fastball
FF,2026-08-05,"Taillon, Jameson",,ball,L,R,HOU,TOR,0,1,,,,94.2,4-Seam Fastball
SI,2026-08-05,"Rogers, Trevor",,called_strike,L,L,BAL,LAA,1,1,,,,95.5,Sinker
FF,2026-08-05,"Gray, Sonny",,called_strike,R,R,BOS,CWS,1,0,,,,91.7,4-Seam Fastball
SL,2026-08-05,"Detmers, Reid",,called_strike,R,L,BAL,LAA,0,0,,,,83.8,Slider
CH,2026-08-05,"Taillon, Jameson",,swinging_strike,L,R,HOU,TOR,0,0,,,,85.4,Changeup
FC,2026-08-05,"Gray, Sonny",,ball,R,R,BOS,CWS,0,0,,,,87.8,Cutter
FC,2026-08-05,"Rogers, Trevor",,foul,L,L,BAL,LAA,1,0,164,67,62,85.2,Cutter
FF,2026-08-05,"Scott, Christian",,ball,L,R,CLE,NYM,0,1,,,,98.4,4-Seam Fastball
CU,2026-08-05,"Kremer, Dean",field_out,hit_into_play,R,R,KC,MIN,3,2,337,91.8,37,76.7,Curveball
FC,2026-08-05,"Lopez, Jacob",,ball,R,L,CIN,ATH,1,2,,,,91.2,Cutter
CH,2026-08-05,"Cameron, Noah",,ball,R,L,KC,MIN,2,1,,,,79.3,Changeup
FF,2026-08-05,"Painter, Andrew",,ball,L,R,PHI,WSH,0,0,,,,94.8,4-Seam Fastball
SL,2026-08-05,"Elder, Bryce",,ball,L,R,ATL,MIA,2,2,,,,82.7,Slider
FF,2026-08-05,"Mize, Casey",field_out,hit_into_play,L,R,AZ,SD,0,1,306,87.8,41,91.6,4-Seam Fastball
FF,2026-08-05,"Gray, Sonny",field_out,hit_into_play,L,R,BOS,CWS,0,1,264,76,30,92.9,4-Seam Fastball
SL,2026-08-05,"Elder, Bryce",,foul,L,R,ATL,MIA,2,1,25,93.6,-5,82.2,Slider
FF,2026-08-05,"Scott, Christian",,swinging_strike,L,R,CLE,NYM,0,0,,,,97.5,4-Seam Fastball
FC,2026-08-05,"Kremer, Dean",,foul,R,R,KC,MIN,3,2,174,71.9,19,87.5,Cutter
FF,2026-08-05,"Painter, Andrew",field_out,hit_into_play,L,R,PHI,WSH,0,0,1,60.9,-55,97.3,4-Seam Fastball
SL,2026-08-05,"Detmers, Reid",strikeout,called_strike,R,L,BAL,LAA,2,2,,,,84.6,Slider
FF,2026-08-05,"Mize, Casey",,foul,L,R,AZ,SD,0,0,202,68.4,56,91.1,4-Seam Fastball
CH,2026-08-05,"Lopez, Jacob",,ball,R,L,CIN,ATH,0,2,,,,84.8,Changeup
FC,2026-08-05,"Cameron, Noah",,called_strike,R,L,KC,MIN,2,0,,,,90,Cutter
FF,2026-08-05,"Rogers, Trevor",,ball,L,L,BAL,LAA,0,0,,,,95.2,4-Seam Fastball
CU,2026-08-05,"Taillon, Jameson",walk,blocked_ball,L,R,HOU,TOR,3,2,,,,82.5,Curveball
FC,2026-08-05,"Kremer, Dean",,foul,R,R,KC,MIN,3,2,3,68.3,-33,87.9,Cutter
SI,2026-08-05,"Rogers, Trevor",field_out,hit_into_play,R,L,BAL,LAA,2,2,69,94.7,2,94.4,Sinker
ST,2026-08-05,"Scott, Christian",hit_by_pitch,hit_by_pitch,L,R,CLE,NYM,0,1,,,,83.6,Sweeper
ST,2026-08-05,"Painter, Andrew",single,hit_into_play,L,R,PHI,WSH,0,0,172,101.1,9,82.7,Sweeper
CU,2026-08-05,"Gray, Sonny",,called_strike,L,R,BOS,CWS,0,0,,,,79,Curveball
CU,2026-08-05,"Taillon, Jameson",,foul,L,R,HOU,TOR,3,2,21,90.7,-4,85.4,Curveball
FS,2026-08-05,"Mize, Casey",field_out,hit_into_play,R,R,AZ,SD,1,1,17,104.7,-6,90.1,Split-Finger
FC,2026-08-05,"Elder, Bryce",,called_strike,L,R,ATL,MIA,2,0,,,,87.3,Cutter
FF,2026-08-05,"Detmers, Reid",,ball,R,L,BAL,LAA,1,2,,,,93.6,4-Seam Fastball
SL,2026-08-05,"Lopez, Jacob",,foul,R,L,CIN,ATH,0,2,,,,76.3,Slider
CH,2026-08-05,"Cameron, Noah",,ball,R,L,KC,MIN,1,0,,,,80.4,Changeup
CH,2026-08-05,"Elder, Bryce",,ball,L,R,ATL,MIA,1,0,,,,83.8,Changeup
SL,2026-08-05,"Mize, Casey",,foul,R,R,AZ,SD,1,0,5,75.5,-22,90.6,Slider
FF,2026-08-05,"Taillon, Jameson",,foul,L,R,HOU,TOR,3,1,219,74.3,26,94.5,4-Seam Fastball
SL,2026-08-05,"Cameron, Noah",,ball,R,L,KC,MIN,0,0,,,,83.7,Slider
FF,2026-08-05,"Rogers, Trevor",,called_strike,R,L,BAL,LAA,2,1,,,,95.1,4-Seam Fastball
CH,2026-08-05,"Detmers, Reid",,swinging_strike,R,L,BAL,LAA,1,1,,,,82.8,Changeup
FF,2026-08-05,"Kremer, Dean",,foul,R,R,KC,MIN,3,2,268,79.8,34,93.1,4-Seam Fastball
CU,2026-08-05,"Gray, Sonny",field_out,hit_into_play,L,R,BOS,CWS,0,0,279,88.2,38,79.3,Curveball
FC,2026-08-05,"Lopez, Jacob",,swinging_strike,R,L,CIN,ATH,0,1,,,,88.4,Cutter
FF,2026-08-05,"Scott, Christian",,called_strike,L,R,CLE,NYM,0,0,,,,99,4-Seam Fastball
FF,2026-08-05,"Painter, Andrew",strikeout,swinging_strike,L,R,PHI,WSH,3,2,,,,96.8,4-Seam Fastball
SL,2026-08-05,"Mize, Casey",,blocked_ball,R,R,AZ,SD,0,0,,,,90.6,Slider
CH,2026-08-05,"Painter, Andrew",,swinging_strike,L,R,PHI,WSH,3,1,,,,91,Changeup
SL,2026-08-05,"Kremer, Dean",,ball,R,R,KC,MIN,2,2,,,,83.4,Slider
FC,2026-08-05,"Elder, Bryce",,ball,L,R,ATL,MIA,0,0,,,,89.4,Cutter
CH,2026-08-05,"Detmers, Reid",,ball,R,L,BAL,LAA,0,1,,,,83.4,Changeup
FC,2026-08-05,"Taillon, Jameson",,ball,L,R,HOU,TOR,2,1,,,,91.8,Cutter
CH,2026-08-05,"Rogers, Trevor",,ball,R,L,BAL,LAA,1,1,,,,88.4,Changeup
SL,2026-08-05,"Lopez, Jacob",,called_strike,R,L,CIN,ATH,0,0,,,,77.6,Slider
FF,2026-08-05,"Scott, Christian",strikeout,swinging_strike,L,R,CLE,NYM,0,2,,,,97.8,4-Seam Fastball
ST,2026-08-05,"Gray, Sonny",strikeout,swinging_strike,L,R,BOS,CWS,0,2,,,,84.6,Sweeper
SI,2026-08-05,"Cameron, Noah",field_out,hit_into_play,R,L,KC,MIN,0,0,310,96.7,44,89.9,Sinker
FF,2026-08-05,"Mize, Casey",strikeout,called_strike,R,R,AZ,SD,3,2,,,,96,4-Seam Fastball
CU,2026-08-05,"Detmers, Reid",,swinging_strike,R,L,BAL,LAA,0,0,,,,71.1,Curveball
CU,2026-08-05,"Cameron, Noah",field_out,hit_into_play,R,L,KC,MIN,0,2,259,91.4,48,81.8,Curveball
ST,2026-08-05,"Gray, Sonny",,foul,L,R,BOS,CWS,0,2,2,75.8,-43,83.9,Sweeper
FC,2026-08-05,"Kremer, Dean",,swinging_strike,R,R,KC,MIN,2,1,,,,86.4,Cutter
FF,2026-08-05,"Taillon, Jameson",,ball,L,R,HOU,TOR,1,1,,,,93.8,4-Seam Fastball
FF,2026-08-05,"Scott, Christian",,called_strike,L,R,CLE,NYM,0,1,,,,98.3,4-Seam Fastball
FF,2026-08-05,"Rogers, Trevor",,called_strike,R,L,BAL,LAA,1,0,,,,94.7,4-Seam Fastball
ST,2026-08-05,"Painter, Andrew",,ball,L,R,PHI,WSH,2,1,,,,80.9,Sweeper
SI,2026-08-05,"Elder, Bryce",field_out,hit_into_play,L,R,ATL,MIA,1,0,101,84.8,7,89.4,Sinker
FC,2026-08-05,"Lopez, Jacob",strikeout,swinging_strike,R,L,CIN,ATH,2,2,,,,90.8,Cutter
FF,2026-08-05,"Detmers, Reid",single,hit_into_play,L,L,BAL,LAA,2,0,98,105.1,4,92.8,4-Seam Fastball
CH,2026-08-05,"Painter, Andrew",,ball,L,R,PHI,WSH,1,1,,,,90.9,Changeup
FF,2026-08-05,"Elder, Bryce",,ball,L,R,ATL,MIA,0,0,,,,91,4-Seam Fastball
FF,2026-08-05,"Lopez, Jacob",,ball,R,L,CIN,ATH,1,2,,,,94.2,4-Seam Fastball
FC,2026-08-05,"Cameron, Noah",,foul,R,L,KC,MIN,0,1,229,86.4,56,88.6,Cutter
FF,2026-08-05,"Rogers, Trevor",,ball,R,L,BAL,LAA,0,0,,,,95.1,4-Seam Fastball
FF,2026-08-05,"Taillon, Jameson",,called_strike,L,R,HOU,TOR,1,0,,,,94.3,4-Seam Fastball
ST,2026-08-05,"Scott, Christian",,called_strike,L,R,CLE,NYM,0,0,,,,83.7,Sweeper
SI,2026-08-05,"Mize, Casey",,foul,R,R,AZ,SD,3,1,173,62.3,47,96.4,Sinker
SL,2026-08-05,"Kremer, Dean",,ball,R,R,KC,MIN,1,1,,,,83.3,Slider
ST,2026-08-05,"Gray, Sonny",,called_strike,L,R,BOS,CWS,0,1,,,,83,Sweeper
FC,2026-08-05,"Rogers, Trevor",field_out,hit_into_play,L,L,BAL,LAA,0,2,3,77.6,-25,88.2,Cutter
SI,2026-08-05,"Elder, Bryce",field_out,hit_into_play,R,R,ATL,MIA,0,1,10,98.5,-12,90,Sinker
SI,2026-08-05,"Mize, Casey",,ball,R,R,AZ,SD,2,1,,,,95.8,Sinker
FF,2026-08-05,"Scott, Christian",strikeout,foul_tip,L,R,CLE,NYM,0,2,,,,96.7,4-Seam Fastball
FF,2026-08-05,"Gray, Sonny",,called_strike,L,R,BOS,CWS,0,0,,,,91.5,4-Seam Fastball
SL,2026-08-05,"Detmers, Reid",,ball,L,L,BAL,LAA,1,0,,,,85.4,Slider
CH,2026-08-05,"Painter, Andrew",,blocked_ball,L,R,PHI,WSH,0,1,,,,91,Changeup
FF,2026-08-05,"Cameron, Noah",,foul,R,L,KC,MIN,0,0,8,53.2,-16,92.4,4-Seam Fastball
SL,2026-08-05,"Lopez, Jacob",,ball,R,L,CIN,ATH,0,2,,,,78.9,Slider
FC,2026-08-05,"Kremer, Dean",,called_strike,R,R,KC,MIN,1,0,,,,86.2,Cutter
FC,2026-08-05,"Taillon, Jameson",,ball,L,R,HOU,TOR,0,0,,,,90.6,Cutter
CU,2026-08-05,"Cameron, Noah",force_out,hit_into_play,L,L,KC,MIN,0,1,50,101.2,0,83,Curveball
FC,2026-08-05,"Kremer, Dean",,ball,R,R,KC,MIN,0,0,,,,85.6,Cutter
FF,2026-08-05,"Painter, Andrew",,foul,L,R,PHI,WSH,0,0,202,86.4,64,96.9,4-Seam Fastball
SI,2026-08-05,"Rogers, Trevor",,called_strike,L,L,BAL,LAA,0,1,,,,96.9,Sinker
FF,2026-08-05,"Scott, Christian",,swinging_strike,L,R,CLE,NYM,0,1,,,,96.7,4-Seam Fastball
SL,2026-08-05,"Mize, Casey",,ball,R,R,AZ,SD,1,1,,,,89.5,Slider
ST,2026-08-05,"Gray, Sonny",strikeout,swinging_strike,L,R,BOS,CWS,1,2,,,,85.3,Sweeper
CU,2026-08-05,"Taillon, Jameson",single,hit_into_play,R,R,HOU,TOR,1,2,59,96.7,3,80.2,Curveball
FC,2026-08-05,"Lopez, Jacob",,foul,R,L,CIN,ATH,0,1,192,71.3,55,89.6,Cutter
SI,2026-08-05,"Elder, Bryce",,called_strike,R,R,ATL,MIA,0,0,,,,91.3,Sinker
SL,2026-08-05,"Detmers, Reid",,ball,L,L,BAL,LAA,0,0,,,,86.1,Slider
SL,2026-08-05,"Lopez, Jacob",,foul,R,L,CIN,ATH,0,0,4,66.9,-26,79.5,Slider
SL,2026-08-05,"Mize, Casey",,called_strike,R,R,AZ,SD,1,0,,,,90,Slider
SI,2026-08-05,"Kremer, Dean",field_out,hit_into_play,L,R,KC,MIN,0,0,7,103.8,-21,92.4,Sinker
SI,2026-08-05,"Cameron, Noah",,called_strike,L,L,KC,MIN,0,0,,,,92.9,Sinker
CH,2026-08-05,"Elder, Bryce",strikeout,called_strike,L,R,ATL,MIA,1,2,,,,86.9,Changeup
SI,2026-08-05,"Rogers, Trevor",,foul,L,L,BAL,LAA,0,0,3,72.6,-45,95.7,Sinker
FF,2026-08-05,"Taillon, Jameson",,foul,R,R,HOU,TOR,1,2,136,80.2,68,94.6,4-Seam Fastball
SI,2026-08-05,"Painter, Andrew",field_out,hit_into_play,R,R,PHI,WSH,3,2,160,77.9,62,94.7,Sinker
ST,2026-08-05,"Gray, Sonny",,swinging_strike,L,R,BOS,CWS,1,1,,,,84.2,Sweeper
FC,2026-08-05,"Scott, Christian",,called_strike,L,R,CLE,NYM,0,0,,,,90.3,Cutter
FF,2026-08-05,"Detmers, Reid",field_out,hit_into_play,R,L,BAL,LAA,2,2,315,93.7,43,93.6,4-Seam Fastball
FC,2026-08-05,"Lopez, Jacob",strikeout,swinging_strike,R,L,CIN,ATH,3,2,,,,89.7,Cutter
FC,2026-08-05,"Cameron, Noah",field_out,hit_into_play,R,L,KC,MIN,0,1,89,84.9,73,91.5,Cutter
FS,2026-08-05,"Kremer, Dean",field_out,hit_into_play,R,R,KC,MIN,2,2,279,78.7,37,83.6,Split-Finger
CU,2026-08-05,"Gray, Sonny",,called_strike,L,R,BOS,CWS,1,0,,,,79.7,Curveball
CH,2026-08-05,"Elder, Bryce",,ball,L,R,ATL,MIA,0,2,,,,85.5,Changeup
CH,2026-08-05,"Painter, Andrew",,blocked_ball,R,R,PHI,WSH,2,2,,,,90.1,Changeup
FF,2026-08-05,"Scott, Christian",field_out,hit_into_play,R,R,CLE,NYM,0,1,323,98.4,30,98.8,4-Seam Fastball
SL,2026-08-05,"Detmers, Reid",,ball,R,L,BAL,LAA,1,2,,,,84.9,Slider
FF,2026-08-05,"Rogers, Trevor",strikeout,swinging_strike,R,L,BAL,LAA,3,2,,,,96.8,4-Seam Fastball
SV,2026-08-05,"Mize, Casey",,ball,R,R,AZ,SD,0,0,,,,82,Slurve
ST,2026-08-05,"Taillon, Jameson",,blocked_ball,R,R,HOU,TOR,0,2,,,,83.2,Sweeper
FF,2026-08-05,"Mize, Casey",field_out,hit_into_play,L,R,AZ,SD,1,0,349,95.9,38,94.2,4-Seam Fastball
FF,2026-08-05,"Lopez, Jacob",,ball,R,L,CIN,ATH,2,2,,,,95.1,4-Seam Fastball
ST,2026-08-05,"Painter, Andrew",,foul,R,R,PHI,WSH,2,1,211,71.7,47,81.9,Sweeper
FF,2026-08-05,"Detmers, Reid",,called_strike,R,L,BAL,LAA,1,1,,,,93.6,4-Seam Fastball
ST,2026-08-05,"Rogers, Trevor",,ball,R,L,BAL,LAA,2,2,,,,78.4,Sweeper
SI,2026-08-05,"Gray, Sonny",,ball,L,R,BOS,CWS,0,0,,,,92.8,Sinker
FF,2026-08-05,"Scott, Christian",,called_strike,R,R,CLE,NYM,0,0,,,,97.8,4-Seam Fastball
FF,2026-08-05,"Elder, Bryce",,swinging_strike,L,R,ATL,MIA,0,1,,,,90.8,4-Seam Fastball
ST,2026-08-05,"Taillon, Jameson",,foul,R,R,HOU,TOR,0,1,15,70.9,-8,83.3,Sweeper
FC,2026-08-05,"Cameron, Noah",,swinging_strike,R,L,KC,MIN,0,0,,,,90.5,Cutter
FC,2026-08-05,"Kremer, Dean",,foul,R,R,KC,MIN,2,2,229,73.1,34,87.8,Cutter
FC,2026-08-05,"Elder, Bryce",,called_strike,L,R,ATL,MIA,0,0,,,,89.8,Cutter
CH,2026-08-05,"Rogers, Trevor",,ball,R,L,BAL,LAA,1,2,,,,91.6,Changeup
FF,2026-08-05,"Detmers, Reid",,foul,R,L,BAL,LAA,1,0,254,90.2,55,92.7,4-Seam Fastball
FC,2026-08-05,"Kremer, Dean",,ball,R,R,KC,MIN,1,2,,,,86,Cutter
FC,2026-08-05,"Gray, Sonny",walk,ball,R,R,BOS,CWS,3,2,,,,89.7,Cutter
FC,2026-08-05,"Lopez, Jacob",,ball,R,L,CIN,ATH,1,2,,,,91,Cutter
FC,2026-08-05,"Cameron, Noah",single,hit_into_play,R,L,KC,MIN,2,2,81,101.7,3,90.8,Cutter
ST,2026-08-05,"Painter, Andrew",,ball,R,R,PHI,WSH,1,1,,,,81.5,Sweeper
CU,2026-08-05,"Taillon, Jameson",,called_strike,R,R,HOU,TOR,0,0,,,,84.9,Curveball
SL,2026-08-05,"Mize, Casey",,ball,L,R,AZ,SD,0,0,,,,89.2,Slider
FF,2026-08-05,"Scott, Christian",field_out,hit_into_play,L,R,CLE,NYM,2,2,345,96.9,20,99.3,4-Seam Fastball
ST,2026-08-05,"Scott, Christian",,foul,L,R,CLE,NYM,2,1,98,69.7,8,83.4,Sweeper
FC,2026-08-05,"Gray, Sonny",,foul,R,R,BOS,CWS,3,1,10,49.7,-13,90.5,Cutter
CU,2026-08-05,"Detmers, Reid",,ball,R,L,BAL,LAA,0,0,,,,71.6,Curveball
FC,2026-08-05,"Elder, Bryce",field_out,hit_into_play,R,R,ATL,MIA,1,0,236,89.3,55,88.4,Cutter
FF,2026-08-05,"Rogers, Trevor",,ball,R,L,BAL,LAA,0,2,,,,95.8,4-Seam Fastball
FC,2026-08-05,"Taillon, Jameson",walk,ball,L,R,HOU,TOR,3,1,,,,86.6,Cutter
CH,2026-08-05,"Cameron, Noah",,foul,R,L,KC,MIN,2,2,173,64.2,58,80.2,Changeup
CU,2026-08-05,"Kremer, Dean",,called_strike,R,R,KC,MIN,1,1,,,,76.5,Curveball
SL,2026-08-05,"Lopez, Jacob",,ball,R,L,CIN,ATH,0,2,,,,78.5,Slider
SI,2026-08-05,"Painter, Andrew",,ball,R,R,PHI,WSH,0,1,,,,96,Sinker
FS,2026-08-05,"Mize, Casey",single,hit_into_play,L,R,AZ,SD,0,1,21,101.7,-3,89.4,Split-Finger
ST,2026-08-05,"Gray, Sonny",,ball,R,R,BOS,CWS,2,1,,,,85.3,Sweeper
FC,2026-08-05,"Scott, Christian",,ball,L,R,CLE,NYM,1,1,,,,92,Cutter
CH,2026-08-05,"Cameron, Noah",,ball,R,L,KC,MIN,1,2,,,,82.6,Changeup
ST,2026-08-05,"Painter, Andrew",,swinging_strike,R,R,PHI,WSH,0,0,,,,82.3,Sweeper
FF,2026-08-05,"Rogers, Trevor",,foul,R,L,BAL,LAA,0,1,212,73.9,44,97,4-Seam Fastball
FC,2026-08-05,"Elder, Bryce",,ball,R,R,ATL,MIA,0,0,,,,88,Cutter
FF,2026-08-05,"Kremer, Dean",,ball,R,R,KC,MIN,0,1,,,,92.3,4-Seam Fastball
FF,2026-08-05,"Mize, Casey",,foul,L,R,AZ,SD,0,0,,,,94.5,4-Seam Fastball
CH,2026-08-05,"Taillon, Jameson",,ball,L,R,HOU,TOR,2,1,,,,85.8,Changeup
SL,2026-08-05,"Lopez, Jacob",,called_strike,R,L,CIN,ATH,0,1,,,,78.9,Slider
FF,2026-08-05,"Detmers, Reid",field_out,hit_into_play,R,L,BAL,LAA,3,2,176,89.5,63,94.2,4-Seam Fastball
FF,2026-08-05,"Scott, Christian",,ball,L,R,CLE,NYM,0,1,,,,96.8,4-Seam Fastball
CH,2026-08-05,"Elder, Bryce",strikeout,swinging_strike,L,R,ATL,MIA,0,2,,,,85.8,Changeup
FF,2026-08-05,"Detmers, Reid",,ball,R,L,BAL,LAA,2,2,,,,94,4-Seam Fastball
FC,2026-08-05,"Kremer, Dean",,swinging_strike,R,R,KC,MIN,0,0,,,,87.8,Cutter
FF,2026-08-05,"Taillon, Jameson",,called_strike,L,R,HOU,TOR,2,0,,,,93,4-Seam Fastball
FF,2026-08-05,"Gray, Sonny",,foul_tip,R,R,BOS,CWS,2,0,,,,92.8,4-Seam Fastball
FC,2026-08-05,"Lopez, Jacob",,called_strike,R,L,CIN,ATH,0,0,,,,89.5,Cutter
FF,2026-08-05,"Painter, Andrew",single,hit_into_play,L,R,PHI,WSH,1,2,224,87.7,14,96.8,4-Seam Fastball
SL,2026-08-05,"Cameron, Noah",,swinging_strike,R,L,KC,MIN,1,1,,,,83.8,Slider
FF,2026-08-05,"Rogers, Trevor",,called_strike,R,L,BAL,LAA,0,0,,,,97.2,4-Seam Fastball
FF,2026-08-05,"Mize, Casey",walk,ball,L,R,AZ,SD,3,2,,,,93.2,4-Seam Fastball
FF,2026-08-05,"Detmers, Reid",,foul,R,L,BAL,LAA,2,2,1,35.8,-71,94,4-Seam Fastball
FF,2026-08-05,"Cameron, Noah",,ball,R,L,KC,MIN,0,1,,,,94,4-Seam Fastball
ST,2026-08-05,"Scott, Christian",,foul,L,R,CLE,NYM,0,0,2,56.3,-47,82.2,Sweeper
SL,2026-08-05,"Elder, Bryce",,foul,L,R,ATL,MIA,0,2,1,59.6,-56,83.2,Slider
FC,2026-08-05,"Gray, Sonny",,ball,R,R,BOS,CWS,1,0,,,,90.4,Cutter
ST,2026-08-05,"Rogers, Trevor",strikeout,swinging_strike,R,L,BAL,LAA,2,2,,,,79.7,Sweeper
CH,2026-08-05,"Taillon, Jameson",,ball,L,R,HOU,TOR,1,0,,,,85.8,Changeup
SL,2026-08-05,"Painter, Andrew",,foul,L,R,PHI,WSH,1,1,282,84.3,21,88,Slider
SL,2026-08-05,"Lopez, Jacob",strikeout,foul_tip,R,L,CIN,ATH,1,2,,,,77.2,Slider
SL,2026-08-05,"Mize, Casey",,ball,L,R,AZ,SD,2,2,,,,87.8,Slider
FF,2026-08-05,"Kremer, Dean",field_out,hit_into_play,L,R,KC,MIN,3,1,257,88.5,53,92.6,4-Seam Fastball
FC,2026-08-05,"Taillon, Jameson",,ball,L,R,HOU,TOR,0,0,,,,91,Cutter
FC,2026-08-05,"Elder, Bryce",,swinging_strike,L,R,ATL,MIA,0,1,,,,88.9,Cutter
FF,2026-08-05,"Kremer, Dean",,ball,L,R,KC,MIN,2,1,,,,91.4,4-Seam Fastball
SL,2026-08-05,"Detmers, Reid",,ball,R,L,BAL,LAA,1,2,,,,86.1,Slider
FF,2026-08-05,"Painter, Andrew",,ball,L,R,PHI,WSH,0,1,,,,96,4-Seam Fastball
FS,2026-08-05,"Mize, Casey",,ball,L,R,AZ,SD,1,2,,,,88.7,Split-Finger
FF,2026-08-05,"Cameron, Noah",,called_strike,R,L,KC,MIN,0,0,,,,93.4,4-Seam Fastball
FF,2026-08-05,"Scott, Christian",field_out,hit_into_play,L,R,CLE,NYM,1,2,4,77,-39,96.8,4-Seam Fastball
CH,2026-08-05,"Rogers, Trevor",,ball,R,L,BAL,LAA,1,2,,,,89.3,Changeup
FF,2026-08-05,"Lopez, Jacob",,ball,R,L,CIN,ATH,0,2,,,,94.2,4-Seam Fastball
FF,2026-08-05,"Gray, Sonny",,ball,R,R,BOS,CWS,0,0,,,,91.1,4-Seam Fastball
FC,2026-08-05,"Scott, Christian",,called_strike,L,R,CLE,NYM,1,1,,,,91.2,Cutter
FC,2026-08-05,"Gray, Sonny",field_out,hit_into_play,L,R,BOS,CWS,1,0,299,90,43,88.1,Cutter
FF,2026-08-05,"Painter, Andrew",,swinging_strike,L,R,PHI,WSH,0,0,,,,97.4,4-Seam Fastball
SL,2026-08-05,"Cameron, Noah",field_out,hit_into_play,R,L,KC,MIN,1,1,4,75.8,-30,82.2,Slider
FS,2026-08-05,"Kremer, Dean",,ball,L,R,KC,MIN,1,1,,,,83,Split-Finger
ST,2026-08-05,"Rogers, Trevor",,called_strike,R,L,BAL,LAA,1,1,,,,79.7,Sweeper
FS,2026-08-05,"Mize, Casey",,swinging_strike,L,R,AZ,SD,1,1,,,,88,Split-Finger
CU,2026-08-05,"Taillon, Jameson",field_out,hit_into_play,R,R,HOU,TOR,0,2,118,107.2,5,85.2,Curveball
FF,2026-08-05,"Detmers, Reid",,ball,R,L,BAL,LAA,0,2,,,,94.2,4-Seam Fastball
SL,2026-08-05,"Lopez, Jacob",,foul,R,L,CIN,ATH,0,2,162,64.7,43,79.3,Slider
FF,2026-08-05,"Elder, Bryce",,called_strike,L,R,ATL,MIA,0,0,,,,92.3,4-Seam Fastball
CU,2026-08-05,"Gray, Sonny",,ball,L,R,BOS,CWS,0,0,,,,78.4,Curveball
FC,2026-08-05,"Lopez, Jacob",,called_strike,R,L,CIN,ATH,0,1,,,,90.5,Cutter
FC,2026-08-05,"Taillon, Jameson",,swinging_strike,R,R,HOU,TOR,0,1,,,,85.6,Cutter
FF,2026-08-05,"Cameron, Noah",,foul,R,L,KC,MIN,1,0,198,72.1,41,92.8,4-Seam Fastball
FF,2026-08-05,"Scott, Christian",,called_strike,L,R,CLE,NYM,1,0,,,,95.8,4-Seam Fastball
FF,2026-08-05,"Mize, Casey",,foul,L,R,AZ,SD,1,0,212,75.8,61,91.8,4-Seam Fastball
CH,2026-08-05,"Rogers, Trevor",,ball,R,L,BAL,LAA,0,1,,,,89.5,Changeup
FF,2026-08-05,"Kremer, Dean",,called_strike,L,R,KC,MIN,1,0,,,,91.9,4-Seam Fastball
FF,2026-08-05,"Detmers, Reid",,swinging_strike,R,L,BAL,LAA,0,1,,,,93.6,4-Seam Fastball
SI,2026-08-05,"Elder, Bryce",field_out,hit_into_play,L,R,ATL,MIA,1,0,333,95.6,25,88.1,Sinker
ST,2026-08-05,"Painter, Andrew",hit_by_pitch,hit_by_pitch,L,R,PHI,WSH,0,1,,,,81.6,Sweeper
FF,2026-08-05,"Lopez, Jacob",,called_strike,R,L,CIN,ATH,0,0,,,,92.3,4-Seam Fastball
FF,2026-08-05,"Painter, Andrew",,foul,L,R,PHI,WSH,0,0,133,85.2,73,97,4-Seam Fastball
FF,2026-08-05,"Scott, Christian",,ball,L,R,CLE,NYM,0,0,,,,96,4-Seam Fastball
FC,2026-08-05,"Elder, Bryce",,ball,L,R,ATL,MIA,0,0,,,,91.3,Cutter
FF,2026-08-05,"Gray, Sonny",field_out,hit_into_play,L,R,BOS,CWS,0,0,9,81.7,-15,92.2,4-Seam Fastball
FF,2026-08-05,"Cameron, Noah",,ball,R,L,KC,MIN,0,0,,,,91.8,4-Seam Fastball
FF,2026-08-05,"Detmers, Reid",,swinging_strike,R,L,BAL,LAA,0,0,,,,93.6,4-Seam Fastball
FF,2026-08-05,"Mize, Casey",,ball,L,R,AZ,SD,0,0,,,,90.9,4-Seam Fastball
FF,2026-08-05,"Taillon, Jameson",,called_strike,R,R,HOU,TOR,0,0,,,,93.3,4-Seam Fastball
FF,2026-08-05,"Kremer, Dean",,ball,L,R,KC,MIN,0,0,,,,92.6,4-Seam Fastball
FF,2026-08-05,"Rogers, Trevor",,foul,R,L,BAL,LAA,0,0,,,,95.6,4-Seam Fastball
FF,2026-08-04,"Tidwell, Blade",field_out,hit_into_play,L,R,TEX,SF,2,2,90,53.6,68,95.3,4-Seam Fastball
SL,2026-08-04,"Tidwell, Blade",,foul,L,R,TEX,SF,2,2,262,95.1,23,87.7,Slider
CU,2026-08-04,"Gore, MacKenzie",field_out,hit_into_play,R,L,TEX,SF,2,2,264,88,46,82.3,Curveball
FF,2026-08-04,"Gore, MacKenzie",,foul,R,L,TEX,SF,2,2,177,75.8,62,96.7,4-Seam Fastball
CH,2026-08-04,"Tidwell, Blade",,blocked_ball,L,R,TEX,SF,1,2,,,,83.8,Changeup
FF,2026-08-04,"Gore, MacKenzie",,foul,R,L,TEX,SF,2,2,266,84.2,49,96.4,4-Seam Fastball
SL,2026-08-04,"Tidwell, Blade",,blocked_ball,L,R,TEX,SF,0,2,,,,88,Slider
SL,2026-08-04,"Tidwell, Blade",,called_strike,L,R,TEX,SF,0,1,,,,88.7,Slider
FF,2026-08-04,"Gore, MacKenzie",,swinging_strike,R,L,TEX,SF,2,1,,,,95.8,4-Seam Fastball
FF,2026-08-04,"Tidwell, Blade",,foul,L,R,TEX,SF,0,0,253,82.3,49,96.3,4-Seam Fastball
FF,2026-08-04,"Gore, MacKenzie",,ball,R,L,TEX,SF,1,1,,,,96.2,4-Seam Fastball
FF,2026-08-04,"Gore, MacKenzie",,swinging_strike,R,L,TEX,SF,1,0,,,,94.8,4-Seam Fastball
FF,2026-08-04,"Tidwell, Blade",single,hit_into_play,L,R,TEX,SF,3,2,149,103,10,94.8,4-Seam Fastball
CU,2026-08-04,"Gore, MacKenzie",,ball,R,L,TEX,SF,0,0,,,,79.9,Curveball
CH,2026-08-04,"Tidwell, Blade",,ball,L,R,TEX,SF,2,2,,,,82.2,Changeup
SI,2026-08-04,"Dobbins, Hunter",walk,ball,R,R,NYY,STL,3,1,,,,93.5,Sinker
CH,2026-08-04,"Tidwell, Blade",,ball,L,R,TEX,SF,1,2,,,,83.2,Changeup
CH,2026-08-04,"Gore, MacKenzie",field_out,hit_into_play,R,L,TEX,SF,1,2,18,61.5,-7,86.3,Changeup
CU,2026-08-04,"Gore, MacKenzie",,foul,R,L,TEX,SF,1,2,3,82.5,-29,81.6,Curveball
SL,2026-08-04,"Dobbins, Hunter",,ball,R,R,NYY,STL,2,1,,,,87.8,Slider
SI,2026-08-04,"Tidwell, Blade",,called_strike,L,R,TEX,SF,1,1,,,,92.8,Sinker
CU,2026-08-04,"Tidwell, Blade",,ball,L,R,TEX,SF,0,1,,,,83.1,Curveball
CH,2026-08-04,"Gore, MacKenzie",,swinging_strike,R,L,TEX,SF,1,1,,,,87.5,Changeup
SI,2026-08-04,"Dobbins, Hunter",,ball,R,R,NYY,STL,1,1,,,,93.9,Sinker
CU,2026-08-04,"Gore, MacKenzie",,called_strike,R,L,TEX,SF,1,0,,,,79.7,Curveball
ST,2026-08-04,"Tidwell, Blade",,foul,L,R,TEX,SF,0,0,342,106.8,24,80.4,Sweeper
FF,2026-08-04,"Dobbins, Hunter",,foul,R,R,NYY,STL,1,0,273,86.5,46,94.1,4-Seam Fastball
CH,2026-08-04,"Gore, MacKenzie",,ball,R,L,TEX,SF,0,0,,,,88.1,Changeup
SI,2026-08-04,"Dobbins, Hunter",,ball,R,R,NYY,STL,0,0,,,,94.1,Sinker
SL,2026-08-04,"Tidwell, Blade",field_out,hit_into_play,R,R,TEX,SF,2,2,10,96.1,-13,88.3,Slider
SI,2026-08-04,"Gore, MacKenzie",field_out,hit_into_play,L,L,TEX,SF,3,2,4,99.6,-22,96.1,Sinker
FF,2026-08-04,"Dobbins, Hunter",single,hit_into_play,L,R,NYY,STL,2,1,266,88,24,92.9,4-Seam Fastball
ST,2026-08-04,"Tidwell, Blade",,ball,R,R,TEX,SF,1,2,,,,83.5,Sweeper
CU,2026-08-04,"Dobbins, Hunter",,called_strike,L,R,NYY,STL,2,0,,,,77.4,Curveball
ST,2026-08-04,"Tidwell, Blade",,ball,R,R,TEX,SF,0,2,,,,82.1,Sweeper
FF,2026-08-04,"Gore, MacKenzie",,foul,L,L,TEX,SF,3,2,260,90.6,52,95.7,4-Seam Fastball
CH,2026-08-04,"Skubal, Tarik",field_out,hit_into_play,R,L,CHC,LAD,2,2,249,71.3,35,88.4,Changeup
ST,2026-08-04,"Tidwell, Blade",,foul,R,R,TEX,SF,0,2,179,60.5,44,81.9,Sweeper
SL,2026-08-04,"Dobbins, Hunter",,ball,L,R,NYY,STL,1,0,,,,87.1,Slider
FF,2026-08-04,"Gore, MacKenzie",,foul,L,L,TEX,SF,3,2,226,73.3,31,96,4-Seam Fastball
FF,2026-08-04,"Skubal, Tarik",,ball,R,L,CHC,LAD,1,2,,,,97.8,4-Seam Fastball
SL,2026-08-04,"Tidwell, Blade",,swinging_strike,R,R,TEX,SF,0,1,,,,89.1,Slider
FS,2026-08-04,"Dobbins, Hunter",,ball,L,R,NYY,STL,0,0,,,,87.6,Split-Finger
FF,2026-08-04,"Gore, MacKenzie",,ball,L,L,TEX,SF,2,2,,,,94.7,4-Seam Fastball
FF,2026-08-04,"Dobbins, Hunter",strikeout,swinging_strike,L,R,NYY,STL,1,2,,,,95.1,4-Seam Fastball
CH,2026-08-04,"Henderson, Logan",strikeout,called_strike,L,R,MIL,PIT,2,2,,,,83.4,Changeup
SI,2026-08-04,"Tidwell, Blade",,called_strike,R,R,TEX,SF,0,0,,,,93.6,Sinker
FF,2026-08-04,"Gore, MacKenzie",,ball,L,L,TEX,SF,1,2,,,,95.6,4-Seam Fastball
SI,2026-08-04,"Skubal, Tarik",,foul,R,L,CHC,LAD,1,1,124,77.6,9,97,Sinker
FS,2026-08-04,"Dobbins, Hunter",,ball,L,R,NYY,STL,0,2,,,,89.3,Split-Finger
FF,2026-08-04,"Gore, MacKenzie",,swinging_strike,L,L,TEX,SF,1,1,,,,93.5,4-Seam Fastball
FF,2026-08-04,"Skubal, Tarik",,ball,R,L,CHC,LAD,0,1,,,,97.1,4-Seam Fastball
CH,2026-08-04,"Henderson, Logan",,ball,L,R,MIL,PIT,1,2,,,,81.7,Changeup
CH,2026-08-04,"Tidwell, Blade",field_out,hit_into_play,L,R,TEX,SF,0,1,27,77.5,-2,84.7,Changeup
SL,2026-08-04,"Gore, MacKenzie",,ball,L,L,TEX,SF,0,1,,,,87.3,Slider
SL,2026-08-04,"Skubal, Tarik",,called_strike,R,L,CHC,LAD,0,0,,,,91,Slider
FS,2026-08-04,"Dobbins, Hunter",,swinging_strike,L,R,NYY,STL,0,1,,,,86.6,Split-Finger
FF,2026-08-04,"Henderson, Logan",,foul,L,R,MIL,PIT,1,1,219,79.3,56,93.5,4-Seam Fastball
SL,2026-08-04,"Tidwell, Blade",,called_strike,L,R,TEX,SF,0,0,,,,87.9,Slider
SI,2026-08-04,"Gore, MacKenzie",,called_strike,L,L,TEX,SF,0,0,,,,97.4,Sinker
FF,2026-08-04,"Skubal, Tarik",single,hit_into_play,R,L,CHC,LAD,1,1,1,79.8,-74,96.2,4-Seam Fastball
SI,2026-08-04,"Tidwell, Blade",strikeout,called_strike,R,R,TEX,SF,3,2,,,,92.8,Sinker
FF,2026-08-04,"Dobbins, Hunter",,called_strike,L,R,NYY,STL,0,0,,,,92.3,4-Seam Fastball
FC,2026-08-04,"Henderson, Logan",,ball,L,R,MIL,PIT,0,1,,,,90.4,Cutter
SI,2026-08-04,"Skubal, Tarik",,foul,R,L,CHC,LAD,1,0,301,88.4,35,98.4,Sinker
CH,2026-08-04,"Gore, MacKenzie",field_out,hit_into_play,R,L,TEX,SF,0,0,34,66.7,1,87.6,Changeup
CU,2026-08-04,"Dobbins, Hunter",field_out,hit_into_play,L,R,NYY,STL,2,2,382,96,29,80.4,Curveball
CH,2026-08-04,"Henderson, Logan",,called_strike,L,R,MIL,PIT,0,0,,,,83.3,Changeup
FF,2026-08-04,"Tidwell, Blade",,called_strike,R,R,TEX,SF,3,1,,,,91.8,4-Seam Fastball
SL,2026-08-04,"Tidwell, Blade",,ball,R,R,TEX,SF,2,1,,,,89,Slider
FF,2026-08-04,"Dobbins, Hunter",,foul,L,R,NYY,STL,2,2,162,65.1,56,94.8,4-Seam Fastball
SI,2026-08-04,"Wesneski, Hayden",grounded_into_double_play,hit_into_play,R,R,HOU,TOR,0,1,11,76.7,-10,93.6,Sinker
CH,2026-08-04,"Henderson, Logan",strikeout,swinging_strike_blocked,R,R,MIL,PIT,1,2,,,,83.6,Changeup
SI,2026-08-04,"Gore, MacKenzie",field_out,hit_into_play,L,L,TEX,SF,2,1,31,98.8,-3,95.5,Sinker
CH,2026-08-04,"Skubal, Tarik",,ball,R,L,CHC,LAD,0,0,,,,87.6,Changeup
SI,2026-08-04,"Wesneski, Hayden",,called_strike,R,R,HOU,TOR,0,0,,,,91.9,Sinker
SL,2026-08-04,"Skubal, Tarik",fielders_choice_out,hit_into_play,L,L,CHC,LAD,1,1,59,63.1,5,91.4,Slider
CH,2026-08-04,"Hughes, Gabriel",double,hit_into_play,L,R,COL,TB,0,0,197,88.1,13,87.8,Changeup
SI,2026-08-04,"Gore, MacKenzie",,called_strike,L,L,TEX,SF,2,0,,,,95.7,Sinker
ST,2026-08-04,"Tidwell, Blade",,blocked_ball,R,R,TEX,SF,1,1,,,,81.9,Sweeper
FS,2026-08-04,"Dobbins, Hunter",,swinging_strike,L,R,NYY,STL,2,1,,,,88,Split-Finger
FF,2026-08-04,"Henderson, Logan",,ball,R,R,MIL,PIT,0,2,,,,93.6,4-Seam Fastball
SI,2026-08-04,"Skubal, Tarik",,foul,L,L,CHC,LAD,1,0,,,,96.6,Sinker
FS,2026-08-04,"Dobbins, Hunter",,ball,L,R,NYY,STL,1,1,,,,89,Split-Finger
FC,2026-08-04,"Wesneski, Hayden",walk,ball,R,R,HOU,TOR,3,1,,,,89.5,Cutter
ST,2026-08-04,"Tidwell, Blade",,ball,R,R,TEX,SF,0,1,,,,81.9,Sweeper
FF,2026-08-04,"Henderson, Logan",,called_strike,R,R,MIL,PIT,0,1,,,,93.6,4-Seam Fastball
SI,2026-08-04,"Gore, MacKenzie",,ball,L,L,TEX,SF,1,0,,,,96.2,Sinker
CU,2026-08-04,"Hughes, Gabriel",strikeout,swinging_strike,R,R,COL,TB,1,2,,,,81.4,Curveball
CH,2026-08-04,"Hughes, Gabriel",,foul,R,R,COL,TB,1,1,2,53.9,-55,87.5,Changeup
FC,2026-08-04,"Henderson, Logan",,called_strike,R,R,MIL,PIT,0,0,,,,88.2,Cutter
SL,2026-08-04,"Gore, MacKenzie",,ball,L,L,TEX,SF,0,0,,,,84.2,Slider
FF,2026-08-04,"Tidwell, Blade",,called_strike,R,R,TEX,SF,0,0,,,,93.5,4-Seam Fastball
FF,2026-08-04,"Wesneski, Hayden",,called_strike,R,R,HOU,TOR,3,0,,,,93.2,4-Seam Fastball
FF,2026-08-04,"Dobbins, Hunter",,foul,L,R,NYY,STL,1,0,109,60.8,70,94.2,4-Seam Fastball
CH,2026-08-04,"Skubal, Tarik",,blocked_ball,L,L,CHC,LAD,0,0,,,,87.9,Changeup
FF,2026-08-04,"Gore, MacKenzie",field_out,hit_into_play,R,L,TEX,SF,2,0,13,106.2,-10,95.3,4-Seam Fastball
ST,2026-08-04,"Tidwell, Blade",single,hit_into_play,L,R,TEX,SF,2,2,10,87.4,-11,81,Sweeper
SL,2026-08-04,"Hughes, Gabriel",,swinging_strike,R,R,COL,TB,1,0,,,,86.9,Slider
FF,2026-08-04,"Skubal, Tarik",double,hit_into_play,R,L,CHC,LAD,0,0,359,96.8,27,96.7,4-Seam Fastball
CU,2026-08-04,"Dobbins, Hunter",,ball,L,R,NYY,STL,0,0,,,,79.5,Curveball
FF,2026-08-04,"Henderson, Logan",strikeout,called_strike,L,R,MIL,PIT,1,2,,,,93.1,4-Seam Fastball
SI,2026-08-04,"Wesneski, Hayden",,ball,R,R,HOU,TOR,2,0,,,,92.1,Sinker
SI,2026-08-04,"Skubal, Tarik",walk,ball,R,L,CHC,LAD,3,0,,,,96.3,Sinker
FF,2026-08-04,"Hughes, Gabriel",,ball,R,R,COL,TB,0,0,,,,93.2,4-Seam Fastball
ST,2026-08-04,"Dobbins, Hunter",strikeout,swinging_strike,R,R,NYY,STL,0,2,,,,83.9,Sweeper
CH,2026-08-04,"Gore, MacKenzie",,ball,R,L,TEX,SF,1,0,,,,85.9,Changeup
FC,2026-08-04,"Wesneski, Hayden",,ball,R,R,HOU,TOR,1,0,,,,88.5,Cutter
CH,2026-08-04,"Henderson, Logan",,ball,L,R,MIL,PIT,0,2,,,,81.5,Changeup
SL,2026-08-04,"Tidwell, Blade",,foul,L,R,TEX,SF,2,1,289,89.6,35,88.3,Slider
FF,2026-08-04,"Dobbins, Hunter",,foul,R,R,NYY,STL,0,2,307,92.2,40,96.6,4-Seam Fastball
CH,2026-08-04,"Henderson, Logan",,foul,L,R,MIL,PIT,0,1,7,64,-14,83.7,Changeup
CH,2026-08-04,"Skubal, Tarik",,ball,R,L,CHC,LAD,2,0,,,,87.7,Changeup
ST,2026-08-04,"Wesneski, Hayden",,ball,R,R,HOU,TOR,0,0,,,,81,Sweeper
CH,2026-08-04,"Tidwell, Blade",,ball,L,R,TEX,SF,1,1,,,,81.5,Changeup
FF,2026-08-04,"Gore, MacKenzie",,ball,R,L,TEX,SF,0,0,,,,94.3,4-Seam Fastball
CU,2026-08-04,"Hughes, Gabriel",strikeout,swinging_strike,L,R,COL,TB,2,2,,,,80,Curveball
CH,2026-08-04,"Skubal, Tarik",,ball,R,L,CHC,LAD,1,0,,,,87.6,Changeup
FF,2026-08-04,"Gore, MacKenzie",field_out,hit_into_play,R,L,TEX,SF,1,2,197,74,53,96.6,4-Seam Fastball
FC,2026-08-04,"Wesneski, Hayden",field_out,hit_into_play,R,R,HOU,TOR,2,2,317,89.6,20,90.1,Cutter
FF,2026-08-04,"Hughes, Gabriel",,ball,L,R,COL,TB,1,2,,,,93.5,4-Seam Fastball
ST,2026-08-04,"Tidwell, Blade",,swinging_strike,L,R,TEX,SF,1,0,,,,81.8,Sweeper
CU,2026-08-04,"Peralta, Freddy",single,hit_into_play,L,R,COL,TB,0,0,265,77.6,26,80,Curveball
FF,2026-08-04,"Henderson, Logan",,foul,L,R,MIL,PIT,0,0,157,86.9,71,91.8,4-Seam Fastball
FF,2026-08-04,"Dobbins, Hunter",,foul,R,R,NYY,STL,0,1,242,77,30,94.9,4-Seam Fastball
SI,2026-08-04,"Skubal, Tarik",,ball,R,L,CHC,LAD,0,0,,,,97.7,Sinker
CH,2026-08-04,"Hughes, Gabriel",,foul,L,R,COL,TB,1,1,235,88.4,61,87.2,Changeup
FF,2026-08-04,"Gore, MacKenzie",,swinging_strike,R,L,TEX,SF,1,1,,,,95.1,4-Seam Fastball
FF,2026-08-04,"Dobbins, Hunter",,swinging_strike,R,R,NYY,STL,0,0,,,,94.3,4-Seam Fastball
ST,2026-08-04,"Wesneski, Hayden",,ball,R,R,HOU,TOR,1,2,,,,82.4,Sweeper
ST,2026-08-04,"Tidwell, Blade",,ball,L,R,TEX,SF,0,0,,,,82.4,Sweeper
FF,2026-08-04,"Henderson, Logan",strikeout,swinging_strike,L,R,MIL,PIT,0,2,,,,93.5,4-Seam Fastball
FF,2026-08-04,"Peralta, Freddy",field_out,hit_into_play,R,R,COL,TB,1,1,37,100,0,93.3,4-Seam Fastball
FF,2026-08-04,"Skubal, Tarik",strikeout,swinging_strike,L,L,CHC,LAD,1,2,,,,99.4,4-Seam Fastball
FF,2026-08-04,"Peralta, Freddy",,foul,R,R,COL,TB,1,0,234,77.2,27,95.1,4-Seam Fastball
ST,2026-08-04,"Wesneski, Hayden",,foul,R,R,HOU,TOR,1,1,4,46.8,-27,78.6,Sweeper
FS,2026-08-04,"Dobbins, Hunter",field_out,hit_into_play,L,R,NYY,STL,1,0,335,88.3,30,86.6,Split-Finger
FF,2026-08-04,"Gore, MacKenzie",,ball,R,L,TEX,SF,0,1,,,,95.9,4-Seam Fastball
ST,2026-08-04,"Tidwell, Blade",field_out,hit_into_play,R,R,TEX,SF,1,2,39,79.4,78,80.9,Sweeper
FF,2026-08-04,"Henderson, Logan",,called_strike,L,R,MIL,PIT,0,1,,,,93.3,4-Seam Fastball
CH,2026-08-04,"Hughes, Gabriel",,ball,L,R,COL,TB,0,1,,,,86.9,Changeup
SI,2026-08-04,"Wesneski, Hayden",,foul,R,R,HOU,TOR,1,0,7,96.7,-16,91.8,Sinker
FF,2026-08-04,"Skubal, Tarik",,swinging_strike,L,L,CHC,LAD,1,1,,,,97.7,4-Seam Fastball
CH,2026-08-04,"Henderson, Logan",,swinging_strike,L,R,MIL,PIT,0,0,,,,81.6,Changeup
ST,2026-08-04,"Peralta, Freddy",,ball,R,R,COL,TB,0,0,,,,83.1,Sweeper
FF,2026-08-04,"Gore, MacKenzie",,foul,R,L,TEX,SF,0,0,140,67.4,65,96.1,4-Seam Fastball
FF,2026-08-04,"Dobbins, Hunter",,ball,L,R,NYY,STL,0,0,,,,94.6,4-Seam Fastball
FF,2026-08-04,"Tidwell, Blade",,ball,R,R,TEX,SF,0,2,,,,96.3,4-Seam Fastball
ST,2026-08-04,"Hughes, Gabriel",,foul,L,R,COL,TB,0,0,12,98.6,-6,86.5,Sweeper
FS,2026-08-04,"Dobbins, Hunter",walk,ball,L,R,NYY,STL,3,2,,,,87.6,Split-Finger
FF,2026-08-04,"Henderson, Logan",single,hit_into_play,L,R,MIL,PIT,2,2,300,101.3,16,93.8,4-Seam Fastball
ST,2026-08-04,"Peralta, Freddy",strikeout,swinging_strike,R,R,COL,TB,1,2,,,,80.5,Sweeper
FF,2026-08-04,"Gore, MacKenzie",walk,ball,L,L,TEX,SF,3,2,,,,95.5,4-Seam Fastball
FF,2026-08-04,"Wesneski, Hayden",,ball,R,R,HOU,TOR,0,0,,,,93.6,4-Seam Fastball
SI,2026-08-04,"Tidwell, Blade",,foul,R,R,TEX,SF,0,1,201,70.8,48,94.7,Sinker
SI,2026-08-04,"Skubal, Tarik",,foul,L,L,CHC,LAD,1,0,,,,97.5,Sinker
CU,2026-08-04,"Hughes, Gabriel",strikeout,swinging_strike_blocked,R,R,COL,TB,1,2,,,,80.2,Curveball
CU,2026-08-04,"Dobbins, Hunter",,ball,L,R,NYY,STL,2,2,,,,80.9,Curveball
FF,2026-08-04,"Henderson, Logan",,foul,L,R,MIL,PIT,2,2,209,72,41,93.1,4-Seam Fastball
FF,2026-08-04,"Hughes, Gabriel",,called_strike,R,R,COL,TB,1,1,,,,91.1,4-Seam Fastball
SL,2026-08-04,"Gore, MacKenzie",,ball,L,L,TEX,SF,2,2,,,,86.7,Slider
SL,2026-08-04,"Skubal, Tarik",,ball,L,L,CHC,LAD,0,0,,,,90.7,Slider
ST,2026-08-04,"Wesneski, Hayden",field_out,hit_into_play,R,R,HOU,TOR,0,0,4,70.6,-18,80.1,Sweeper
SI,2026-08-04,"Tidwell, Blade",,foul,R,R,TEX,SF,0,0,3,87.9,-36,93.1,Sinker
CH,2026-08-04,"Peralta, Freddy",,ball,R,R,COL,TB,0,2,,,,86.6,Changeup
ST,2026-08-04,"Tidwell, Blade",field_out,hit_into_play,L,R,TEX,SF,2,2,22,74.9,86,82.8,Sweeper
CH,2026-08-04,"Peralta, Freddy",,foul,R,R,COL,TB,0,1,7,77.1,-18,87.8,Changeup
FF,2026-08-04,"Wesneski, Hayden",field_out,hit_into_play,L,R,HOU,TOR,2,2,10,98.2,-16,94.6,4-Seam Fastball
FF,2026-08-04,"Gore, MacKenzie",,ball,L,L,TEX,SF,1,2,,,,96.9,4-Seam Fastball
SI,2026-08-04,"Dobbins, Hunter",,ball,L,R,NYY,STL,1,2,,,,94.6,Sinker
CH,2026-08-04,"Henderson, Logan",,ball,L,R,MIL,PIT,1,2,,,,83.4,Changeup
SI,2026-08-04,"Hughes, Gabriel",,called_strike,R,R,COL,TB,1,0,,,,92.3,Sinker
FF,2026-08-04,"Skubal, Tarik",field_out,hit_into_play,R,L,CHC,LAD,0,1,143,61.4,59,98.4,4-Seam Fastball
SL,2026-08-04,"Hughes, Gabriel",,ball,R,R,COL,TB,0,0,,,,86.4,Slider
FS,2026-08-04,"Dobbins, Hunter",,swinging_strike,L,R,NYY,STL,1,1,,,,87.5,Split-Finger
SI,2026-08-04,"Skubal, Tarik",,foul,R,L,CHC,LAD,0,0,192,84.1,65,99,Sinker
FF,2026-08-04,"Tidwell, Blade",,foul,L,R,TEX,SF,2,2,212,72.4,44,93.9,4-Seam Fastball
CH,2026-08-04,"Henderson, Logan",,ball,L,R,MIL,PIT,0,2,,,,83.2,Changeup
ST,2026-08-04,"Peralta, Freddy",,foul,R,R,COL,TB,0,0,59,100.8,0,84,Sweeper
FF,2026-08-04,"Wesneski, Hayden",,ball,L,R,HOU,TOR,1,2,,,,94.1,4-Seam Fastball
SI,2026-08-04,"Gore, MacKenzie",,called_strike,L,L,TEX,SF,1,1,,,,96.5,Sinker
ST,2026-08-04,"Tidwell, Blade",,ball,L,R,TEX,SF,1,2,,,,81.2,Sweeper
FF,2026-08-04,"Dobbins, Hunter",,ball,L,R,NYY,STL,0,1,,,,91.9,4-Seam Fastball
SI,2026-08-04,"Skubal, Tarik",field_out,hit_into_play,R,L,CHC,LAD,2,1,335,90.1,32,98,Sinker
FF,2026-08-04,"Peralta, Freddy",home_run,hit_into_play,L,R,COL,TB,0,2,392,107.1,24,93.1,4-Seam Fastball
FF,2026-08-04,"Hughes, Gabriel",strikeout,swinging_strike,L,R,COL,TB,0,2,,,,92.8,4-Seam Fastball
FF,2026-08-04,"Gore, MacKenzie",,called_strike,L,L,TEX,SF,1,0,,,,96.5,4-Seam Fastball
ST,2026-08-04,"Wesneski, Hayden",,ball,L,R,HOU,TOR,0,2,,,,81.7,Sweeper
FF,2026-08-04,"Henderson, Logan",,foul,L,R,MIL,PIT,0,1,193,78.1,60,92.9,4-Seam Fastball
FF,2026-08-04,"Gore, MacKenzie",,ball,L,L,TEX,SF,0,0,,,,96.7,4-Seam Fastball
CU,2026-08-04,"Tidwell, Blade",,ball,L,R,TEX,SF,0,2,,,,84,Curveball
CH,2026-08-04,"Skubal, Tarik",,swinging_strike,R,L,CHC,LAD,2,0,,,,88,Changeup
FF,2026-08-04,"Peralta, Freddy",,foul,L,R,COL,TB,0,2,216,80.3,63,93.8,4-Seam Fastball
CU,2026-08-04,"Hughes, Gabriel",,called_strike,L,R,COL,TB,0,1,,,,79.8,Curveball
ST,2026-08-04,"Wesneski, Hayden",,swinging_strike_blocked,L,R,HOU,TOR,0,1,,,,81.2,Sweeper
FC,2026-08-04,"Henderson, Logan",,foul,L,R,MIL,PIT,0,0,211,73.2,44,88.2,Cutter
ST,2026-08-04,"Dobbins, Hunter",,called_strike,L,R,NYY,STL,0,0,,,,80.1,Sweeper
CH,2026-08-04,"Peralta, Freddy",,foul,L,R,COL,TB,0,1,108,72.7,15,86.6,Changeup
FF,2026-08-04,"Skubal, Tarik",,ball,R,L,CHC,LAD,1,0,,,,97.2,4-Seam Fastball
CH,2026-08-04,"Henderson, Logan",field_out,hit_into_play,R,R,MIL,PIT,0,0,278,79.7,24,82.5,Changeup
FF,2026-08-04,"Hughes, Gabriel",,called_strike,L,R,COL,TB,0,0,,,,91.9,4-Seam Fastball
FF,2026-08-04,"Gore, MacKenzie",field_out,hit_into_play,R,L,TEX,SF,1,2,174,71.5,16,95.6,4-Seam Fastball
ST,2026-08-04,"Tidwell, Blade",,called_strike,L,R,TEX,SF,0,1,,,,81.8,Sweeper
ST,2026-08-04,"Wesneski, Hayden",,swinging_strike,L,R,HOU,TOR,0,0,,,,79.7,Sweeper
FF,2026-08-04,"Dobbins, Hunter",field_out,hit_into_play,L,R,NYY,STL,0,0,272,77.5,26,93.6,4-Seam Fastball
CH,2026-08-04,"Hughes, Gabriel",field_out,hit_into_play,L,R,COL,TB,2,2,287,78.2,29,87.6,Changeup
FS,2026-08-04,"Dobbins, Hunter",field_out,hit_into_play,L,R,NYY,STL,0,0,6,94.1,-18,89.8,Split-Finger
CH,2026-08-04,"Henderson, Logan",field_out,hit_into_play,L,R,MIL,PIT,3,2,318,85.9,27,82.5,Changeup
SI,2026-08-04,"Tidwell, Blade",,called_strike,L,R,TEX,SF,0,0,,,,92.2,Sinker
SL,2026-08-04,"Skubal, Tarik",,ball,R,L,CHC,LAD,0,0,,,,92.2,Slider
FF,2026-08-04,"Gore, MacKenzie",,ball,R,L,TEX,SF,0,2,,,,95.2,4-Seam Fastball
CU,2026-08-04,"Peralta, Freddy",,called_strike,L,R,COL,TB,0,0,,,,81,Curveball
SI,2026-08-04,"Wesneski, Hayden",triple,hit_into_play,R,R,HOU,TOR,0,1,383,102.6,20,93.7,Sinker
CU,2026-08-04,"Hughes, Gabriel",,ball,L,R,COL,TB,1,2,,,,80.2,Curveball
CH,2026-08-04,"Henderson, Logan",,called_strike,L,R,MIL,PIT,3,1,,,,81.9,Changeup
SI,2026-08-04,"Wesneski, Hayden",,foul,R,R,HOU,TOR,0,0,147,79.3,76,92.2,Sinker
CH,2026-08-04,"Gore, MacKenzie",,swinging_strike,R,L,TEX,SF,0,1,,,,87.6,Changeup
CU,2026-08-04,"Skubal, Tarik",strikeout,swinging_strike,R,L,CHC,LAD,1,2,,,,81.2,Curveball
ST,2026-08-04,"Tidwell, Blade",strikeout,called_strike,R,R,TEX,SF,3,2,,,,82.3,Sweeper
FF,2026-08-04,"Peralta, Freddy",walk,ball,R,R,COL,TB,3,0,,,,93.3,4-Seam Fastball
ST,2026-08-04,"Dobbins, Hunter",home_run,hit_into_play,R,R,NYY,STL,0,2,392,100.2,33,81.4,Sweeper
FF,2026-08-04,"Peralta, Freddy",,ball,R,R,COL,TB,2,0,,,,95.4,4-Seam Fastball
FC,2026-08-04,"Henderson, Logan",,called_strike,L,R,MIL,PIT,3,0,,,,88.1,Cutter
FC,2026-08-04,"Gore, MacKenzie",,foul,R,L,TEX,SF,0,0,3,72.4,-40,92.8,Cutter
FF,2026-08-04,"Wesneski, Hayden",single,hit_into_play,L,R,HOU,TOR,1,2,10,70.8,-21,94.2,4-Seam Fastball
FF,2026-08-04,"Hughes, Gabriel",,called_strike,L,R,COL,TB,1,1,,,,92.2,4-Seam Fastball
ST,2026-08-04,"Dobbins, Hunter",,foul,R,R,NYY,STL,0,1,37,72.4,1,81.9,Sweeper
FF,2026-08-04,"Skubal, Tarik",,foul,R,L,CHC,LAD,1,2,149,86.1,76,97.1,4-Seam Fastball
SL,2026-08-04,"Tidwell, Blade",,swinging_strike,R,R,TEX,SF,3,1,,,,87.7,Slider
CH,2026-08-04,"Gore, MacKenzie",strikeout,swinging_strike,R,L,TEX,SF,0,2,,,,86.1,Changeup
CH,2026-08-04,"Hughes, Gabriel",,ball,L,R,COL,TB,0,1,,,,87.2,Changeup
CH,2026-08-04,"Peralta, Freddy",,ball,R,R,COL,TB,1,0,,,,87,Changeup
SL,2026-08-04,"Skubal, Tarik",,swinging_strike,R,L,CHC,LAD,1,1,,,,90.7,Slider
ST,2026-08-04,"Wesneski, Hayden",,called_strike,L,R,HOU,TOR,1,1,,,,78.4,Sweeper
SI,2026-08-04,"Dobbins, Hunter",,foul,R,R,NYY,STL,0,0,2,73.3,-46,94.2,Sinker
FC,2026-08-04,"Henderson, Logan",,ball,L,R,MIL,PIT,2,0,,,,88.1,Cutter
ST,2026-08-04,"Tidwell, Blade",,ball,R,R,TEX,SF,2,1,,,,80.5,Sweeper
FF,2026-08-04,"Peralta, Freddy",,ball,R,R,COL,TB,0,0,,,,93.5,4-Seam Fastball
ST,2026-08-04,"Hughes, Gabriel",,called_strike,L,R,COL,TB,0,0,,,,85.8,Sweeper
CH,2026-08-04,"Henderson, Logan",,ball,L,R,MIL,PIT,1,0,,,,82.9,Changeup
FF,2026-08-04,"Tidwell, Blade",,ball,R,R,TEX,SF,1,1,,,,94.8,4-Seam Fastball
FC,2026-08-04,"Wesneski, Hayden",,ball,L,R,HOU,TOR,0,1,,,,88.7,Cutter
SL,2026-08-04,"Dobbins, Hunter",field_out,hit_into_play,L,R,NYY,STL,1,2,304,92.5,36,85.9,Slider
CH,2026-08-04,"Skubal, Tarik",,ball,R,L,CHC,LAD,0,1,,,,88.6,Changeup
FF,2026-08-04,"Gore, MacKenzie",,foul,R,L,TEX,SF,0,1,179,66.9,56,96.1,4-Seam Fastball
SI,2026-08-04,"Skubal, Tarik",,swinging_strike,R,L,CHC,LAD,0,0,,,,95.9,Sinker
SL,2026-08-04,"Tidwell, Blade",,ball,R,R,TEX,SF,0,1,,,,87.6,Slider
FF,2026-08-04,"Dobbins, Hunter",,foul,L,R,NYY,STL,1,1,3,50.2,-37,93.2,4-Seam Fastball
FF,2026-08-04,"Wesneski, Hayden",,missed_bunt,L,R,HOU,TOR,0,0,,,,92.8,4-Seam Fastball
FF,2026-08-04,"Hughes, Gabriel",field_out,hit_into_play,L,R,COL,TB,2,2,4,98.4,-35,93.5,4-Seam Fastball
CH,2026-08-04,"Peralta, Freddy",grounded_into_double_play,hit_into_play,L,R,COL,TB,2,2,6,81.9,-13,87.5,Changeup
CH,2026-08-04,"Henderson, Logan",,ball,L,R,MIL,PIT,0,0,,,,83.5,Changeup
FF,2026-08-04,"Gore, MacKenzie",,called_strike,R,L,TEX,SF,0,0,,,,96,4-Seam Fastball
FF,2026-08-04,"Henderson, Logan",home_run,hit_into_play,L,R,MIL,PIT,1,1,379,108.1,44,91.3,4-Seam Fastball
CU,2026-08-04,"Dobbins, Hunter",,called_strike,L,R,NYY,STL,1,0,,,,78.7,Curveball
CU,2026-08-04,"Hughes, Gabriel",,ball,L,R,COL,TB,1,2,,,,80.1,Curveball
FF,2026-08-04,"Tidwell, Blade",,called_strike,R,R,TEX,SF,0,0,,,,94.2,4-Seam Fastball
ST,2026-08-04,"Wesneski, Hayden",field_out,hit_into_play,R,R,HOU,TOR,0,1,38,82.6,0,79.7,Sweeper
FF,2026-08-04,"Skubal, Tarik",field_out,hit_into_play,R,L,CHC,LAD,1,0,4,60.1,-28,96.8,4-Seam Fastball
CH,2026-08-04,"Gore, MacKenzie",force_out,hit_into_play,R,L,TEX,SF,1,1,4,58.6,-33,86.3,Changeup
FF,2026-08-04,"Peralta, Freddy",,ball,L,R,COL,TB,1,2,,,,94.4,4-Seam Fastball
FC,2026-08-04,"Henderson, Logan",,swinging_strike,L,R,MIL,PIT,1,0,,,,87.3,Cutter
CH,2026-08-04,"Gore, MacKenzie",,ball,R,L,TEX,SF,0,1,,,,89.1,Changeup
SI,2026-08-04,"Skubal, Tarik",,ball,R,L,CHC,LAD,0,0,,,,97.2,Sinker
SI,2026-08-04,"Tidwell, Blade",single,hit_into_play,L,R,TEX,SF,2,2,190,94.8,10,93.4,Sinker
CH,2026-08-04,"Peralta, Freddy",,swinging_strike,L,R,COL,TB,1,1,,,,87.5,Changeup
SI,2026-08-04,"Wesneski, Hayden",,called_strike,R,R,HOU,TOR,0,0,,,,91.2,Sinker
CU,2026-08-04,"Dobbins, Hunter",,ball,L,R,NYY,STL,0,0,,,,79.6,Curveball
SI,2026-08-04,"Hughes, Gabriel",,foul_tip,L,R,COL,TB,1,1,,,,92.4,Sinker
CU,2026-08-04,"Gore, MacKenzie",,called_strike,R,L,TEX,SF,0,0,,,,81.8,Curveball
FF,2026-08-04,"Dobbins, Hunter",strikeout,swinging_strike,L,R,NYY,STL,3,2,,,,95.6,4-Seam Fastball
ST,2026-08-04,"Hughes, Gabriel",,called_strike,L,R,COL,TB,1,0,,,,83.3,Sweeper
FC,2026-08-04,"Wesneski, Hayden",field_out,hit_into_play,L,R,HOU,TOR,0,0,293,85.1,34,90.8,Cutter
FF,2026-08-04,"Tidwell, Blade",,foul,L,R,TEX,SF,2,2,,,,94.6,4-Seam Fastball
CU,2026-08-04,"Peralta, Freddy",,swinging_strike,L,R,COL,TB,1,0,,,,80.6,Curveball
SI,2026-08-04,"Skubal, Tarik",field_out,hit_into_play,R,L,CHC,LAD,1,0,237,89.1,59,97.2,Sinker
FF,2026-08-04,"Henderson, Logan",,ball,L,R,MIL,PIT,0,0,,,,91.6,4-Seam Fastball
CU,2026-08-04,"Hughes, Gabriel",,ball,L,R,COL,TB,0,0,,,,79.7,Curveball
FF,2026-08-04,"Gore, MacKenzie",walk,ball,L,L,TEX,SF,3,0,,,,97.6,4-Seam Fastball
FC,2026-08-04,"Wesneski, Hayden",single,hit_into_play,R,R,HOU,TOR,0,1,161,92.5,10,89.4,Cutter
CH,2026-08-04,"Tidwell, Blade",,ball,L,R,TEX,SF,1,2,,,,84.6,Changeup
SL,2026-08-04,"Skubal, Tarik",,ball,R,L,CHC,LAD,0,0,,,,90.5,Slider
FC,2026-08-04,"Henderson, Logan",field_out,hit_into_play,R,R,MIL,PIT,2,1,298,91.9,44,88.4,Cutter
FS,2026-08-04,"Dobbins, Hunter",,called_strike,L,R,NYY,STL,3,1,,,,87.4,Split-Finger
FF,2026-08-04,"Peralta, Freddy",,ball,L,R,COL,TB,0,0,,,,95.1,4-Seam Fastball
SL,2026-08-04,"Gore, MacKenzie",,ball,L,L,TEX,SF,2,0,,,,87.4,Slider
CU,2026-08-04,"Hughes, Gabriel",field_out,hit_into_play,L,R,COL,TB,0,1,71,84.2,3,75.6,Curveball
SL,2026-08-04,"Dobbins, Hunter",,ball,L,R,NYY,STL,2,1,,,,86.2,Slider
FF,2026-08-04,"Henderson, Logan",,ball,R,R,MIL,PIT,1,1,,,,94.1,4-Seam Fastball
FF,2026-08-04,"Tidwell, Blade",,ball,L,R,TEX,SF,0,2,,,,95.5,4-Seam Fastball
CU,2026-08-04,"Peralta, Freddy",single,hit_into_play,R,R,COL,TB,1,1,254,72.3,38,81.5,Curveball
SI,2026-08-04,"Wesneski, Hayden",,foul,R,R,HOU,TOR,0,0,72,53.1,77,93.4,Sinker
SI,2026-08-04,"Skubal, Tarik",field_out,hit_into_play,L,L,CHC,LAD,1,0,221,82.2,56,96.9,Sinker
FF,2026-08-04,"Hughes, Gabriel",,called_strike,L,R,COL,TB,0,0,,,,91.5,4-Seam Fastball
CH,2026-08-04,"Peralta, Freddy",,ball,R,R,COL,TB,0,1,,,,87.8,Changeup
CH,2026-08-04,"Henderson, Logan",,foul,R,R,MIL,PIT,1,0,228,75.6,24,81.9,Changeup
FS,2026-08-04,"Dobbins, Hunter",,called_strike,L,R,NYY,STL,2,0,,,,88.4,Split-Finger
FC,2026-08-04,"Wesneski, Hayden",strikeout,swinging_strike,R,R,HOU,TOR,3,2,,,,91.4,Cutter
SL,2026-08-04,"Gore, MacKenzie",,blocked_ball,L,L,TEX,SF,1,0,,,,86.9,Slider
SI,2026-08-04,"Tidwell, Blade",,called_strike,L,R,TEX,SF,0,1,,,,93,Sinker
SL,2026-08-04,"Skubal, Tarik",,ball,L,L,CHC,LAD,0,0,,,,91.4,Slider
FF,2026-08-04,"Dobbins, Hunter",,ball,L,R,NYY,STL,1,0,,,,94,4-Seam Fastball
SL,2026-08-04,"Gore, MacKenzie",,ball,L,L,TEX,SF,0,0,,,,87.5,Slider
FC,2026-08-04,"Henderson, Logan",,ball,R,R,MIL,PIT,0,0,,,,88.6,Cutter
FF,2026-08-04,"Peralta, Freddy",,foul,R,R,COL,TB,0,0,208,70.4,48,96.3,4-Seam Fastball
CH,2026-08-04,"Tidwell, Blade",,foul,L,R,TEX,SF,0,0,217,68.6,35,83.3,Changeup
CH,2026-08-04,"Skubal, Tarik",field_out,hit_into_play,R,L,CHC,LAD,2,0,262,88.1,51,86,Changeup
CH,2026-08-04,"Wesneski, Hayden",,ball,R,R,HOU,TOR,2,2,,,,86.8,Changeup
FF,2026-08-04,"Hughes, Gabriel",field_out,hit_into_play,L,R,COL,TB,0,2,4,79.8,-35,93.3,4-Seam Fastball
FF,2026-08-04,"Henderson, Logan",field_out,hit_into_play,L,R,MIL,PIT,0,1,204,90.3,61,94,4-Seam Fastball
FF,2026-08-04,"Hughes, Gabriel",,foul,L,R,COL,TB,0,1,224,73.8,43,92.5,4-Seam Fastball
FF,2026-08-04,"Dobbins, Hunter",,ball,L,R,NYY,STL,0,0,,,,94,4-Seam Fastball
FF,2026-08-04,"Peralta, Freddy",home_run,hit_into_play,L,R,COL,TB,3,1,380,96.5,37,96.2,4-Seam Fastball
SI,2026-08-04,"Skubal, Tarik",,ball,R,L,CHC,LAD,1,0,,,,96.4,Sinker
FF,2026-08-04,"Tidwell, Blade",field_out,hit_into_play,L,R,TEX,SF,1,2,19,95.9,-7,94.9,4-Seam Fastball
FC,2026-08-04,"Wesneski, Hayden",,swinging_strike,R,R,HOU,TOR,2,1,,,,88.6,Cutter
FF,2026-08-04,"Gore, MacKenzie",strikeout,swinging_strike,R,L,TEX,SF,2,2,,,,96.5,4-Seam Fastball
FF,2026-08-04,"Peralta, Freddy",,called_strike,L,R,COL,TB,3,0,,,,96.6,4-Seam Fastball
FF,2026-08-04,"Henderson, Logan",,called_strike,L,R,MIL,PIT,0,0,,,,94.3,4-Seam Fastball
FF,2026-08-04,"Wesneski, Hayden",,ball,R,R,HOU,TOR,1,1,,,,94,4-Seam Fastball
CH,2026-08-04,"Gore, MacKenzie",,ball,R,L,TEX,SF,1,2,,,,86.8,Changeup
SL,2026-08-04,"Skubal, Tarik",,ball,R,L,CHC,LAD,0,0,,,,90.6,Slider
CH,2026-08-04,"Tidwell, Blade",,foul,L,R,TEX,SF,1,1,,,,83.3,Changeup
FF,2026-08-04,"Dobbins, Hunter",force_out,hit_into_play,L,R,NYY,STL,0,0,127,62,14,94.1,4-Seam Fastball
CU,2026-08-04,"Hughes, Gabriel",,foul,L,R,COL,TB,0,0,75,75.4,84,80.9,Curveball
SI,2026-08-04,"Tidwell, Blade",,foul,L,R,TEX,SF,1,0,,,,93.5,Sinker
SI,2026-08-04,"Wesneski, Hayden",,foul,R,R,HOU,TOR,1,0,193,68.7,47,94.4,Sinker
CH,2026-08-04,"Henderson, Logan",strikeout,swinging_strike,R,R,MIL,PIT,3,2,,,,82.3,Changeup
CH,2026-08-04,"Gore, MacKenzie",,blocked_ball,R,L,TEX,SF,0,2,,,,87.1,Changeup
ST,2026-08-04,"Dobbins, Hunter",fielders_choice_out,hit_into_play,R,R,NYY,STL,0,2,19,93.4,-3,81.3,Sweeper
CH,2026-08-04,"Peralta, Freddy",,ball,L,R,COL,TB,2,0,,,,88.4,Changeup
FF,2026-08-04,"Hughes, Gabriel",home_run,hit_into_play,L,R,COL,TB,2,1,402,98.8,26,93.6,4-Seam Fastball
SI,2026-08-04,"Skubal, Tarik",walk,ball,R,L,CHC,LAD,3,2,,,,97.5,Sinker
SI,2026-08-04,"Tidwell, Blade",,ball,L,R,TEX,SF,0,0,,,,94,Sinker
FF,2026-08-04,"Henderson, Logan",,ball,R,R,MIL,PIT,2,2,,,,94.3,4-Seam Fastball
SI,2026-08-04,"Wesneski, Hayden",,ball,R,R,HOU,TOR,0,0,,,,93.8,Sinker
SL,2026-08-04,"Dobbins, Hunter",,swinging_strike,R,R,NYY,STL,0,1,,,,88.1,Slider
FF,2026-08-04,"Gore, MacKenzie",,swinging_strike,R,L,TEX,SF,0,1,,,,95.9,4-Seam Fastball
CH,2026-08-04,"Peralta, Freddy",,blocked_ball,L,R,COL,TB,1,0,,,,88.6,Changeup
CH,2026-08-04,"Skubal, Tarik",,foul,R,L,CHC,LAD,3,1,93,69.4,8,87.4,Changeup
FF,2026-08-04,"Hughes, Gabriel",,foul,L,R,COL,TB,2,0,188,69.7,57,93.7,4-Seam Fastball
CU,2026-08-04,"Gore, MacKenzie",,called_strike,R,L,TEX,SF,0,0,,,,83,Curveball
CH,2026-08-04,"Henderson, Logan",,ball,R,R,MIL,PIT,1,2,,,,83.3,Changeup
CU,2026-08-04,"Peralta, Freddy",,ball,L,R,COL,TB,0,0,,,,82.9,Curveball
FF,2026-08-04,"Hughes, Gabriel",,ball,L,R,COL,TB,1,0,,,,92.4,4-Seam Fastball
SI,2026-08-04,"Dobbins, Hunter",,called_strike,R,R,NYY,STL,0,0,,,,94.9,Sinker
FC,2026-08-04,"Wesneski, Hayden",strikeout,foul_tip,R,R,HOU,TOR,2,2,,,,90.8,Cutter
FF,2026-08-04,"Skubal, Tarik",,called_strike,R,L,CHC,LAD,3,0,,,,94.5,4-Seam Fastball
SI,2026-08-04,"Tidwell, Blade",field_out,hit_into_play,R,R,TEX,SF,0,1,118,105.7,6,93.9,Sinker
FF,2026-08-04,"Gore, MacKenzie",double,hit_into_play,L,L,TEX,SF,1,2,287,87.4,20,96.5,4-Seam Fastball
FF,2026-08-04,"Henderson, Logan",,called_strike,R,R,MIL,PIT,1,1,,,,93.3,4-Seam Fastball
CU,2026-08-04,"Peralta, Freddy",strikeout,swinging_strike,L,R,COL,TB,2,2,,,,80.5,Curveball
FF,2026-08-04,"Skubal, Tarik",,ball,R,L,CHC,LAD,2,0,,,,96.3,4-Seam Fastball
SL,2026-08-04,"Tidwell, Blade",,called_strike,R,R,TEX,SF,0,0,,,,89.4,Slider
FF,2026-08-04,"Dobbins, Hunter",single,hit_into_play,L,R,NYY,STL,1,0,241,94.5,16,93.8,4-Seam Fastball
FF,2026-08-04,"Wesneski, Hayden",,ball,R,R,HOU,TOR,1,2,,,,95.1,4-Seam Fastball
ST,2026-08-04,"Hughes, Gabriel",,blocked_ball,L,R,COL,TB,0,0,,,,87.3,Sweeper
FF,2026-08-04,"Gore, MacKenzie",,foul,L,L,TEX,SF,1,2,207,71,26,97.5,4-Seam Fastball
FF,2026-08-04,"Henderson, Logan",,ball,R,R,MIL,PIT,0,1,,,,94.2,4-Seam Fastball
SL,2026-08-04,"Skubal, Tarik",,ball,R,L,CHC,LAD,1,0,,,,90.4,Slider
CH,2026-08-04,"Peralta, Freddy",,ball,L,R,COL,TB,1,2,,,,89.4,Changeup
ST,2026-08-04,"Wesneski, Hayden",,foul,R,R,HOU,TOR,1,2,273,100.3,21,81,Sweeper
FS,2026-08-04,"Dobbins, Hunter",,blocked_ball,L,R,NYY,STL,0,0,,,,87.8,Split-Finger
FF,2026-08-04,"Hughes, Gabriel",strikeout,swinging_strike,R,R,COL,TB,3,2,,,,93.9,4-Seam Fastball
ST,2026-08-04,"Tidwell, Blade",field_out,hit_into_play,L,R,TEX,SF,0,0,224,103.9,59,80.5,Sweeper
CH,2026-08-04,"Henderson, Logan",,swinging_strike,R,R,MIL,PIT,0,0,,,,83.2,Changeup
SL,2026-08-04,"Tidwell, Blade",strikeout,swinging_strike_blocked,R,R,TEX,SF,1,2,,,,88.5,Slider
CH,2026-08-04,"Skubal, Tarik",,blocked_ball,R,L,CHC,LAD,0,0,,,,81.2,Changeup
ST,2026-08-04,"Wesneski, Hayden",,ball,R,R,HOU,TOR,0,2,,,,81.3,Sweeper
FF,2026-08-04,"Hughes, Gabriel",,foul,R,R,COL,TB,3,2,127,91.1,78,92.4,4-Seam Fastball
CU,2026-08-04,"Dobbins, Hunter",walk,ball,L,R,NYY,STL,3,1,,,,80.4,Curveball
SI,2026-08-04,"Gore, MacKenzie",,missed_bunt,L,L,TEX,SF,1,1,,,,97.5,Sinker
CH,2026-08-04,"Peralta, Freddy",,foul,L,R,COL,TB,1,1,3,75.1,-22,88.8,Changeup
CU,2026-08-04,"Gore, MacKenzie",,ball,L,L,TEX,SF,0,1,,,,82.1,Curveball
SL,2026-08-04,"Hughes, Gabriel",,foul,R,R,COL,TB,3,2,111,74.2,81,87.6,Slider
SI,2026-08-04,"Skubal, Tarik",single,hit_into_play,L,L,CHC,LAD,2,1,165,73.3,16,98.1,Sinker
ST,2026-08-04,"Tidwell, Blade",,swinging_strike,R,R,TEX,SF,1,1,,,,82.5,Sweeper
ST,2026-08-04,"Wesneski, Hayden",,swinging_strike,R,R,HOU,TOR,0,1,,,,79.7,Sweeper
SL,2026-08-04,"Dobbins, Hunter",,called_strike,L,R,NYY,STL,3,0,,,,85.4,Slider
CH,2026-08-04,"Peralta, Freddy",,foul,L,R,COL,TB,1,0,228,93.6,16,88.2,Changeup
FF,2026-08-04,"Henderson, Logan",field_out,hit_into_play,L,R,MIL,PIT,1,1,8,73.5,-13,92.5,4-Seam Fastball
SL,2026-08-04,"Dobbins, Hunter",,ball,L,R,NYY,STL,2,0,,,,86.9,Slider
SI,2026-08-04,"Gore, MacKenzie",,called_strike,L,L,TEX,SF,0,0,,,,97,Sinker
SI,2026-08-04,"Wesneski, Hayden",,foul,R,R,HOU,TOR,0,0,4,86.2,-28,91.4,Sinker
CU,2026-08-04,"Peralta, Freddy",,ball,L,R,COL,TB,0,0,,,,82.4,Curveball
FF,2026-08-04,"Hughes, Gabriel",,foul,R,R,COL,TB,3,2,2,67.7,-48,94.4,4-Seam Fastball
SL,2026-08-04,"Skubal, Tarik",,ball,L,L,CHC,LAD,1,1,,,,92.3,Slider
CH,2026-08-04,"Henderson, Logan",,ball,L,R,MIL,PIT,0,1,,,,80.7,Changeup
SI,2026-08-04,"Tidwell, Blade",,ball,R,R,TEX,SF,0,1,,,,94.3,Sinker
CH,2026-08-04,"Peralta, Freddy",single,hit_into_play,L,R,COL,TB,0,0,233,103.9,13,88.4,Changeup
FF,2026-08-04,"Henderson, Logan",,called_strike,L,R,MIL,PIT,0,0,,,,92.2,4-Seam Fastball
FF,2026-08-04,"Hughes, Gabriel",,ball,R,R,COL,TB,2,2,,,,93.9,4-Seam Fastball
SI,2026-08-04,"Wesneski, Hayden",field_out,hit_into_play,R,R,HOU,TOR,1,0,7,55.4,-21,94.6,Sinker
SI,2026-08-04,"Skubal, Tarik",,ball,L,L,CHC,LAD,0,1,,,,98.6,Sinker
CH,2026-08-04,"Gore, MacKenzie",field_out,hit_into_play,R,L,TEX,SF,0,1,196,71.2,52,84.7,Changeup
FF,2026-08-04,"Tidwell, Blade",,foul,R,R,TEX,SF,0,0,187,85.6,65,96.5,4-Seam Fastball
FS,2026-08-04,"Dobbins, Hunter",,ball,L,R,NYY,STL,1,0,,,,88.8,Split-Finger
ST,2026-08-04,"Tidwell, Blade",field_out,hit_into_play,L,R,TEX,SF,1,2,12,75.5,-8,81,Sweeper
ST,2026-08-04,"Dobbins, Hunter",,ball,L,R,NYY,STL,0,0,,,,80.7,Sweeper
FF,2026-08-04,"Peralta, Freddy",single,hit_into_play,R,R,COL,TB,3,2,200,95,11,98.2,4-Seam Fastball
FF,2026-08-04,"Hughes, Gabriel",,foul,R,R,COL,TB,2,1,309,85.4,37,94.9,4-Seam Fastball
CU,2026-08-04,"Gore, MacKenzie",,called_strike,R,L,TEX,SF,0,0,,,,79.6,Curveball
FC,2026-08-04,"Wesneski, Hayden",,ball,R,R,HOU,TOR,0,0,,,,90.6,Cutter
FF,2026-08-04,"Henderson, Logan",single,hit_into_play,L,R,MIL,PIT,1,1,157,105,7,93.3,4-Seam Fastball
FF,2026-08-04,"Skubal, Tarik",,foul,L,L,CHC,LAD,0,0,218,81.4,65,98.3,4-Seam Fastball
FF,2026-08-04,"Gore, MacKenzie",field_out,hit_into_play,R,L,TEX,SF,1,0,7,56.7,-16,96.2,4-Seam Fastball
SL,2026-08-04,"Tidwell, Blade",,foul,L,R,TEX,SF,1,1,223,75,40,89.3,Slider
FS,2026-08-04,"Dobbins, Hunter",field_out,hit_into_play,L,R,NYY,STL,2,2,1,56.4,-53,88.4,Split-Finger
CH,2026-08-04,"Henderson, Logan",,swinging_strike,L,R,MIL,PIT,1,0,,,,82.3,Changeup
ST,2026-08-04,"Hughes, Gabriel",,ball,R,R,COL,TB,1,1,,,,86.8,Sweeper
CH,2026-08-04,"Skubal, Tarik",strikeout,swinging_strike,R,L,CHC,LAD,1,2,,,,90.2,Changeup
FF,2026-08-04,"Peralta, Freddy",,foul,R,R,COL,TB,3,2,217,80.4,20,96.2,4-Seam Fastball
FF,2026-08-04,"Wesneski, Hayden",field_out,hit_into_play,L,R,HOU,TOR,0,1,283,78.1,25,95,4-Seam Fastball
FF,2026-08-04,"Tidwell, Blade",,ball,L,R,TEX,SF,0,1,,,,93.5,4-Seam Fastball
ST,2026-08-04,"Wesneski, Hayden",,called_strike,L,R,HOU,TOR,0,0,,,,78.6,Sweeper
ST,2026-08-04,"Hughes, Gabriel",,called_strike,R,R,COL,TB,1,0,,,,87.1,Sweeper
CU,2026-08-04,"Dobbins, Hunter",,called_strike,L,R,NYY,STL,2,1,,,,80,Curveball
FF,2026-08-04,"Peralta, Freddy",,foul,R,R,COL,TB,3,2,185,63.5,50,95.5,4-Seam Fastball
CH,2026-08-04,"Henderson, Logan",,ball,L,R,MIL,PIT,0,0,,,,82.6,Changeup
FF,2026-08-04,"Skubal, Tarik",,foul,R,L,CHC,LAD,1,1,185,77.4,68,96.9,4-Seam Fastball
CH,2026-08-04,"Gore, MacKenzie",,ball,R,L,TEX,SF,0,0,,,,87.8,Changeup
ST,2026-08-04,"Peralta, Freddy",,foul,R,R,COL,TB,3,2,180,65.5,57,84.5,Sweeper
SL,2026-08-04,"Gore, MacKenzie",strikeout,swinging_strike,L,L,TEX,SF,3,2,,,,87.2,Slider
FC,2026-08-04,"Wesneski, Hayden",double,hit_into_play,R,R,HOU,TOR,0,1,380,97.6,24,89.9,Cutter
FC,2026-08-04,"Henderson, Logan",field_out,hit_into_play,L,R,MIL,PIT,1,0,366,95.5,32,88,Cutter
SI,2026-08-04,"Skubal, Tarik",,swinging_strike,R,L,CHC,LAD,1,0,,,,97.2,Sinker
CH,2026-08-04,"Hughes, Gabriel",,ball,R,R,COL,TB,0,0,,,,86.8,Changeup
FF,2026-08-04,"Dobbins, Hunter",,ball,L,R,NYY,STL,1,1,,,,94.5,4-Seam Fastball
FF,2026-08-04,"Tidwell, Blade",,called_strike,L,R,TEX,SF,0,0,,,,93,4-Seam Fastball
FF,2026-08-04,"Wesneski, Hayden",,called_strike,R,R,HOU,TOR,0,0,,,,94.3,4-Seam Fastball
CH,2026-08-04,"Hughes, Gabriel",walk,ball,L,R,COL,TB,3,1,,,,88.6,Changeup
FF,2026-08-04,"Gore, MacKenzie",,foul,L,L,TEX,SF,3,2,135,82.3,79,96.2,4-Seam Fastball
CH,2026-08-04,"Skubal, Tarik",,ball,R,L,CHC,LAD,0,0,,,,87.7,Changeup
FF,2026-08-04,"Dobbins, Hunter",,ball,L,R,NYY,STL,0,1,,,,94.7,4-Seam Fastball
FF,2026-08-04,"Peralta, Freddy",,ball,R,R,COL,TB,2,2,,,,94.5,4-Seam Fastball
ST,2026-08-04,"Tidwell, Blade",field_out,hit_into_play,R,R,TEX,SF,3,2,358,95.7,35,82.2,Sweeper
FF,2026-08-04,"Henderson, Logan",,ball,L,R,MIL,PIT,0,0,,,,91.2,4-Seam Fastball
ST,2026-08-04,"Tidwell, Blade",,ball,R,R,TEX,SF,2,2,,,,81.3,Sweeper
CU,2026-08-04,"Hughes, Gabriel",,blocked_ball,L,R,COL,TB,2,1,,,,80.7,Curveball
FF,2026-08-04,"Gore, MacKenzie",,ball,L,L,TEX,SF,2,2,,,,96.7,4-Seam Fastball
CU,2026-08-04,"Dobbins, Hunter",,called_strike,L,R,NYY,STL,0,0,,,,80.6,Curveball
FF,2026-08-04,"Peralta, Freddy",,foul,R,R,COL,TB,2,2,248,77.2,50,97.1,4-Seam Fastball
FF,2026-08-04,"Skubal, Tarik",field_out,hit_into_play,R,L,CHC,LAD,1,1,263,77.2,25,96.7,4-Seam Fastball
FC,2026-08-04,"Henderson, Logan",field_out,hit_into_play,R,R,MIL,PIT,0,1,6,68.3,-26,87.3,Cutter
ST,2026-08-04,"Wesneski, Hayden",strikeout,swinging_strike,L,R,HOU,TOR,2,2,,,,80.4,Sweeper
ST,2026-08-04,"Wesneski, Hayden",,ball,L,R,HOU,TOR,1,2,,,,80.9,Sweeper
SI,2026-08-04,"Skubal, Tarik",,foul,R,L,CHC,LAD,1,0,314,88.6,37,97.3,Sinker
SL,2026-08-04,"Gore, MacKenzie",,foul,L,L,TEX,SF,2,2,249,75.7,34,86.6,Slider
CH,2026-08-04,"Hughes, Gabriel",,ball,L,R,COL,TB,1,1,,,,88.3,Changeup
FF,2026-08-04,"Tidwell, Blade",,ball,R,R,TEX,SF,1,2,,,,94.4,4-Seam Fastball
FS,2026-08-04,"Dobbins, Hunter",strikeout,called_strike,L,R,NYY,STL,2,2,,,,89.5,Split-Finger
FF,2026-08-04,"Peralta, Freddy",,ball,R,R,COL,TB,1,2,,,,94.7,4-Seam Fastball
FC,2026-08-04,"Henderson, Logan",,called_strike,R,R,MIL,PIT,0,0,,,,87.6,Cutter
FF,2026-08-04,"Wesneski, Hayden",,foul,L,R,HOU,TOR,1,1,313,89,34,93.3,4-Seam Fastball
SI,2026-08-04,"Skubal, Tarik",,ball,R,L,CHC,LAD,0,0,,,,97.1,Sinker
ST,2026-08-04,"Tidwell, Blade",,called_strike,R,R,TEX,SF,1,1,,,,81.7,Sweeper
FF,2026-08-04,"Hughes, Gabriel",,ball,L,R,COL,TB,0,1,,,,94.1,4-Seam Fastball
FF,2026-08-04,"Gore, MacKenzie",,ball,L,L,TEX,SF,1,2,,,,95.9,4-Seam Fastball
FS,2026-08-04,"Dobbins, Hunter",,swinging_strike,L,R,NYY,STL,2,1,,,,88.9,Split-Finger
FF,2026-08-04,"Peralta, Freddy",,foul,R,R,COL,TB,1,1,219,74.7,34,94.3,4-Seam Fastball
FF,2026-08-04,"Henderson, Logan",home_run,hit_into_play,L,R,MIL,PIT,0,0,401,107.2,20,90.6,4-Seam Fastball
FC,2026-08-04,"Wesneski, Hayden",,foul,L,R,HOU,TOR,1,0,13,94.4,-13,88.1,Cutter
FF,2026-08-04,"Dobbins, Hunter",,foul,L,R,NYY,STL,2,0,8,82.1,-18,93.7,4-Seam Fastball
SI,2026-08-04,"Tidwell, Blade",,foul,R,R,TEX,SF,1,0,227,76.2,45,93.6,Sinker
FF,2026-08-04,"Gore, MacKenzie",,swinging_strike,L,L,TEX,SF,1,1,,,,96.8,4-Seam Fastball
FF,2026-08-04,"Skubal, Tarik",home_run,hit_into_play,R,L,CHC,LAD,0,0,401,102.8,34,96.6,4-Seam Fastball
FF,2026-08-04,"Henderson, Logan",strikeout,swinging_strike,L,R,MIL,PIT,2,2,,,,93.2,4-Seam Fastball
FF,2026-08-04,"Peralta, Freddy",,foul,R,R,COL,TB,1,0,268,77.9,40,94.1,4-Seam Fastball
CU,2026-08-04,"Hughes, Gabriel",,foul_tip,L,R,COL,TB,0,0,,,,80.4,Curveball
FF,2026-08-04,"Peralta, Freddy",,ball,R,R,COL,TB,0,0,,,,94.9,4-Seam Fastball
FF,2026-08-04,"Tidwell, Blade",,ball,R,R,TEX,SF,0,0,,,,95.2,4-Seam Fastball
FC,2026-08-04,"Wesneski, Hayden",,ball,L,R,HOU,TOR,0,0,,,,87.7,Cutter
CH,2026-08-04,"Skubal, Tarik",strikeout,swinging_strike,R,L,CHC,LAD,2,2,,,,89.6,Changeup
CU,2026-08-04,"Hughes, Gabriel",strikeout,swinging_strike_blocked,R,R,COL,TB,1,2,,,,80.6,Curveball
CH,2026-08-04,"Henderson, Logan",,foul,L,R,MIL,PIT,2,1,174,76,72,83.5,Changeup
FS,2026-08-04,"Dobbins, Hunter",,ball,L,R,NYY,STL,1,0,,,,87.5,Split-Finger
SL,2026-08-04,"Gore, MacKenzie",,ball,L,L,TEX,SF,0,1,,,,86.7,Slider
ST,2026-08-04,"Dobbins, Hunter",,ball,L,R,NYY,STL,0,0,,,,79.4,Sweeper
FF,2026-08-04,"Peralta, Freddy",triple,hit_into_play,R,R,COL,TB,2,0,373,98.1,29,93.1,4-Seam Fastball
SI,2026-08-04,"Hughes, Gabriel",,ball,R,R,COL,TB,0,2,,,,93.7,Sinker
SL,2026-08-04,"Gore, MacKenzie",,called_strike,L,L,TEX,SF,0,0,,,,84.9,Slider
FC,2026-08-04,"Wesneski, Hayden",field_out,hit_into_play,R,R,HOU,TOR,1,0,9,91.6,-15,89.2,Cutter
CH,2026-08-04,"Henderson, Logan",,ball,L,R,MIL,PIT,1,1,,,,83.2,Changeup
SI,2026-08-04,"Tidwell, Blade",field_out,hit_into_play,L,R,TEX,SF,0,0,55,86.8,82,91.4,Sinker
FF,2026-08-04,"Skubal, Tarik",,ball,R,L,CHC,LAD,1,2,,,,99.2,4-Seam Fastball
FF,2026-08-04,"Skubal, Tarik",,swinging_strike,R,L,CHC,LAD,1,1,,,,97.5,4-Seam Fastball
CH,2026-08-04,"Henderson, Logan",,ball,L,R,MIL,PIT,0,1,,,,82.8,Changeup
FF,2026-08-04,"Peralta, Freddy",,ball,R,R,COL,TB,1,0,,,,94,4-Seam Fastball
SI,2026-08-04,"Wesneski, Hayden",,ball,R,R,HOU,TOR,0,0,,,,92.3,Sinker
FF,2026-08-04,"Tidwell, Blade",single,hit_into_play,R,R,TEX,SF,0,0,111,70,11,95.9,4-Seam Fastball
CH,2026-08-04,"Gore, MacKenzie",strikeout,swinging_strike,R,L,TEX,SF,2,2,,,,88,Changeup
FF,2026-08-04,"Hughes, Gabriel",,foul,R,R,COL,TB,0,1,250,87.3,15,92.7,4-Seam Fastball
ST,2026-08-04,"Dobbins, Hunter",field_out,hit_into_play,R,R,NYY,STL,1,2,2,51.4,-45,83.4,Sweeper
FF,2026-08-04,"Peralta, Freddy",,ball,R,R,COL,TB,0,0,,,,94.9,4-Seam Fastball
SL,2026-08-04,"Dobbins, Hunter",,called_strike,R,R,NYY,STL,1,1,,,,88.1,Slider
CH,2026-08-04,"Wesneski, Hayden",field_out,hit_into_play,L,R,HOU,TOR,1,1,100,106.4,5,86.8,Changeup
CH,2026-08-04,"Gore, MacKenzie",,ball,R,L,TEX,SF,1,2,,,,87,Changeup
FF,2026-08-04,"Henderson, Logan",,called_strike,L,R,MIL,PIT,0,0,,,,93.8,4-Seam Fastball
SI,2026-08-04,"Hughes, Gabriel",,called_strike,R,R,COL,TB,0,0,,,,93.4,Sinker
ST,2026-08-04,"Tidwell, Blade",double,hit_into_play,L,R,TEX,SF,1,2,213,101.9,14,80.5,Sweeper
CH,2026-08-04,"Skubal, Tarik",,ball,R,L,CHC,LAD,0,1,,,,89,Changeup
SI,2026-08-04,"Dobbins, Hunter",,ball,R,R,NYY,STL,0,1,,,,94.4,Sinker
FF,2026-08-04,"Henderson, Logan",field_out,hit_into_play,R,R,MIL,PIT,1,2,41,99.3,-1,94.3,4-Seam Fastball
FF,2026-08-04,"Gore, MacKenzie",,foul,R,L,TEX,SF,1,2,325,92.5,35,95.3,4-Seam Fastball
SI,2026-08-04,"Skubal, Tarik",,called_strike,R,L,CHC,LAD,0,0,,,,98.3,Sinker
CH,2026-08-04,"Peralta, Freddy",field_out,hit_into_play,L,R,COL,TB,1,2,6,72.6,-14,88,Changeup
ST,2026-08-04,"Tidwell, Blade",,swinging_strike,L,R,TEX,SF,1,1,,,,81.1,Sweeper
CH,2026-08-04,"Wesneski, Hayden",,ball,L,R,HOU,TOR,0,1,,,,87.5,Changeup
FF,2026-08-04,"Peralta, Freddy",,ball,L,R,COL,TB,0,2,,,,95.7,4-Seam Fastball
FF,2026-08-04,"Hughes, Gabriel",walk,ball,L,R,COL,TB,3,0,,,,92.5,4-Seam Fastball
FF,2026-08-04,"Gore, MacKenzie",,foul_tip,R,L,TEX,SF,1,1,,,,95.8,4-Seam Fastball
FF,2026-08-04,"Dobbins, Hunter",,called_strike,R,R,NYY,STL,0,0,,,,96.1,4-Seam Fastball
FF,2026-08-04,"Wesneski, Hayden",,called_strike,L,R,HOU,TOR,0,0,,,,94.4,4-Seam Fastball
CH,2026-08-04,"Henderson, Logan",,swinging_strike,R,R,MIL,PIT,1,1,,,,83.6,Changeup
SI,2026-08-04,"Tidwell, Blade",,called_strike,L,R,TEX,SF,1,0,,,,91.9,Sinker
CH,2026-08-04,"Skubal, Tarik",field_out,hit_into_play,R,L,CHC,LAD,1,1,224,70.6,37,86.8,Changeup
FF,2026-08-04,"Gore, MacKenzie",,foul,R,L,TEX,SF,1,0,186,70.1,54,96.4,4-Seam Fastball
FF,2026-08-04,"Henderson, Logan",,ball,R,R,MIL,PIT,0,1,,,,92.6,4-Seam Fastball
FF,2026-08-04,"Wesneski, Hayden",field_out,hit_into_play,R,R,HOU,TOR,0,0,291,99.7,16,94.3,4-Seam Fastball
SL,2026-08-04,"Tidwell, Blade",,ball,L,R,TEX,SF,0,0,,,,89.8,Slider
SL,2026-08-04,"Dobbins, Hunter",field_out,hit_into_play,L,R,NYY,STL,3,1,109,80.4,10,86.7,Slider
FF,2026-08-04,"Hughes, Gabriel",,ball,L,R,COL,TB,2,0,,,,92.3,4-Seam Fastball
SI,2026-08-04,"Skubal, Tarik",,ball,R,L,CHC,LAD,0,1,,,,97.4,Sinker
FF,2026-08-04,"Peralta, Freddy",,swinging_strike,L,R,COL,TB,0,1,,,,95.2,4-Seam Fastball
FF,2026-08-04,"Tidwell, Blade",single,hit_into_play,L,R,TEX,SF,3,2,113,108,7,93.8,4-Seam Fastball
FF,2026-08-04,"Gore, MacKenzie",,ball,R,L,TEX,SF,0,0,,,,95.8,4-Seam Fastball
CU,2026-08-04,"Dobbins, Hunter",,ball,L,R,NYY,STL,2,1,,,,79.9,Curveball
FF,2026-08-04,"Henderson, Logan",,foul,R,R,MIL,PIT,0,0,,,,92.5,4-Seam Fastball
ST,2026-08-04,"Wesneski, Hayden",field_out,hit_into_play,R,R,HOU,TOR,1,2,354,93.9,26,81.2,Sweeper
FF,2026-08-04,"Skubal, Tarik",,called_strike,R,L,CHC,LAD,0,0,,,,96.5,4-Seam Fastball
ST,2026-08-04,"Hughes, Gabriel",,ball,L,R,COL,TB,1,0,,,,85.1,Sweeper
FF,2026-08-04,"Peralta, Freddy",,foul,L,R,COL,TB,0,0,,,,96,4-Seam Fastball
CH,2026-08-04,"Henderson, Logan",field_out,hit_into_play,L,R,MIL,PIT,1,2,312,88.6,26,82.2,Changeup
SL,2026-08-04,"Dobbins, Hunter",,ball,L,R,NYY,STL,1,1,,,,86.9,Slider
FF,2026-08-04,"Skubal, Tarik",strikeout,swinging_strike,L,L,CHC,LAD,1,2,,,,98.5,4-Seam Fastball
FF,2026-08-04,"Wesneski, Hayden",,foul,R,R,HOU,TOR,1,2,146,77.8,74,96.3,4-Seam Fastball
FF,2026-08-04,"Tidwell, Blade",,foul,L,R,TEX,SF,3,2,105,70.6,74,92.3,4-Seam Fastball
FF,2026-08-04,"Gore, MacKenzie",walk,ball,R,L,TEX,SF,3,2,,,,95.3,4-Seam Fastball
CU,2026-08-04,"Hughes, Gabriel",,ball,L,R,COL,TB,0,0,,,,79.6,Curveball
CU,2026-08-04,"Peralta, Freddy",field_out,hit_into_play,R,R,COL,TB,1,2,151,70,60,78.3,Curveball
CH,2026-08-04,"Skubal, Tarik",,ball,L,L,CHC,LAD,0,2,,,,89.8,Changeup
SI,2026-08-04,"Tidwell, Blade",,ball,L,R,TEX,SF,2,2,,,,92.9,Sinker
CH,2026-08-04,"Henderson, Logan",,ball,L,R,MIL,PIT,0,2,,,,81.4,Changeup
FF,2026-08-04,"Dobbins, Hunter",,called_strike,L,R,NYY,STL,1,0,,,,94.8,4-Seam Fastball
FF,2026-08-04,"Gore, MacKenzie",,foul,R,L,TEX,SF,3,2,138,74.5,12,95.7,4-Seam Fastball
CH,2026-08-04,"Peralta, Freddy",,foul,R,R,COL,TB,1,2,171,74.5,58,87.9,Changeup
FF,2026-08-04,"Hughes, Gabriel",single,hit_into_play,L,R,COL,TB,1,0,140,96.6,8,92.6,4-Seam Fastball
ST,2026-08-04,"Wesneski, Hayden",,foul,R,R,HOU,TOR,1,2,2,76.6,-48,81,Sweeper
FF,2026-08-04,"Dobbins, Hunter",,ball,L,R,NYY,STL,0,0,,,,93.9,4-Seam Fastball
SL,2026-08-04,"Skubal, Tarik",,swinging_strike,L,L,CHC,LAD,0,1,,,,90.8,Slider
FF,2026-08-04,"Henderson, Logan",,foul,L,R,MIL,PIT,0,1,246,74.9,34,92.2,4-Seam Fastball
SI,2026-08-04,"Wesneski, Hayden",,foul,R,R,HOU,TOR,1,1,167,78.9,70,95.1,Sinker
CH,2026-08-04,"Peralta, Freddy",,foul,R,R,COL,TB,1,1,,,,88.3,Changeup
ST,2026-08-04,"Tidwell, Blade",,foul,L,R,TEX,SF,2,2,178,102,11,81.3,Sweeper
FF,2026-08-04,"Gore, MacKenzie",,swinging_strike,R,L,TEX,SF,3,1,,,,94.8,4-Seam Fastball
FF,2026-08-04,"Hughes, Gabriel",,ball,L,R,COL,TB,0,0,,,,93.1,4-Seam Fastball
FF,2026-08-04,"Gore, MacKenzie",,ball,R,L,TEX,SF,2,1,,,,96,4-Seam Fastball
FC,2026-08-04,"Wesneski, Hayden",,called_strike,R,R,HOU,TOR,1,0,,,,90.8,Cutter
ST,2026-08-04,"Tidwell, Blade",,foul,L,R,TEX,SF,2,2,367,107.3,25,82,Sweeper
CH,2026-08-04,"Peralta, Freddy",,ball,R,R,COL,TB,0,1,,,,88,Changeup
CU,2026-08-04,"Dobbins, Hunter",home_run,hit_into_play,L,R,NYY,STL,1,1,397,103.2,38,79.3,Curveball
CH,2026-08-04,"Henderson, Logan",,called_strike,L,R,MIL,PIT,0,0,,,,81,Changeup
FF,2026-08-04,"Hughes, Gabriel",field_out,hit_into_play,L,R,COL,TB,1,0,349,96.6,19,93.5,4-Seam Fastball
SI,2026-08-04,"Skubal, Tarik",,called_strike,L,L,CHC,LAD,0,0,,,,96.1,Sinker
CH,2026-08-04,"Skubal, Tarik",field_out,hit_into_play,R,L,CHC,LAD,2,2,17,81.2,-5,89.5,Changeup
SI,2026-08-04,"Wesneski, Hayden",,ball,R,R,HOU,TOR,0,0,,,,94.9,Sinker
ST,2026-08-04,"Peralta, Freddy",,called_strike,R,R,COL,TB,0,0,,,,82.8,Sweeper
CH,2026-08-04,"Gore, MacKenzie",,ball,R,L,TEX,SF,1,1,,,,86.4,Changeup
CH,2026-08-04,"Tidwell, Blade",,ball,L,R,TEX,SF,1,2,,,,83.7,Changeup
FF,2026-08-04,"Hughes, Gabriel",,ball,L,R,COL,TB,0,0,,,,93.3,4-Seam Fastball
FF,2026-08-04,"Henderson, Logan",strikeout,swinging_strike,R,R,MIL,PIT,2,2,,,,94.4,4-Seam Fastball
FS,2026-08-04,"Dobbins, Hunter",,ball,L,R,NYY,STL,0,1,,,,89.2,Split-Finger
FF,2026-08-04,"Tidwell, Blade",,foul,L,R,TEX,SF,1,1,211,75,53,95.9,4-Seam Fastball
CH,2026-08-04,"Gore, MacKenzie",,called_strike,R,L,TEX,SF,1,0,,,,85.4,Changeup
CH,2026-08-04,"Henderson, Logan",,ball,R,R,MIL,PIT,1,2,,,,84.3,Changeup
CU,2026-08-04,"Hughes, Gabriel",strikeout,swinging_strike,L,R,COL,TB,1,2,,,,79.9,Curveball
FF,2026-08-04,"Dobbins, Hunter",,foul,L,R,NYY,STL,0,0,8,84.5,-16,95.4,4-Seam Fastball
FC,2026-08-04,"Wesneski, Hayden",strikeout,swinging_strike,R,R,HOU,TOR,3,2,,,,90.5,Cutter
FF,2026-08-04,"Peralta, Freddy",field_out,hit_into_play,L,R,COL,TB,0,1,14,96.7,-12,95.5,4-Seam Fastball
CU,2026-08-04,"Skubal, Tarik",,foul,R,L,CHC,LAD,2,1,335,98.4,24,81.1,Curveball
CU,2026-08-04,"Peralta, Freddy",,called_strike,L,R,COL,TB,0,0,,,,80.3,Curveball
CH,2026-08-04,"Gore, MacKenzie",,ball,R,L,TEX,SF,0,0,,,,86.2,Changeup
CU,2026-08-04,"Hughes, Gabriel",,called_strike,L,R,COL,TB,1,1,,,,80.8,Curveball
ST,2026-08-04,"Tidwell, Blade",,swinging_strike,L,R,TEX,SF,1,0,,,,81.3,Sweeper
CU,2026-08-04,"Dobbins, Hunter",field_out,hit_into_play,L,R,NYY,STL,0,0,264,73.8,36,78.7,Curveball
SI,2026-08-04,"Skubal, Tarik",,ball,R,L,CHC,LAD,1,1,,,,99,Sinker
FF,2026-08-04,"Henderson, Logan",,ball,R,R,MIL,PIT,0,2,,,,92.7,4-Seam Fastball
FF,2026-08-04,"Wesneski, Hayden",,ball,R,R,HOU,TOR,2,2,,,,95.5,4-Seam Fastball
SI,2026-08-04,"Dobbins, Hunter",field_out,hit_into_play,R,R,NYY,STL,1,2,5,91,-27,94.4,Sinker
FF,2026-08-04,"Skubal, Tarik",,foul,R,L,CHC,LAD,1,0,232,78.6,44,97.7,4-Seam Fastball
ST,2026-08-04,"Tidwell, Blade",,ball,L,R,TEX,SF,0,0,,,,82,Sweeper
FF,2026-08-04,"Hughes, Gabriel",,ball,L,R,COL,TB,0,1,,,,93.9,4-Seam Fastball
FF,2026-08-04,"Peralta, Freddy",strikeout,swinging_strike,R,R,COL,TB,2,2,,,,95.4,4-Seam Fastball
FC,2026-08-04,"Wesneski, Hayden",,swinging_strike,R,R,HOU,TOR,2,1,,,,90.7,Cutter
FF,2026-08-04,"Gore, MacKenzie",double,hit_into_play,R,L,TEX,SF,0,0,300,98.7,17,95.8,4-Seam Fastball
FF,2026-08-04,"Henderson, Logan",,swinging_strike,R,R,MIL,PIT,0,1,,,,93.4,4-Seam Fastball
FF,2026-08-04,"Wesneski, Hayden",,ball,R,R,HOU,TOR,1,1,,,,97.5,4-Seam Fastball
FC,2026-08-04,"Henderson, Logan",,called_strike,R,R,MIL,PIT,0,0,,,,86.1,Cutter
FF,2026-08-04,"Gore, MacKenzie",field_out,hit_into_play,L,L,TEX,SF,1,0,338,109.3,18,95.4,4-Seam Fastball
FF,2026-08-04,"Peralta, Freddy",,ball,R,R,COL,TB,1,2,,,,93.6,4-Seam Fastball
CH,2026-08-04,"Skubal, Tarik",,ball,R,L,CHC,LAD,0,0,,,,89.2,Changeup
SL,2026-08-04,"Dobbins, Hunter",,foul,R,R,NYY,STL,1,1,157,84.6,68,87.7,Slider
ST,2026-08-04,"Tidwell, Blade",field_out,hit_into_play,R,R,TEX,SF,2,2,65,88.5,75,82.5,Sweeper
FF,2026-08-04,"Hughes, Gabriel",,swinging_strike,L,R,COL,TB,0,0,,,,93.6,4-Seam Fastball
SL,2026-08-04,"Dobbins, Hunter",,ball,R,R,NYY,STL,0,1,,,,89,Slider
FF,2026-08-04,"Tidwell, Blade",,ball,R,R,TEX,SF,1,2,,,,94.7,4-Seam Fastball
FF,2026-08-04,"Gore, MacKenzie",,ball,L,L,TEX,SF,0,0,,,,96.2,4-Seam Fastball
CH,2026-08-04,"Peralta, Freddy",,swinging_strike,R,R,COL,TB,1,1,,,,88,Changeup
SI,2026-08-04,"Wesneski, Hayden",,foul,R,R,HOU,TOR,1,0,173,80.9,14,95.8,Sinker
FF,2026-08-04,"Henderson, Logan",force_out,hit_into_play,L,R,MIL,PIT,0,1,7,95.8,-18,92.9,4-Seam Fastball
FF,2026-08-04,"Skubal, Tarik",field_out,hit_into_play,R,L,CHC,LAD,1,2,257,74,31,99.2,4-Seam Fastball
CH,2026-08-04,"Hughes, Gabriel",field_out,hit_into_play,L,R,COL,TB,1,1,6,93.6,-25,87.3,Changeup
CH,2026-08-04,"Skubal, Tarik",,swinging_strike,R,L,CHC,LAD,1,1,,,,88,Changeup
FF,2026-08-04,"Henderson, Logan",,called_strike,L,R,MIL,PIT,0,0,,,,93.1,4-Seam Fastball
FF,2026-08-04,"Gore, MacKenzie",single,hit_into_play,R,L,TEX,SF,0,0,165,105,9,95.9,4-Seam Fastball
SI,2026-08-04,"Wesneski, Hayden",,ball,R,R,HOU,TOR,0,0,,,,95,Sinker
SL,2026-08-04,"Tidwell, Blade",,foul_tip,R,R,TEX,SF,1,1,,,,89.6,Slider
CH,2026-08-04,"Peralta, Freddy",,ball,R,R,COL,TB,0,1,,,,88.1,Changeup
FF,2026-08-04,"Hughes, Gabriel",,called_strike,L,R,COL,TB,1,0,,,,93.4,4-Seam Fastball
FF,2026-08-04,"Dobbins, Hunter",,swinging_strike,R,R,NYY,STL,0,0,,,,95,4-Seam Fastball
CU,2026-08-04,"Gore, MacKenzie",field_out,hit_into_play,L,L,TEX,SF,1,2,72,100.6,2,83.2,Curveball
CU,2026-08-04,"Dobbins, Hunter",field_out,hit_into_play,L,R,NYY,STL,0,0,13,65.3,-9,79.6,Curveball
CU,2026-08-04,"Hughes, Gabriel",,ball,L,R,COL,TB,0,0,,,,78.7,Curveball
SI,2026-08-04,"Skubal, Tarik",,ball,R,L,CHC,LAD,0,1,,,,98.1,Sinker
FF,2026-08-04,"Tidwell, Blade",,ball,R,R,TEX,SF,0,1,,,,93.7,4-Seam Fastball
FF,2026-08-04,"Henderson, Logan",strikeout,foul_tip,L,R,MIL,PIT,0,2,,,,93,4-Seam Fastball
FC,2026-08-04,"Wesneski, Hayden",walk,ball,R,R,HOU,TOR,3,2,,,,91.3,Cutter
CU,2026-08-04,"Peralta, Freddy",,called_strike,R,R,COL,TB,0,0,,,,80.9,Curveball
SI,2026-08-04,"Gore, MacKenzie",,foul,L,L,TEX,SF,1,1,4,99,-22,95.7,Sinker
FS,2026-08-04,"Dobbins, Hunter",field_out,hit_into_play,L,R,NYY,STL,2,2,3,76.4,-30,89.3,Split-Finger
FF,2026-08-04,"Henderson, Logan",,foul,L,R,MIL,PIT,0,2,192,86,68,94.4,4-Seam Fastball
FF,2026-08-04,"Peralta, Freddy",grounded_into_double_play,hit_into_play,L,R,COL,TB,0,0,106,88.2,7,95.1,4-Seam Fastball
SL,2026-08-04,"Skubal, Tarik",,called_strike,R,L,CHC,LAD,0,0,,,,92.1,Slider
ST,2026-08-04,"Tidwell, Blade",,swinging_strike,R,R,TEX,SF,0,0,,,,82.5,Sweeper
ST,2026-08-04,"Wesneski, Hayden",,ball,R,R,HOU,TOR,2,2,,,,82.6,Sweeper
SL,2026-08-04,"Hughes, Gabriel",field_out,hit_into_play,R,R,COL,TB,0,0,3,71,-41,86.3,Slider
FF,2026-08-04,"Hughes, Gabriel",field_out,hit_into_play,L,R,COL,TB,2,2,2,65.1,-57,93.7,4-Seam Fastball
CH,2026-08-04,"Peralta, Freddy",single,hit_into_play,L,R,COL,TB,1,2,17,99.1,-5,88.2,Changeup
ST,2026-08-04,"Wesneski, Hayden",,ball,R,R,HOU,TOR,1,2,,,,82.2,Sweeper
FF,2026-08-04,"Tidwell, Blade",walk,ball,L,R,TEX,SF,3,2,,,,93.2,4-Seam Fastball
CH,2026-08-04,"Henderson, Logan",,swinging_strike,L,R,MIL,PIT,0,1,,,,81.8,Changeup
CU,2026-08-04,"Dobbins, Hunter",,ball,L,R,NYY,STL,1,2,,,,81.7,Curveball
FF,2026-08-04,"Gore, MacKenzie",,called_strike,L,L,TEX,SF,1,0,,,,96.1,4-Seam Fastball
SI,2026-08-04,"Skubal, Tarik",strikeout,called_strike,L,L,CHC,LAD,2,2,,,,99.7,Sinker
CH,2026-08-04,"Peralta, Freddy",,blocked_ball,L,R,COL,TB,0,2,,,,88.8,Changeup
FC,2026-08-04,"Wesneski, Hayden",,called_strike,R,R,HOU,TOR,1,1,,,,91,Cutter
CU,2026-08-04,"Hughes, Gabriel",,ball,L,R,COL,TB,1,2,,,,80,Curveball
CU,2026-08-04,"Skubal, Tarik",,ball,L,L,CHC,LAD,1,2,,,,82,Curveball
SL,2026-08-04,"Dobbins, Hunter",,foul,L,R,NYY,STL,1,1,,,,88.7,Slider
FC,2026-08-04,"Henderson, Logan",,called_strike,L,R,MIL,PIT,0,0,,,,88.7,Cutter
ST,2026-08-04,"Tidwell, Blade",,ball,L,R,TEX,SF,2,2,,,,83.6,Sweeper
FF,2026-08-04,"Gore, MacKenzie",,ball,L,L,TEX,SF,0,0,,,,95.7,4-Seam Fastball
SI,2026-08-04,"Wesneski, Hayden",,ball,R,R,HOU,TOR,0,1,,,,94.6,Sinker
FF,2026-08-04,"Dobbins, Hunter",,ball,L,R,NYY,STL,0,1,,,,95.4,4-Seam Fastball
FF,2026-08-04,"Tidwell, Blade",,ball,L,R,TEX,SF,1,2,,,,95.3,4-Seam Fastball
FF,2026-08-04,"Skubal, Tarik",,foul,L,L,CHC,LAD,1,2,259,76.3,41,99.4,4-Seam Fastball
FF,2026-08-04,"Peralta, Freddy",,foul,L,R,COL,TB,0,1,258,80.9,29,94,4-Seam Fastball
FF,2026-08-04,"Gore, MacKenzie",field_out,hit_into_play,R,L,TEX,SF,1,2,4,94.2,-24,96.6,4-Seam Fastball
FF,2026-08-04,"Henderson, Logan",walk,ball,L,R,MIL,PIT,3,0,,,,91.7,4-Seam Fastball
CH,2026-08-04,"Hughes, Gabriel",,called_strike,L,R,COL,TB,1,1,,,,87.9,Changeup
FF,2026-08-04,"Henderson, Logan",,ball,L,R,MIL,PIT,2,0,,,,92.2,4-Seam Fastball
CH,2026-08-04,"Gore, MacKenzie",,foul,R,L,TEX,SF,1,1,65,74.2,7,86.5,Changeup
FF,2026-08-04,"Tidwell, Blade",,ball,L,R,TEX,SF,0,2,,,,95.9,4-Seam Fastball
CH,2026-08-04,"Skubal, Tarik",,ball,L,L,CHC,LAD,0,2,,,,89.4,Changeup
CH,2026-08-04,"Peralta, Freddy",,called_strike,L,R,COL,TB,0,0,,,,87.3,Changeup
SI,2026-08-04,"Wesneski, Hayden",,swinging_strike,R,R,HOU,TOR,0,0,,,,94.2,Sinker
CU,2026-08-04,"Hughes, Gabriel",,called_strike,L,R,COL,TB,1,0,,,,78.7,Curveball
FF,2026-08-04,"Dobbins, Hunter",,foul,L,R,NYY,STL,0,0,291,93,30,96.3,4-Seam Fastball
ST,2026-08-04,"Tidwell, Blade",,called_strike,L,R,TEX,SF,0,1,,,,82.5,Sweeper
FF,2026-08-04,"Skubal, Tarik",,foul,L,L,CHC,LAD,0,1,243,87.2,63,96.8,4-Seam Fastball
FF,2026-08-04,"Wesneski, Hayden",field_out,hit_into_play,L,R,HOU,TOR,0,1,266,77.8,26,95.7,4-Seam Fastball
FF,2026-08-04,"Henderson, Logan",,ball,L,R,MIL,PIT,1,0,,,,91.4,4-Seam Fastball
FF,2026-08-04,"Peralta, Freddy",single,hit_into_play,L,R,COL,TB,0,1,264,103.3,14,95.2,4-Seam Fastball
FF,2026-08-04,"Hughes, Gabriel",,ball,L,R,COL,TB,0,0,,,,93.6,4-Seam Fastball
FF,2026-08-04,"Dobbins, Hunter",field_out,hit_into_play,L,R,NYY,STL,1,0,11,99.9,-10,95.4,4-Seam Fastball
FF,2026-08-04,"Gore, MacKenzie",,foul,R,L,TEX,SF,1,0,153,73,72,95.9,4-Seam Fastball
FF,2026-08-04,"Hughes, Gabriel",field_out,hit_into_play,R,R,COL,TB,0,0,348,95.5,20,92.9,4-Seam Fastball
FF,2026-08-04,"Dobbins, Hunter",,ball,L,R,NYY,STL,0,0,,,,96,4-Seam Fastball
FF,2026-08-04,"Gore, MacKenzie",,ball,R,L,TEX,SF,0,0,,,,96,4-Seam Fastball
FF,2026-08-04,"Henderson, Logan",,ball,L,R,MIL,PIT,0,0,,,,92.5,4-Seam Fastball
FF,2026-08-04,"Wesneski, Hayden",,called_strike,L,R,HOU,TOR,0,0,,,,92.8,4-Seam Fastball
FF,2026-08-04,"Peralta, Freddy",,called_strike,L,R,COL,TB,0,0,,,,94.7,4-Seam Fastball
SI,2026-08-04,"Skubal, Tarik",,called_strike,L,L,CHC,LAD,0,0,,,,96.4,Sinker
FF,2026-08-04,"Tidwell, Blade",,called_strike,L,R,TEX,SF,0,0,,,,94,4-Seam Fastball
FC,2026-07-31,"Elder, Bryce",field_out,hit_into_play,R,R,ATL,WSH,3,1,170,85.4,64,89.5,Cutter
FF,2026-07-31,"Elder, Bryce",,called_strike,R,R,ATL,WSH,3,0,,,,92.5,4-Seam Fastball
SI,2026-07-31,"Elder, Bryce",,ball,R,R,ATL,WSH,2,0,,,,92.1,Sinker
SI,2026-07-31,"Elder, Bryce",,blocked_ball,R,R,ATL,WSH,1,0,,,,91.9,Sinker
SI,2026-07-31,"Elder, Bryce",,ball,R,R,ATL,WSH,0,0,,,,90.5,Sinker
SI,2026-07-31,"Elder, Bryce",field_out,hit_into_play,L,R,ATL,WSH,1,1,269,83.9,47,91.1,Sinker
FF,2026-07-31,"Elder, Bryce",,ball,L,R,ATL,WSH,0,1,,,,92.6,4-Seam Fastball
CH,2026-07-31,"Elder, Bryce",,swinging_strike,L,R,ATL,WSH,0,0,,,,87.2,Changeup
SL,2026-07-31,"Elder, Bryce",double,hit_into_play,R,R,ATL,WSH,1,2,383,104.9,23,83,Slider
SI,2026-07-31,"Elder, Bryce",,blocked_ball,R,R,ATL,WSH,0,2,,,,91.9,Sinker
SI,2026-07-31,"Elder, Bryce",,foul,R,R,ATL,WSH,0,1,5,81.4,-27,90.2,Sinker
SL,2026-07-31,"Elder, Bryce",,called_strike,R,R,ATL,WSH,0,0,,,,83.7,Slider
FF,2026-07-31,"Painter, Andrew",grounded_into_double_play,hit_into_play,L,R,BAL,PHI,2,1,59,105.8,0,95.8,4-Seam Fastball
CH,2026-07-31,"Painter, Andrew",,blocked_ball,L,R,BAL,PHI,1,1,,,,90.1,Changeup
SI,2026-07-31,"Elder, Bryce",walk,ball,L,R,ATL,WSH,3,1,,,,90.2,Sinker
ST,2026-07-31,"Painter, Andrew",,foul,L,R,BAL,PHI,1,0,263,84.8,25,83.2,Sweeper
SI,2026-07-31,"Elder, Bryce",,called_strike,L,R,ATL,WSH,3,0,,,,91,Sinker
ST,2026-07-31,"Painter, Andrew",,ball,L,R,BAL,PHI,0,0,,,,83.8,Sweeper
SI,2026-07-31,"Elder, Bryce",,ball,L,R,ATL,WSH,2,0,,,,89.9,Sinker
CH,2026-07-31,"Elder, Bryce",,ball,L,R,ATL,WSH,1,0,,,,85.2,Changeup
ST,2026-07-31,"Painter, Andrew",walk,ball,R,R,BAL,PHI,3,2,,,,83.6,Sweeper
ST,2026-07-31,"Painter, Andrew",,called_strike,R,R,BAL,PHI,3,1,,,,83,Sweeper
SI,2026-07-31,"Elder, Bryce",,ball,L,R,ATL,WSH,0,0,,,,89.3,Sinker
SI,2026-07-31,"Elder, Bryce",field_out,hit_into_play,R,R,ATL,WSH,0,0,19,99.3,-8,91,Sinker
FF,2026-07-31,"Painter, Andrew",,called_strike,R,R,BAL,PHI,3,0,,,,96.2,4-Seam Fastball
CH,2026-07-31,"Elder, Bryce",field_out,hit_into_play,L,R,ATL,WSH,0,0,30,75.3,-2,86.3,Changeup
SL,2026-07-31,"Painter, Andrew",,ball,R,R,BAL,PHI,2,0,,,,86.7,Slider
SL,2026-07-31,"Painter, Andrew",,ball,R,R,BAL,PHI,1,0,,,,86.7,Slider
SI,2026-07-31,"Elder, Bryce",field_out,hit_into_play,L,R,ATL,WSH,2,2,8,91.6,-19,90.8,Sinker
FF,2026-07-31,"Painter, Andrew",,ball,R,R,BAL,PHI,0,0,,,,97.6,4-Seam Fastball
SI,2026-07-31,"Elder, Bryce",,ball,L,R,ATL,WSH,1,2,,,,90.4,Sinker
FF,2026-07-31,"Painter, Andrew",field_out,hit_into_play,L,R,BAL,PHI,3,1,271,81.9,37,96.5,4-Seam Fastball
SL,2026-07-31,"Elder, Bryce",,foul,L,R,ATL,WSH,1,1,,,,82.9,Slider
SI,2026-07-31,"Elder, Bryce",,foul,L,R,ATL,WSH,1,0,2,64.6,-43,90,Sinker
FF,2026-07-31,"Painter, Andrew",,called_strike,L,R,BAL,PHI,3,0,,,,96,4-Seam Fastball
SI,2026-07-31,"Elder, Bryce",,ball,L,R,ATL,WSH,0,0,,,,89,Sinker
CH,2026-07-31,"Painter, Andrew",,ball,L,R,BAL,PHI,2,0,,,,90.6,Changeup
FC,2026-07-31,"Elder, Bryce",field_out,hit_into_play,R,R,ATL,WSH,0,0,91,84.5,5,87.4,Cutter
ST,2026-07-31,"Painter, Andrew",,ball,L,R,BAL,PHI,1,0,,,,81.1,Sweeper
SI,2026-07-31,"Elder, Bryce",field_out,hit_into_play,L,R,ATL,WSH,1,0,282,80.9,26,89.6,Sinker
CH,2026-07-31,"Painter, Andrew",,ball,L,R,BAL,PHI,0,0,,,,90.4,Changeup
SL,2026-07-31,"Elder, Bryce",,ball,L,R,ATL,WSH,0,0,,,,81.1,Slider
CH,2026-07-31,"Painter, Andrew",strikeout,swinging_strike,R,R,BAL,PHI,2,2,,,,93.3,Changeup
SI,2026-07-31,"Elder, Bryce",walk,ball,R,R,ATL,WSH,3,2,,,,89.8,Sinker
ST,2026-07-31,"Painter, Andrew",,called_strike,R,R,BAL,PHI,2,1,,,,82.4,Sweeper
SL,2026-07-31,"Painter, Andrew",,called_strike,R,R,BAL,PHI,2,0,,,,88,Slider
SL,2026-07-31,"Elder, Bryce",,ball,R,R,ATL,WSH,2,2,,,,83.9,Slider
ST,2026-07-31,"Painter, Andrew",,ball,R,R,BAL,PHI,1,0,,,,83.2,Sweeper
SI,2026-07-31,"Elder, Bryce",,called_strike,R,R,ATL,WSH,2,1,,,,89.1,Sinker
SL,2026-07-31,"Elder, Bryce",,ball,R,R,ATL,WSH,1,1,,,,82,Slider
ST,2026-07-31,"Painter, Andrew",,ball,R,R,BAL,PHI,0,0,,,,85,Sweeper
SI,2026-07-31,"Elder, Bryce",,swinging_strike,R,R,ATL,WSH,1,0,,,,90.4,Sinker
FF,2026-07-31,"Painter, Andrew",field_out,hit_into_play,L,R,BAL,PHI,2,2,351,98.8,23,97,4-Seam Fastball
SL,2026-07-31,"Elder, Bryce",,ball,R,R,ATL,WSH,0,0,,,,83.4,Slider
ST,2026-07-31,"Painter, Andrew",,ball,L,R,BAL,PHI,1,2,,,,80.6,Sweeper
CH,2026-07-31,"Elder, Bryce",field_out,hit_into_play,L,R,ATL,WSH,1,1,110,75.8,72,86,Changeup
CH,2026-07-31,"Painter, Andrew",,swinging_strike,L,R,BAL,PHI,1,1,,,,91.1,Changeup
CH,2026-07-31,"Painter, Andrew",,ball,L,R,BAL,PHI,0,1,,,,90.2,Changeup
CH,2026-07-31,"Elder, Bryce",,ball,L,R,ATL,WSH,0,1,,,,85.6,Changeup
FF,2026-07-31,"Elder, Bryce",,called_strike,L,R,ATL,WSH,0,0,,,,92.1,4-Seam Fastball
ST,2026-07-31,"Painter, Andrew",,called_strike,L,R,BAL,PHI,0,0,,,,81.1,Sweeper
SI,2026-07-31,"Elder, Bryce",field_out,hit_into_play,R,R,ATL,WSH,0,0,87,81.2,76,90.7,Sinker
ST,2026-07-31,"Painter, Andrew",strikeout,swinging_strike,R,R,BAL,PHI,0,2,,,,83.7,Sweeper
FF,2026-07-31,"Painter, Andrew",,foul,R,R,BAL,PHI,0,1,,,,97,4-Seam Fastball
FC,2026-07-31,"Elder, Bryce",home_run,hit_into_play,L,R,ATL,WSH,3,1,393,102,38,88.6,Cutter
FF,2026-07-31,"Elder, Bryce",,ball,L,R,ATL,WSH,2,1,,,,91.9,4-Seam Fastball
ST,2026-07-31,"Painter, Andrew",,called_strike,R,R,BAL,PHI,0,0,,,,83,Sweeper
SI,2026-07-31,"Elder, Bryce",,foul,L,R,ATL,WSH,2,0,,,,90.1,Sinker
CH,2026-07-31,"Painter, Andrew",field_out,hit_into_play,L,R,BAL,PHI,0,1,8,77.3,-17,91,Changeup
SL,2026-07-31,"Elder, Bryce",,ball,L,R,ATL,WSH,1,0,,,,82.1,Slider
SL,2026-07-31,"Painter, Andrew",,called_strike,L,R,BAL,PHI,0,0,,,,88.6,Slider
FF,2026-07-31,"Elder, Bryce",,ball,L,R,ATL,WSH,0,0,,,,91,4-Seam Fastball
SL,2026-07-31,"Painter, Andrew",strikeout,swinging_strike,R,R,BAL,PHI,0,2,,,,87.2,Slider
FC,2026-07-31,"Elder, Bryce",field_out,hit_into_play,R,R,ATL,WSH,1,0,126,100.8,6,89.3,Cutter
ST,2026-07-31,"Painter, Andrew",,foul,R,R,BAL,PHI,0,1,172,68.4,61,83.7,Sweeper
SI,2026-07-31,"Elder, Bryce",,ball,R,R,ATL,WSH,0,0,,,,91.3,Sinker
FF,2026-07-31,"Painter, Andrew",,swinging_strike,R,R,BAL,PHI,0,0,,,,96.7,4-Seam Fastball
FF,2026-07-31,"Painter, Andrew",field_out,hit_into_play,L,R,BAL,PHI,0,0,312,97.7,18,95.6,4-Seam Fastball
SL,2026-07-31,"Elder, Bryce",strikeout,swinging_strike,L,R,ATL,WSH,3,2,,,,83.8,Slider
SL,2026-07-31,"Elder, Bryce",,ball,L,R,ATL,WSH,2,2,,,,83.5,Slider
CH,2026-07-31,"Painter, Andrew",strikeout,swinging_strike,L,R,BAL,PHI,1,2,,,,90.7,Changeup
FF,2026-07-31,"Elder, Bryce",,foul,L,R,ATL,WSH,2,1,4,89.8,-33,93.6,4-Seam Fastball
ST,2026-07-31,"Painter, Andrew",,swinging_strike,L,R,BAL,PHI,1,1,,,,83,Sweeper
FF,2026-07-31,"Painter, Andrew",,ball,L,R,BAL,PHI,0,1,,,,96.7,4-Seam Fastball
SI,2026-07-31,"Elder, Bryce",,ball,L,R,ATL,WSH,1,1,,,,89.8,Sinker
ST,2026-07-31,"Painter, Andrew",,called_strike,L,R,BAL,PHI,0,0,,,,83.2,Sweeper
CH,2026-07-31,"Elder, Bryce",,ball,L,R,ATL,WSH,0,1,,,,85.9,Changeup
ST,2026-07-31,"Painter, Andrew",field_out,hit_into_play,R,R,BAL,PHI,1,0,50,60.9,4,83.2,Sweeper
CH,2026-07-31,"Elder, Bryce",,swinging_strike,L,R,ATL,WSH,0,0,,,,86.3,Changeup
FF,2026-07-31,"Elder, Bryce",strikeout,called_strike,L,R,ATL,WSH,3,2,,,,94.4,4-Seam Fastball
ST,2026-07-31,"Painter, Andrew",,ball,R,R,BAL,PHI,0,0,,,,83.8,Sweeper
FF,2026-07-31,"Painter, Andrew",strikeout,called_strike,L,R,BAL,PHI,0,2,,,,97.3,4-Seam Fastball
SI,2026-07-31,"Elder, Bryce",,foul,L,R,ATL,WSH,3,2,215,73.9,47,91.1,Sinker
ST,2026-07-31,"Painter, Andrew",,swinging_strike,L,R,BAL,PHI,0,1,,,,82.9,Sweeper
FF,2026-07-31,"Elder, Bryce",,foul,L,R,ATL,WSH,3,1,277,82,41,93.5,4-Seam Fastball
SI,2026-07-31,"Elder, Bryce",,called_strike,L,R,ATL,WSH,3,0,,,,90.8,Sinker
SL,2026-07-31,"Painter, Andrew",,called_strike,L,R,BAL,PHI,0,0,,,,88.3,Slider
SI,2026-07-31,"Painter, Andrew",single,hit_into_play,R,R,BAL,PHI,0,1,54,109.9,0,95.3,Sinker
FC,2026-07-31,"Elder, Bryce",,ball,L,R,ATL,WSH,2,0,,,,89.3,Cutter
SL,2026-07-31,"Painter, Andrew",,called_strike,R,R,BAL,PHI,0,0,,,,87.8,Slider
FC,2026-07-31,"Elder, Bryce",,ball,L,R,ATL,WSH,1,0,,,,89.3,Cutter
SL,2026-07-31,"Painter, Andrew",walk,ball,L,R,BAL,PHI,3,2,,,,88.5,Slider
FC,2026-07-31,"Elder, Bryce",,ball,L,R,ATL,WSH,0,0,,,,88.4,Cutter
SL,2026-07-31,"Painter, Andrew",,ball,L,R,BAL,PHI,2,2,,,,89,Slider
FC,2026-07-31,"Elder, Bryce",field_out,hit_into_play,R,R,ATL,WSH,0,1,319,95.1,19,89.7,Cutter
FF,2026-07-31,"Painter, Andrew",,ball,L,R,BAL,PHI,1,2,,,,96.4,4-Seam Fastball
FF,2026-07-31,"Elder, Bryce",,foul,R,R,ATL,WSH,0,0,135,82.2,77,92.5,4-Seam Fastball
FF,2026-07-31,"Painter, Andrew",,foul,L,R,BAL,PHI,1,1,234,78.2,26,97.9,4-Seam Fastball
FC,2026-07-31,"Elder, Bryce",single,hit_into_play,L,R,ATL,WSH,3,2,10,95.8,-14,90.1,Cutter
CH,2026-07-31,"Painter, Andrew",,called_strike,L,R,BAL,PHI,1,0,,,,91.5,Changeup
CH,2026-07-31,"Elder, Bryce",,ball,L,R,ATL,WSH,2,2,,,,86.4,Changeup
FF,2026-07-31,"Painter, Andrew",,ball,L,R,BAL,PHI,0,0,,,,95.6,4-Seam Fastball
SL,2026-07-31,"Elder, Bryce",,ball,L,R,ATL,WSH,1,2,,,,83.7,Slider
FC,2026-07-31,"Elder, Bryce",,swinging_strike,L,R,ATL,WSH,1,1,,,,89.2,Cutter
SL,2026-07-31,"Painter, Andrew",field_out,hit_into_play,R,R,BAL,PHI,1,1,141,83.3,65,87.9,Slider
SI,2026-07-31,"Elder, Bryce",,foul,L,R,ATL,WSH,1,0,209,72.7,43,90.5,Sinker
ST,2026-07-31,"Painter, Andrew",,foul,R,R,BAL,PHI,1,0,,,,81.4,Sweeper
ST,2026-07-31,"Painter, Andrew",,ball,R,R,BAL,PHI,0,0,,,,82.6,Sweeper
SL,2026-07-31,"Elder, Bryce",,ball,L,R,ATL,WSH,0,0,,,,81.8,Slider
SL,2026-07-31,"Painter, Andrew",walk,ball,L,R,BAL,PHI,3,1,,,,87.3,Slider
SI,2026-07-31,"Elder, Bryce",field_out,hit_into_play,R,R,ATL,WSH,3,2,14,98.4,-8,91.4,Sinker
ST,2026-07-31,"Painter, Andrew",,ball,L,R,BAL,PHI,2,1,,,,82.8,Sweeper
SI,2026-07-31,"Elder, Bryce",,called_strike,R,R,ATL,WSH,3,1,,,,91.5,Sinker
FF,2026-07-31,"Painter, Andrew",,ball,L,R,BAL,PHI,1,1,,,,97.3,4-Seam Fastball
SI,2026-07-31,"Elder, Bryce",,called_strike,R,R,ATL,WSH,3,0,,,,90.5,Sinker
SI,2026-07-31,"Elder, Bryce",,ball,R,R,ATL,WSH,2,0,,,,90.3,Sinker
ST,2026-07-31,"Painter, Andrew",,ball,L,R,BAL,PHI,0,1,,,,83.1,Sweeper
FC,2026-07-31,"Elder, Bryce",,ball,R,R,ATL,WSH,1,0,,,,88.8,Cutter
SL,2026-07-31,"Painter, Andrew",,called_strike,L,R,BAL,PHI,0,0,,,,87.3,Slider
FF,2026-07-31,"Painter, Andrew",field_out,hit_into_play,R,R,BAL,PHI,0,1,305,100.6,19,96.8,4-Seam Fastball
SI,2026-07-31,"Elder, Bryce",,ball,R,R,ATL,WSH,0,0,,,,90.3,Sinker
FF,2026-07-31,"Painter, Andrew",,foul,R,R,BAL,PHI,0,0,288,82,43,97.8,4-Seam Fastball
SL,2026-07-31,"Elder, Bryce",strikeout,called_strike,L,R,ATL,WSH,0,2,,,,82.7,Slider
CH,2026-07-31,"Painter, Andrew",field_out,hit_into_play,L,R,BAL,PHI,0,2,351,93.1,35,91.2,Changeup
FF,2026-07-31,"Elder, Bryce",,foul,L,R,ATL,WSH,0,1,7,87.1,-19,92.9,4-Seam Fastball
CH,2026-07-31,"Painter, Andrew",,foul,L,R,BAL,PHI,0,1,,,,89.9,Changeup
FF,2026-07-31,"Elder, Bryce",,foul,L,R,ATL,WSH,0,0,180,68.3,58,91.8,4-Seam Fastball
ST,2026-07-31,"Painter, Andrew",,called_strike,L,R,BAL,PHI,0,0,,,,81,Sweeper
SI,2026-07-31,"Elder, Bryce",field_out,hit_into_play,R,R,ATL,WSH,0,0,377,99.7,28,91,Sinker
SL,2026-07-31,"Painter, Andrew",strikeout,swinging_strike,L,R,BAL,PHI,1,2,,,,89,Slider
SL,2026-07-31,"Elder, Bryce",walk,ball,L,R,ATL,WSH,3,2,,,,84.8,Slider
SL,2026-07-31,"Painter, Andrew",,ball,L,R,BAL,PHI,0,2,,,,89,Slider
FC,2026-07-31,"Elder, Bryce",,foul,L,R,ATL,WSH,3,1,335,103.1,47,89.7,Cutter
CH,2026-07-31,"Painter, Andrew",,foul,L,R,BAL,PHI,0,1,107,77.1,8,92.2,Changeup
FC,2026-07-31,"Elder, Bryce",,swinging_strike,L,R,ATL,WSH,3,0,,,,88.1,Cutter
FC,2026-07-31,"Elder, Bryce",,ball,L,R,ATL,WSH,2,0,,,,89.3,Cutter
ST,2026-07-31,"Painter, Andrew",,called_strike,L,R,BAL,PHI,0,0,,,,84.5,Sweeper
FF,2026-07-31,"Elder, Bryce",,ball,L,R,ATL,WSH,1,0,,,,92.1,4-Seam Fastball
SI,2026-07-31,"Painter, Andrew",field_out,hit_into_play,R,R,BAL,PHI,0,2,167,70.9,16,95.3,Sinker
FF,2026-07-31,"Elder, Bryce",,ball,L,R,ATL,WSH,0,0,,,,92.3,4-Seam Fastball
ST,2026-07-31,"Painter, Andrew",,called_strike,R,R,BAL,PHI,0,1,,,,81.5,Sweeper
FF,2026-07-31,"Painter, Andrew",,called_strike,R,R,BAL,PHI,0,0,,,,97.6,4-Seam Fastball
SL,2026-07-31,"Elder, Bryce",single,hit_into_play,R,R,ATL,WSH,1,1,2,75.6,-45,83.4,Slider
CH,2026-07-31,"Painter, Andrew",field_out,hit_into_play,L,R,BAL,PHI,0,1,14,97.4,-11,92.1,Changeup
SI,2026-07-31,"Elder, Bryce",,called_strike,R,R,ATL,WSH,1,0,,,,90.5,Sinker
FF,2026-07-31,"Painter, Andrew",,foul,L,R,BAL,PHI,0,0,3,96.2,-26,97.6,4-Seam Fastball
SI,2026-07-31,"Elder, Bryce",,ball,R,R,ATL,WSH,0,0,,,,91.4,Sinker
FF,2026-07-31,"Painter, Andrew",home_run,hit_into_play,R,R,BAL,PHI,1,2,394,109.3,24,97.1,4-Seam Fastball
SL,2026-07-31,"Elder, Bryce",field_out,hit_into_play,L,R,ATL,WSH,1,2,48,106.5,0,83.2,Slider
FF,2026-07-31,"Painter, Andrew",,ball,R,R,BAL,PHI,0,2,,,,97.2,4-Seam Fastball
FC,2026-07-31,"Elder, Bryce",,called_strike,L,R,ATL,WSH,1,1,,,,89.8,Cutter
ST,2026-07-31,"Painter, Andrew",,foul,R,R,BAL,PHI,0,1,357,101.7,37,84,Sweeper
SI,2026-07-31,"Elder, Bryce",,ball,L,R,ATL,WSH,0,1,,,,90.6,Sinker
SI,2026-07-31,"Elder, Bryce",,foul,L,R,ATL,WSH,0,0,104,81.9,81,89.9,Sinker
ST,2026-07-31,"Painter, Andrew",,called_strike,R,R,BAL,PHI,0,0,,,,82.4,Sweeper
ST,2026-07-31,"Painter, Andrew",double,hit_into_play,L,R,BAL,PHI,2,2,231,101.8,13,83.9,Sweeper
SI,2026-07-31,"Elder, Bryce",field_out,hit_into_play,L,R,ATL,WSH,2,2,21,98.8,-6,91.8,Sinker
SL,2026-07-31,"Elder, Bryce",,ball,L,R,ATL,WSH,1,2,,,,83.7,Slider
FF,2026-07-31,"Painter, Andrew",,ball,L,R,BAL,PHI,1,2,,,,97.2,4-Seam Fastball
ST,2026-07-31,"Painter, Andrew",,foul,L,R,BAL,PHI,1,1,4,72.2,-26,81.7,Sweeper
SI,2026-07-31,"Elder, Bryce",,ball,L,R,ATL,WSH,0,2,,,,91,Sinker
SL,2026-07-31,"Painter, Andrew",,called_strike,L,R,BAL,PHI,1,0,,,,87,Slider
SL,2026-07-31,"Elder, Bryce",,called_strike,L,R,ATL,WSH,0,1,,,,82.3,Slider
SI,2026-07-31,"Elder, Bryce",,called_strike,L,R,ATL,WSH,0,0,,,,90.9,Sinker
FF,2026-07-31,"Painter, Andrew",,ball,L,R,BAL,PHI,0,0,,,,94.5,4-Seam Fastball
ST,2026-07-30,"Gray, Sonny",strikeout,swinging_strike,L,R,ATH,BOS,2,2,,,,84.6,Sweeper
CH,2026-07-30,"Cameron, Noah",strikeout,swinging_strike_blocked,R,L,MIN,KC,2,2,,,,80.5,Changeup
CH,2026-07-30,"Cameron, Noah",,swinging_strike,R,L,MIN,KC,2,1,,,,80.7,Changeup
ST,2026-07-30,"Gray, Sonny",,ball,L,R,ATH,BOS,1,2,,,,84.5,Sweeper
FC,2026-07-30,"Cameron, Noah",,ball,R,L,MIN,KC,1,1,,,,91,Cutter
FF,2026-07-30,"Gray, Sonny",,foul,L,R,ATH,BOS,1,1,198,74.8,62,91.3,4-Seam Fastball
CH,2026-07-30,"Gray, Sonny",,called_strike,L,R,ATH,BOS,1,0,,,,87.1,Changeup
FF,2026-07-30,"Cameron, Noah",,ball,R,L,MIN,KC,0,1,,,,93.9,4-Seam Fastball
CH,2026-07-30,"Gray, Sonny",,ball,L,R,ATH,BOS,0,0,,,,84.6,Changeup
CH,2026-07-30,"Cameron, Noah",,foul_tip,R,L,MIN,KC,0,0,,,,79.7,Changeup
FC,2026-07-30,"Cameron, Noah",field_out,hit_into_play,R,L,MIN,KC,2,0,5,88.7,-23,92.1,Cutter
ST,2026-07-30,"Gray, Sonny",strikeout,called_strike,R,R,ATH,BOS,2,2,,,,84.1,Sweeper
CU,2026-07-30,"Gray, Sonny",,foul,R,R,ATH,BOS,2,1,18,85.5,-5,78.4,Curveball
CH,2026-07-30,"Cameron, Noah",,ball,R,L,MIN,KC,1,0,,,,82.5,Changeup
SI,2026-07-30,"Gray, Sonny",,called_strike,R,R,ATH,BOS,2,0,,,,92.4,Sinker
CU,2026-07-30,"Cameron, Noah",,ball,R,L,MIN,KC,0,0,,,,81.6,Curveball
FF,2026-07-30,"Gray, Sonny",,ball,R,R,ATH,BOS,1,0,,,,92.4,4-Seam Fastball
CH,2026-07-30,"Cameron, Noah",field_out,hit_into_play,R,L,MIN,KC,1,2,47,68,3,81.4,Changeup
CU,2026-07-30,"Cameron, Noah",,foul,R,L,MIN,KC,1,2,3,69,-37,85.3,Curveball
ST,2026-07-30,"Gray, Sonny",,ball,R,R,ATH,BOS,0,0,,,,84.9,Sweeper
ST,2026-07-30,"Gray, Sonny",strikeout,swinging_strike,L,R,ATH,BOS,1,2,,,,86,Sweeper
CU,2026-07-30,"Cameron, Noah",,ball,R,L,MIN,KC,0,2,,,,85.3,Curveball
SL,2026-07-30,"Cameron, Noah",,foul,R,L,MIN,KC,0,1,163,61.3,42,89.2,Slider
ST,2026-07-30,"Gray, Sonny",,swinging_strike,L,R,ATH,BOS,1,1,,,,84.7,Sweeper
FC,2026-07-30,"Cameron, Noah",,called_strike,R,L,MIN,KC,0,0,,,,88.8,Cutter
ST,2026-07-30,"Gray, Sonny",,ball,L,R,ATH,BOS,0,1,,,,85.7,Sweeper
FF,2026-07-30,"Cameron, Noah",field_out,hit_into_play,L,L,MIN,KC,1,2,198,80.8,57,96,4-Seam Fastball
CH,2026-07-30,"Gray, Sonny",,swinging_strike,L,R,ATH,BOS,0,0,,,,85.5,Changeup
SL,2026-07-30,"Cameron, Noah",,foul,L,L,MIN,KC,1,2,125,77.8,69,86.2,Slider
CU,2026-07-30,"Gray, Sonny",strikeout,called_strike,L,R,ATH,BOS,3,2,,,,78.5,Curveball
SI,2026-07-30,"Gray, Sonny",,ball,L,R,ATH,BOS,2,2,,,,92,Sinker
CU,2026-07-30,"Cameron, Noah",,blocked_ball,L,L,MIN,KC,0,2,,,,85.3,Curveball
SI,2026-07-30,"Cameron, Noah",,called_strike,L,L,MIN,KC,0,1,,,,90.9,Sinker
SI,2026-07-30,"Gray, Sonny",,foul,L,R,ATH,BOS,2,1,243,83,48,92,Sinker
CU,2026-07-30,"Cameron, Noah",,swinging_strike,L,L,MIN,KC,0,0,,,,85.7,Curveball
SI,2026-07-30,"Gray, Sonny",,foul,L,R,ATH,BOS,2,0,1,65,-55,91.7,Sinker
CU,2026-07-30,"Cameron, Noah",force_out,hit_into_play,R,L,MIN,KC,0,0,6,71.1,-22,80.8,Curveball
CH,2026-07-30,"Gray, Sonny",,ball,L,R,ATH,BOS,1,0,,,,87,Changeup
CU,2026-07-30,"Cameron, Noah",strikeout,swinging_strike_blocked,R,L,MIN,KC,0,2,,,,84.3,Curveball
SI,2026-07-30,"Gray, Sonny",,ball,L,R,ATH,BOS,0,0,,,,91.5,Sinker
FC,2026-07-30,"Cameron, Noah",,foul_tip,R,L,MIN,KC,0,1,,,,91.4,Cutter
FC,2026-07-30,"Gray, Sonny",sac_fly,hit_into_play,L,R,ATH,BOS,1,0,262,86.6,55,88.8,Cutter
FF,2026-07-30,"Cameron, Noah",,foul,R,L,MIN,KC,0,0,181,76.1,65,95.3,4-Seam Fastball
ST,2026-07-30,"Gray, Sonny",,ball,L,R,ATH,BOS,0,0,,,,85.3,Sweeper
CH,2026-07-30,"Cameron, Noah",single,hit_into_play,R,L,MIN,KC,0,2,297,88.5,22,80.4,Changeup
ST,2026-07-30,"Gray, Sonny",field_out,hit_into_play,L,R,ATH,BOS,0,1,354,92.7,24,84.2,Sweeper
FF,2026-07-30,"Cameron, Noah",,foul,R,L,MIN,KC,0,1,288,88.3,46,94.5,4-Seam Fastball
CU,2026-07-30,"Gray, Sonny",,foul,L,R,ATH,BOS,0,0,4,81.4,-33,78.9,Curveball
CU,2026-07-30,"Gray, Sonny",double,hit_into_play,L,R,ATH,BOS,0,0,259,103.6,11,78,Curveball
SL,2026-07-30,"Cameron, Noah",,called_strike,R,L,MIN,KC,0,0,,,,84.4,Slider
ST,2026-07-30,"Gray, Sonny",field_out,hit_into_play,R,R,ATH,BOS,0,2,345,96.1,20,84.8,Sweeper
SL,2026-07-30,"Cameron, Noah",field_out,hit_into_play,R,L,MIN,KC,2,2,101,100.8,5,87.5,Slider
SI,2026-07-30,"Gray, Sonny",,foul,R,R,ATH,BOS,0,2,198,79.8,62,93.5,Sinker
FF,2026-07-30,"Cameron, Noah",,called_strike,R,L,MIN,KC,2,1,,,,95.6,4-Seam Fastball
ST,2026-07-30,"Gray, Sonny",,foul,R,R,ATH,BOS,0,1,,,,84.4,Sweeper
FC,2026-07-30,"Cameron, Noah",,foul,R,L,MIN,KC,2,0,,,,91.8,Cutter
ST,2026-07-30,"Gray, Sonny",,swinging_strike,R,R,ATH,BOS,0,0,,,,84.4,Sweeper
FF,2026-07-30,"Cameron, Noah",,ball,R,L,MIN,KC,1,0,,,,95,4-Seam Fastball
FF,2026-07-30,"Gray, Sonny",field_out,hit_into_play,L,R,ATH,BOS,1,1,52,84.1,1,92.7,4-Seam Fastball
CH,2026-07-30,"Cameron, Noah",,ball,R,L,MIN,KC,0,0,,,,84,Changeup
ST,2026-07-30,"Gray, Sonny",,ball,L,R,ATH,BOS,0,1,,,,85.8,Sweeper
CH,2026-07-30,"Cameron, Noah",field_out,hit_into_play,R,L,MIN,KC,0,0,0,55.3,-75,85.2,Changeup
FC,2026-07-30,"Cameron, Noah",strikeout,swinging_strike,R,L,MIN,KC,2,2,,,,93.9,Cutter
ST,2026-07-30,"Gray, Sonny",,swinging_strike,L,R,ATH,BOS,0,0,,,,84.9,Sweeper
CH,2026-07-30,"Cameron, Noah",,ball,R,L,MIN,KC,1,2,,,,81.6,Changeup
FF,2026-07-30,"Gray, Sonny",field_out,hit_into_play,L,R,ATH,BOS,3,2,148,109.4,8,92,4-Seam Fastball
CU,2026-07-30,"Gray, Sonny",,ball,L,R,ATH,BOS,2,2,,,,79.5,Curveball
CU,2026-07-30,"Cameron, Noah",,ball,R,L,MIN,KC,0,2,,,,84.9,Curveball
FF,2026-07-30,"Cameron, Noah",,foul_bunt,R,L,MIN,KC,0,1,,,,94.9,4-Seam Fastball
ST,2026-07-30,"Gray, Sonny",,foul,L,R,ATH,BOS,2,2,2,71.5,-43,85,Sweeper
SI,2026-07-30,"Gray, Sonny",,foul,L,R,ATH,BOS,2,2,154,72.4,67,91.9,Sinker
SL,2026-07-30,"Cameron, Noah",,called_strike,R,L,MIN,KC,0,0,,,,85.7,Slider
ST,2026-07-30,"Gray, Sonny",,ball,L,R,ATH,BOS,1,2,,,,85.3,Sweeper
SL,2026-07-30,"Cameron, Noah",walk,ball,R,L,MIN,KC,3,1,,,,84.4,Slider
CH,2026-07-30,"Cameron, Noah",,ball,R,L,MIN,KC,2,1,,,,82,Changeup
ST,2026-07-30,"Gray, Sonny",,ball,L,R,ATH,BOS,0,2,,,,84.7,Sweeper
CU,2026-07-30,"Cameron, Noah",,ball,R,L,MIN,KC,1,1,,,,83.6,Curveball
ST,2026-07-30,"Gray, Sonny",,called_strike,L,R,ATH,BOS,0,1,,,,84,Sweeper
SL,2026-07-30,"Cameron, Noah",,swinging_strike,R,L,MIN,KC,1,0,,,,84.8,Slider
FF,2026-07-30,"Gray, Sonny",,foul,L,R,ATH,BOS,0,0,226,70.5,37,91.7,4-Seam Fastball
CU,2026-07-30,"Cameron, Noah",,ball,R,L,MIN,KC,0,0,,,,80.7,Curveball
SI,2026-07-30,"Gray, Sonny",field_out,hit_into_play,R,R,ATH,BOS,0,0,180,77.4,59,92.4,Sinker
SI,2026-07-30,"Gray, Sonny",walk,ball,L,R,ATH,BOS,3,1,,,,90.4,Sinker
FC,2026-07-30,"Cameron, Noah",field_out,hit_into_play,R,L,MIN,KC,0,0,45,96.6,0,91,Cutter
FF,2026-07-30,"Gray, Sonny",,ball,L,R,ATH,BOS,2,1,,,,91.5,4-Seam Fastball
SL,2026-07-30,"Cameron, Noah",strikeout,swinging_strike,L,L,MIN,KC,1,2,,,,87.2,Slider
SI,2026-07-30,"Gray, Sonny",,called_strike,L,R,ATH,BOS,2,0,,,,91.8,Sinker
CU,2026-07-30,"Cameron, Noah",,called_strike,L,L,MIN,KC,1,1,,,,84.7,Curveball
CH,2026-07-30,"Cameron, Noah",,ball,L,L,MIN,KC,0,1,,,,80.3,Changeup
CH,2026-07-30,"Gray, Sonny",,ball,L,R,ATH,BOS,1,0,,,,86.4,Changeup
SI,2026-07-30,"Gray, Sonny",,ball,L,R,ATH,BOS,0,0,,,,92.1,Sinker
FC,2026-07-30,"Cameron, Noah",,called_strike,L,L,MIN,KC,0,0,,,,94.1,Cutter
FC,2026-07-30,"Cameron, Noah",field_out,hit_into_play,R,L,MIN,KC,2,1,355,100.1,19,91.2,Cutter
ST,2026-07-30,"Gray, Sonny",single,hit_into_play,L,R,ATH,BOS,1,1,14,99.4,-6,86,Sweeper
ST,2026-07-30,"Gray, Sonny",,ball,L,R,ATH,BOS,0,1,,,,85,Sweeper
CH,2026-07-30,"Cameron, Noah",,ball,R,L,MIN,KC,1,1,,,,80.5,Changeup
CU,2026-07-30,"Cameron, Noah",,ball,R,L,MIN,KC,0,1,,,,82.6,Curveball
ST,2026-07-30,"Gray, Sonny",,called_strike,L,R,ATH,BOS,0,0,,,,84.7,Sweeper
ST,2026-07-30,"Gray, Sonny",strikeout,swinging_strike,L,R,ATH,BOS,1,2,,,,84.6,Sweeper
FC,2026-07-30,"Cameron, Noah",,called_strike,R,L,MIN,KC,0,0,,,,90.6,Cutter
FF,2026-07-30,"Gray, Sonny",,foul,L,R,ATH,BOS,1,1,240,74.2,44,91.8,4-Seam Fastball
FC,2026-07-30,"Cameron, Noah",field_out,hit_into_play,R,L,MIN,KC,3,2,106,72.7,9,92.1,Cutter
FC,2026-07-30,"Cameron, Noah",,foul,R,L,MIN,KC,3,2,214,77.9,53,93.1,Cutter
ST,2026-07-30,"Gray, Sonny",,blocked_ball,L,R,ATH,BOS,0,1,,,,85.3,Sweeper
ST,2026-07-30,"Gray, Sonny",,swinging_strike,L,R,ATH,BOS,0,0,,,,85.1,Sweeper
CU,2026-07-30,"Cameron, Noah",,ball,R,L,MIN,KC,2,2,,,,86.9,Curveball
FF,2026-07-30,"Gray, Sonny",single,hit_into_play,L,R,ATH,BOS,1,0,274,88.3,22,91.8,4-Seam Fastball
FF,2026-07-30,"Cameron, Noah",,ball,R,L,MIN,KC,1,2,,,,94.8,4-Seam Fastball
SL,2026-07-30,"Cameron, Noah",,ball,R,L,MIN,KC,0,2,,,,87.2,Slider
FF,2026-07-30,"Gray, Sonny",,ball,L,R,ATH,BOS,0,0,,,,92.3,4-Seam Fastball
FC,2026-07-30,"Gray, Sonny",double,hit_into_play,L,R,ATH,BOS,0,0,238,95.9,15,89.6,Cutter
CH,2026-07-30,"Cameron, Noah",,foul,R,L,MIN,KC,0,1,1,61.2,-55,84.4,Changeup
FF,2026-07-30,"Gray, Sonny",field_out,hit_into_play,R,R,ATH,BOS,2,0,99,97.7,5,92,4-Seam Fastball
FC,2026-07-30,"Cameron, Noah",,called_strike,R,L,MIN,KC,0,0,,,,91.4,Cutter
ST,2026-07-30,"Gray, Sonny",,ball,R,R,ATH,BOS,1,0,,,,86,Sweeper
CU,2026-07-30,"Cameron, Noah",strikeout,foul_tip,R,L,MIN,KC,0,2,,,,84.3,Curveball
FC,2026-07-30,"Gray, Sonny",,blocked_ball,R,R,ATH,BOS,0,0,,,,89.4,Cutter
FF,2026-07-30,"Cameron, Noah",,foul,R,L,MIN,KC,0,2,274,85.6,37,95.1,4-Seam Fastball
CU,2026-07-30,"Cameron, Noah",,called_strike,R,L,MIN,KC,0,1,,,,83.4,Curveball
SI,2026-07-30,"Gray, Sonny",double,hit_into_play,L,R,ATH,BOS,0,1,293,104.1,14,90.8,Sinker
CU,2026-07-30,"Gray, Sonny",,called_strike,L,R,ATH,BOS,0,0,,,,78.1,Curveball
FF,2026-07-30,"Cameron, Noah",,called_strike,R,L,MIN,KC,0,0,,,,94.4,4-Seam Fastball
SI,2026-07-30,"Cameron, Noah",field_out,hit_into_play,R,L,MIN,KC,3,2,327,90,26,93.2,Sinker
FC,2026-07-30,"Gray, Sonny",grounded_into_double_play,hit_into_play,L,R,ATH,BOS,2,1,26,100.4,-4,88.3,Cutter
CU,2026-07-30,"Cameron, Noah",,ball,R,L,MIN,KC,2,2,,,,84.4,Curveball
CU,2026-07-30,"Gray, Sonny",,called_strike,L,R,ATH,BOS,2,0,,,,79.3,Curveball
CH,2026-07-30,"Cameron, Noah",,swinging_strike,R,L,MIN,KC,2,1,,,,81.1,Changeup
CU,2026-07-30,"Gray, Sonny",,ball,L,R,ATH,BOS,1,0,,,,79.5,Curveball
SI,2026-07-30,"Gray, Sonny",,ball,L,R,ATH,BOS,0,0,,,,92.5,Sinker
FF,2026-07-30,"Cameron, Noah",,ball,R,L,MIN,KC,1,1,,,,93.7,4-Seam Fastball
SL,2026-07-30,"Cameron, Noah",,ball,R,L,MIN,KC,0,1,,,,85.4,Slider
FC,2026-07-30,"Gray, Sonny",single,hit_into_play,R,R,ATH,BOS,1,1,117,96.2,5,88.9,Cutter
CH,2026-07-30,"Cameron, Noah",,foul,R,L,MIN,KC,0,0,198,72.1,56,80.4,Changeup
FC,2026-07-30,"Gray, Sonny",,ball,R,R,ATH,BOS,0,1,,,,88.6,Cutter
CH,2026-07-30,"Cameron, Noah",field_out,hit_into_play,R,L,MIN,KC,0,0,108,74.3,11,81.6,Changeup
FC,2026-07-30,"Gray, Sonny",,foul,R,R,ATH,BOS,0,0,138,72.9,72,88,Cutter
FC,2026-07-30,"Gray, Sonny",field_error,hit_into_play,L,R,ATH,BOS,0,1,38,81.6,-1,89.4,Cutter
CU,2026-07-30,"Cameron, Noah",strikeout,swinging_strike,R,L,MIN,KC,1,2,,,,84.1,Curveball
CU,2026-07-30,"Gray, Sonny",,called_strike,L,R,ATH,BOS,0,0,,,,79,Curveball
CH,2026-07-30,"Cameron, Noah",,foul,R,L,MIN,KC,1,1,4,36.5,-28,81.8,Changeup
SI,2026-07-30,"Gray, Sonny",field_out,hit_into_play,L,R,ATH,BOS,0,0,2,55.2,-50,91.7,Sinker
FC,2026-07-30,"Cameron, Noah",,called_strike,R,L,MIN,KC,1,0,,,,91,Cutter
FF,2026-07-30,"Gray, Sonny",walk,ball,L,R,ATH,BOS,3,1,,,,92.1,4-Seam Fastball
FC,2026-07-30,"Cameron, Noah",,ball,R,L,MIN,KC,0,0,,,,89.8,Cutter
SI,2026-07-30,"Gray, Sonny",,ball,L,R,ATH,BOS,2,1,,,,91.5,Sinker
CH,2026-07-30,"Cameron, Noah",field_out,hit_into_play,R,L,MIN,KC,0,0,231,94.5,57,79.6,Changeup
SL,2026-07-30,"Cameron, Noah",field_out,hit_into_play,R,L,MIN,KC,0,1,325,86.6,33,84.7,Slider
SI,2026-07-30,"Gray, Sonny",,swinging_strike,L,R,ATH,BOS,2,0,,,,91.7,Sinker
SI,2026-07-30,"Cameron, Noah",,called_strike,R,L,MIN,KC,0,0,,,,91.7,Sinker
CU,2026-07-30,"Gray, Sonny",,ball,L,R,ATH,BOS,1,0,,,,78.4,Curveball
CU,2026-07-30,"Gray, Sonny",,ball,L,R,ATH,BOS,0,0,,,,78,Curveball
CU,2026-07-30,"Cameron, Noah",field_out,hit_into_play,L,L,MIN,KC,0,0,3,59.3,-38,81.8,Curveball
SI,2026-07-30,"Gray, Sonny",field_out,hit_into_play,L,R,ATH,BOS,2,2,142,101,7,92.7,Sinker
CH,2026-07-30,"Cameron, Noah",field_out,hit_into_play,R,L,MIN,KC,3,2,18,89.9,-10,79.9,Changeup
FF,2026-07-30,"Gray, Sonny",,foul,L,R,ATH,BOS,2,1,,,,92.4,4-Seam Fastball
FF,2026-07-30,"Cameron, Noah",,foul,R,L,MIN,KC,3,1,231,71.2,37,94.4,4-Seam Fastball
FC,2026-07-30,"Cameron, Noah",,ball,R,L,MIN,KC,2,1,,,,90.1,Cutter
FC,2026-07-30,"Gray, Sonny",,ball,L,R,ATH,BOS,1,1,,,,87.4,Cutter
CH,2026-07-30,"Cameron, Noah",,ball,R,L,MIN,KC,1,1,,,,80.7,Changeup
CU,2026-07-30,"Gray, Sonny",,ball,L,R,ATH,BOS,0,1,,,,79,Curveball
CU,2026-07-30,"Cameron, Noah",,ball,R,L,MIN,KC,0,1,,,,82.1,Curveball
FF,2026-07-30,"Gray, Sonny",,foul,L,R,ATH,BOS,0,0,8,89.4,-16,92.6,4-Seam Fastball
FC,2026-07-30,"Cameron, Noah",,called_strike,R,L,MIN,KC,0,0,,,,88.9,Cutter
FC,2026-07-30,"Gray, Sonny",field_out,hit_into_play,L,R,ATH,BOS,0,1,262,78.7,44,89.3,Cutter
CU,2026-07-30,"Gray, Sonny",,called_strike,L,R,ATH,BOS,0,0,,,,78.3,Curveball
SL,2026-07-30,"Cameron, Noah",strikeout,swinging_strike,R,L,MIN,KC,2,2,,,,87,Slider
CH,2026-07-30,"Cameron, Noah",,swinging_strike,R,L,MIN,KC,2,1,,,,81.2,Changeup
SI,2026-07-30,"Gray, Sonny",field_out,hit_into_play,R,R,ATH,BOS,1,1,314,90.3,38,92.2,Sinker
SI,2026-07-30,"Gray, Sonny",,foul,R,R,ATH,BOS,1,0,237,74.8,47,90.9,Sinker
CU,2026-07-30,"Cameron, Noah",,ball,R,L,MIN,KC,1,1,,,,80.7,Curveball
FC,2026-07-30,"Gray, Sonny",,ball,R,R,ATH,BOS,0,0,,,,88.6,Cutter
FC,2026-07-30,"Cameron, Noah",,ball,R,L,MIN,KC,0,1,,,,90.1,Cutter
ST,2026-07-30,"Gray, Sonny",field_out,hit_into_play,L,R,ATH,BOS,1,2,8,89.3,-15,84.8,Sweeper
FC,2026-07-30,"Cameron, Noah",,swinging_strike,R,L,MIN,KC,0,0,,,,90.3,Cutter
FC,2026-07-30,"Cameron, Noah",field_out,hit_into_play,R,L,MIN,KC,2,0,28,58,-2,92.6,Cutter
ST,2026-07-30,"Gray, Sonny",,foul,L,R,ATH,BOS,1,2,,,,84.4,Sweeper
CH,2026-07-30,"Cameron, Noah",,ball,R,L,MIN,KC,1,0,,,,79.9,Changeup
CU,2026-07-30,"Gray, Sonny",,called_strike,L,R,ATH,BOS,1,1,,,,80.6,Curveball
CU,2026-07-30,"Gray, Sonny",,ball,L,R,ATH,BOS,0,1,,,,79.8,Curveball
FF,2026-07-30,"Cameron, Noah",,ball,R,L,MIN,KC,0,0,,,,94.2,4-Seam Fastball
FF,2026-07-30,"Cameron, Noah",walk,ball,R,L,MIN,KC,3,2,,,,94.5,4-Seam Fastball
FC,2026-07-30,"Gray, Sonny",,called_strike,L,R,ATH,BOS,0,0,,,,90.3,Cutter
CH,2026-07-30,"Cameron, Noah",,foul,R,L,MIN,KC,3,2,152,72.7,71,81.6,Changeup
FF,2026-07-30,"Gray, Sonny",field_out,hit_into_play,L,R,ATH,BOS,0,1,1,74.4,-64,92.3,4-Seam Fastball
FC,2026-07-30,"Cameron, Noah",,called_strike,R,L,MIN,KC,3,1,,,,90.3,Cutter
CU,2026-07-30,"Gray, Sonny",,called_strike,L,R,ATH,BOS,0,0,,,,78.7,Curveball
FF,2026-07-30,"Cameron, Noah",,called_strike,R,L,MIN,KC,3,0,,,,92.7,4-Seam Fastball
SI,2026-07-30,"Gray, Sonny",double,hit_into_play,R,R,ATH,BOS,1,1,226,96.8,14,92.1,Sinker
FF,2026-07-30,"Gray, Sonny",,called_strike,R,R,ATH,BOS,1,0,,,,92.4,4-Seam Fastball
FF,2026-07-30,"Cameron, Noah",,ball,R,L,MIN,KC,2,0,,,,94.3,4-Seam Fastball
FC,2026-07-30,"Gray, Sonny",,ball,R,R,ATH,BOS,0,0,,,,89.5,Cutter
FF,2026-07-30,"Cameron, Noah",,ball,R,L,MIN,KC,1,0,,,,93.2,4-Seam Fastball
FF,2026-07-30,"Gray, Sonny",field_out,hit_into_play,L,R,ATH,BOS,0,0,144,102.2,8,91.9,4-Seam Fastball
FF,2026-07-30,"Cameron, Noah",,ball,R,L,MIN,KC,0,0,,,,91.7,4-Seam Fastball
FF,2026-07-29,"Scott, Christian",field_out,hit_into_play,R,R,NYM,ATL,3,1,327,90.7,26,95.5,4-Seam Fastball
ST,2026-07-29,"Scott, Christian",,ball,R,R,NYM,ATL,2,1,,,,84.1,Sweeper
FF,2026-07-29,"Lopez, Jacob",field_out,hit_into_play,R,L,ATH,BOS,3,2,301,87.6,40,91.6,4-Seam Fastball
FC,2026-07-29,"Scott, Christian",,ball,R,R,NYM,ATL,1,1,,,,92.4,Cutter
FC,2026-07-29,"Lopez, Jacob",,called_strike,R,L,ATH,BOS,3,1,,,,89.7,Cutter
CH,2026-07-29,"Gore, MacKenzie",strikeout,foul_tip,R,L,TB,TEX,0,2,,,,86.9,Changeup
FC,2026-07-29,"Lopez, Jacob",,ball,R,L,ATH,BOS,2,1,,,,86.6,Cutter
ST,2026-07-29,"Scott, Christian",,ball,R,R,NYM,ATL,0,1,,,,83.7,Sweeper
FF,2026-07-29,"Lopez, Jacob",,ball,R,L,ATH,BOS,1,1,,,,92.3,4-Seam Fastball
FF,2026-07-29,"Rogers, Trevor",strikeout,called_strike,R,L,DET,BAL,0,2,,,,94.6,4-Seam Fastball
FF,2026-07-29,"Scott, Christian",,called_strike,R,R,NYM,ATL,0,0,,,,95.4,4-Seam Fastball
FF,2026-07-29,"Gore, MacKenzie",,foul,R,L,TB,TEX,0,1,64,99.2,1,95.8,4-Seam Fastball
FF,2026-07-29,"Rogers, Trevor",,swinging_strike,R,L,DET,BAL,0,1,,,,94.5,4-Seam Fastball
CH,2026-07-29,"Gore, MacKenzie",,called_strike,R,L,TB,TEX,0,0,,,,87,Changeup
FC,2026-07-29,"Lopez, Jacob",,foul,R,L,ATH,BOS,1,0,161,74.9,62,85.5,Cutter
FF,2026-07-29,"Scott, Christian",walk,ball,L,R,NYM,ATL,3,1,,,,94.5,4-Seam Fastball
FF,2026-07-29,"Rogers, Trevor",,swinging_strike,R,L,DET,BAL,0,0,,,,94.1,4-Seam Fastball
FC,2026-07-29,"Lopez, Jacob",,ball,R,L,ATH,BOS,0,0,,,,86.4,Cutter
FF,2026-07-29,"Gore, MacKenzie",field_out,hit_into_play,L,L,TB,TEX,0,1,6,82.3,-21,96.2,4-Seam Fastball
FF,2026-07-29,"Scott, Christian",,ball,L,R,NYM,ATL,2,1,,,,95.6,4-Seam Fastball
FF,2026-07-29,"Gore, MacKenzie",,foul,L,L,TB,TEX,0,0,256,80.3,30,97,4-Seam Fastball
FF,2026-07-29,"Scott, Christian",,ball,L,R,NYM,ATL,1,1,,,,94.3,4-Seam Fastball
CH,2026-07-29,"Rogers, Trevor",field_out,hit_into_play,R,L,DET,BAL,0,2,3,101.3,-24,86.8,Changeup
SL,2026-07-29,"Lopez, Jacob",single,hit_into_play,R,L,ATH,BOS,1,2,114,92,8,75.4,Slider
SL,2026-07-29,"Lopez, Jacob",,swinging_strike,R,L,ATH,BOS,1,1,,,,78.4,Slider
FF,2026-07-29,"Gore, MacKenzie",field_out,hit_into_play,R,L,TB,TEX,2,0,38,80.3,78,94.7,4-Seam Fastball
CU,2026-07-29,"Scott, Christian",,ball,L,R,NYM,ATL,0,1,,,,82.5,Curveball
CH,2026-07-29,"Rogers, Trevor",,foul,R,L,DET,BAL,0,1,30,22.5,36,88,Changeup
SI,2026-07-29,"Rogers, Trevor",,called_strike,R,L,DET,BAL,0,0,,,,93.3,Sinker
CH,2026-07-29,"Lopez, Jacob",,ball,R,L,ATH,BOS,0,1,,,,81.1,Changeup
FF,2026-07-29,"Scott, Christian",,called_strike,L,R,NYM,ATL,0,0,,,,95.3,4-Seam Fastball
FF,2026-07-29,"Gore, MacKenzie",,ball,R,L,TB,TEX,1,0,,,,95.4,4-Seam Fastball
FF,2026-07-29,"Lopez, Jacob",,foul,R,L,ATH,BOS,0,0,192,76.7,58,89.5,4-Seam Fastball
ST,2026-07-29,"Scott, Christian",field_out,hit_into_play,L,R,NYM,ATL,2,1,29,76.5,81,83.3,Sweeper
FC,2026-07-29,"Rogers, Trevor",double,hit_into_play,L,L,DET,BAL,1,1,7,76.5,-16,84.7,Cutter
CH,2026-07-29,"Gore, MacKenzie",,ball,R,L,TB,TEX,0,0,,,,86.9,Changeup
FF,2026-07-29,"Lopez, Jacob",strikeout,swinging_strike,R,L,ATH,BOS,0,2,,,,92,4-Seam Fastball
FC,2026-07-29,"Rogers, Trevor",,ball,L,L,DET,BAL,0,1,,,,85.8,Cutter
FF,2026-07-29,"Gore, MacKenzie",strikeout,swinging_strike,R,L,TB,TEX,2,2,,,,96.6,4-Seam Fastball
ST,2026-07-29,"Scott, Christian",,ball,L,R,NYM,ATL,1,1,,,,81.8,Sweeper
FF,2026-07-29,"Scott, Christian",,ball,L,R,NYM,ATL,0,1,,,,94.7,4-Seam Fastball
SI,2026-07-29,"Rogers, Trevor",,called_strike,L,L,DET,BAL,0,0,,,,93.6,Sinker
CU,2026-07-29,"Gore, MacKenzie",,ball,R,L,TB,TEX,1,2,,,,84,Curveball
FF,2026-07-29,"Lopez, Jacob",,swinging_strike,R,L,ATH,BOS,0,1,,,,91.5,4-Seam Fastball
CU,2026-07-29,"Scott, Christian",,foul,L,R,NYM,ATL,0,0,332,90.5,32,83,Curveball
FF,2026-07-29,"Rogers, Trevor",field_out,hit_into_play,R,L,DET,BAL,0,1,269,87.9,52,93.2,4-Seam Fastball
SL,2026-07-29,"Lopez, Jacob",,foul,R,L,ATH,BOS,0,0,174,62.8,28,75.8,Slider
FF,2026-07-29,"Gore, MacKenzie",,swinging_strike,R,L,TB,TEX,1,1,,,,95.5,4-Seam Fastball
FF,2026-07-29,"Lopez, Jacob",strikeout,foul_tip,L,L,ATH,BOS,1,2,,,,91.8,4-Seam Fastball
FF,2026-07-29,"Rogers, Trevor",,foul,R,L,DET,BAL,0,0,96,75.8,7,93.7,4-Seam Fastball
FF,2026-07-29,"Gore, MacKenzie",,called_strike,R,L,TB,TEX,1,0,,,,96.5,4-Seam Fastball
FF,2026-07-29,"Scott, Christian",single,hit_into_play,L,R,NYM,ATL,1,2,37,105.7,-2,96.2,4-Seam Fastball
FF,2026-07-29,"Gore, MacKenzie",,ball,R,L,TB,TEX,0,0,,,,96.7,4-Seam Fastball
CH,2026-07-29,"Rogers, Trevor",field_error,hit_into_play,R,L,DET,BAL,1,2,3,86.3,-40,86.2,Changeup
SL,2026-07-29,"Lopez, Jacob",,foul,L,L,ATH,BOS,1,2,149,65.2,62,75.1,Slider
FC,2026-07-29,"Scott, Christian",,called_strike,L,R,NYM,ATL,1,1,,,,91.6,Cutter
FF,2026-07-29,"Lopez, Jacob",,foul,L,L,ATH,BOS,1,1,48,49,8,92.2,4-Seam Fastball
FF,2026-07-29,"Rogers, Trevor",,foul_tip,R,L,DET,BAL,1,1,,,,93.3,4-Seam Fastball
FF,2026-07-29,"Gore, MacKenzie",field_out,hit_into_play,R,L,TB,TEX,0,0,36,66.9,0,96.8,4-Seam Fastball
FF,2026-07-29,"Scott, Christian",,swinging_strike,L,R,NYM,ATL,1,0,,,,95.2,4-Seam Fastball
FF,2026-07-29,"Scott, Christian",,ball,L,R,NYM,ATL,0,0,,,,95.8,4-Seam Fastball
SL,2026-07-29,"Lopez, Jacob",,foul,L,L,ATH,BOS,1,0,7,82.2,-16,77.3,Slider
CH,2026-07-29,"Rogers, Trevor",,ball,R,L,DET,BAL,0,1,,,,87.4,Changeup
SI,2026-07-29,"Gore, MacKenzie",strikeout,called_strike,L,L,TB,TEX,2,2,,,,97,Sinker
SL,2026-07-29,"Gore, MacKenzie",,foul,L,L,TB,TEX,2,2,8,81.4,-15,85.8,Slider
FF,2026-07-29,"Scott, Christian",strikeout,swinging_strike,R,R,NYM,ATL,1,2,,,,95.4,4-Seam Fastball
SL,2026-07-29,"Lopez, Jacob",,ball,L,L,ATH,BOS,0,0,,,,75.2,Slider
FF,2026-07-29,"Rogers, Trevor",,called_strike,R,L,DET,BAL,0,0,,,,94.3,4-Seam Fastball
CU,2026-07-29,"Gore, MacKenzie",,ball,L,L,TB,TEX,1,2,,,,82.2,Curveball
FF,2026-07-29,"Scott, Christian",,called_strike,R,R,NYM,ATL,1,1,,,,94.8,4-Seam Fastball
FC,2026-07-29,"Rogers, Trevor",field_error,hit_into_play,L,L,DET,BAL,2,2,83,76.8,7,84.6,Cutter
FF,2026-07-29,"Lopez, Jacob",strikeout,swinging_strike,R,L,ATH,BOS,2,2,,,,91.3,4-Seam Fastball
ST,2026-07-29,"Wesneski, Hayden",single,hit_into_play,R,R,LAA,HOU,1,2,206,83.1,16,81.6,Sweeper
ST,2026-07-29,"Scott, Christian",,called_strike,R,R,NYM,ATL,1,0,,,,81.8,Sweeper
SL,2026-07-29,"Lopez, Jacob",,foul,R,L,ATH,BOS,2,2,86,89.6,4,76.3,Slider
ST,2026-07-29,"Wesneski, Hayden",,ball,R,R,LAA,HOU,0,2,,,,82.5,Sweeper
FF,2026-07-29,"Gore, MacKenzie",,foul,L,L,TB,TEX,1,2,244,81.9,37,96,4-Seam Fastball
SI,2026-07-29,"Rogers, Trevor",,ball,L,L,DET,BAL,1,2,,,,92.5,Sinker
FF,2026-07-29,"Scott, Christian",,ball,R,R,NYM,ATL,0,0,,,,94.5,4-Seam Fastball
SI,2026-07-29,"Wesneski, Hayden",,called_strike,R,R,LAA,HOU,0,1,,,,93.2,Sinker
FF,2026-07-29,"Lopez, Jacob",,ball,R,L,ATH,BOS,1,2,,,,91.1,4-Seam Fastball
ST,2026-07-29,"Rogers, Trevor",,ball,L,L,DET,BAL,0,2,,,,78.8,Sweeper
SI,2026-07-29,"Gore, MacKenzie",,foul,L,L,TB,TEX,1,1,199,66.6,41,96.6,Sinker
FF,2026-07-29,"Lopez, Jacob",,ball,R,L,ATH,BOS,0,2,,,,91.8,4-Seam Fastball
SI,2026-07-29,"Scott, Christian",single,hit_into_play,L,R,NYM,ATL,1,1,10,70.8,-3,92.2,Sinker
FC,2026-07-29,"Rogers, Trevor",,foul,L,L,DET,BAL,0,1,164,77.7,71,81.4,Cutter
FF,2026-07-29,"Hughes, Gabriel",single,hit_into_play,R,R,SD,COL,1,0,147,84.4,11,91.4,4-Seam Fastball
SL,2026-07-29,"Gore, MacKenzie",,ball,L,L,TB,TEX,0,1,,,,86.4,Slider
FC,2026-07-29,"Wesneski, Hayden",,called_strike,R,R,LAA,HOU,0,0,,,,88.7,Cutter
FC,2026-07-29,"Lopez, Jacob",,called_strike,R,L,ATH,BOS,0,1,,,,86.6,Cutter
ST,2026-07-29,"Scott, Christian",,swinging_strike,L,R,NYM,ATL,1,0,,,,82.7,Sweeper
FF,2026-07-29,"Hughes, Gabriel",,ball,R,R,SD,COL,0,0,,,,90.3,4-Seam Fastball
CH,2026-07-29,"Wesneski, Hayden",field_out,hit_into_play,L,R,LAA,HOU,0,1,39,76.2,1,85.4,Changeup
SL,2026-07-29,"Gore, MacKenzie",,foul,L,L,TB,TEX,0,0,1,30.3,-60,84.1,Slider
FF,2026-07-29,"Rogers, Trevor",,swinging_strike,L,L,DET,BAL,0,0,,,,92.3,4-Seam Fastball
FF,2026-07-29,"Scott, Christian",,ball,L,R,NYM,ATL,0,0,,,,94.7,4-Seam Fastball
CH,2026-07-29,"Rogers, Trevor",field_out,hit_into_play,R,L,DET,BAL,1,2,90,106.1,4,87,Changeup
CU,2026-07-29,"Wesneski, Hayden",,foul,L,R,LAA,HOU,0,0,5,57.9,-30,72.9,Curveball
SL,2026-07-29,"Hughes, Gabriel",double_play,hit_into_play,R,R,SD,COL,0,0,246,80.8,41,85.3,Slider
FF,2026-07-29,"Lopez, Jacob",,swinging_strike,R,L,ATH,BOS,0,0,,,,89.7,4-Seam Fastball
CH,2026-07-29,"Gore, MacKenzie",field_out,hit_into_play,R,L,TB,TEX,2,2,313,94.8,44,85.1,Changeup
ST,2026-07-29,"Wesneski, Hayden",strikeout,swinging_strike_blocked,R,R,LAA,HOU,2,2,,,,80.9,Sweeper
SL,2026-07-29,"Lopez, Jacob",home_run,hit_into_play,R,L,ATH,BOS,1,0,375,95.2,37,76,Slider
CU,2026-07-29,"Scott, Christian",double,hit_into_play,L,R,NYM,ATL,1,2,196,90.8,11,84.2,Curveball
FF,2026-07-29,"Gore, MacKenzie",,ball,R,L,TB,TEX,1,2,,,,95.1,4-Seam Fastball
FF,2026-07-29,"Rogers, Trevor",,foul,R,L,DET,BAL,1,1,191,73.3,60,94,4-Seam Fastball
CH,2026-07-29,"Lopez, Jacob",,ball,R,L,ATH,BOS,0,0,,,,80.3,Changeup
CU,2026-07-29,"Scott, Christian",,ball,L,R,NYM,ATL,0,2,,,,81.2,Curveball
FF,2026-07-29,"Hughes, Gabriel",walk,ball,R,R,SD,COL,3,0,,,,91.8,4-Seam Fastball
ST,2026-07-29,"Wesneski, Hayden",,called_strike,R,R,LAA,HOU,2,1,,,,79.6,Sweeper
FF,2026-07-29,"Gore, MacKenzie",,called_strike,R,L,TB,TEX,1,1,,,,95.9,4-Seam Fastball
FF,2026-07-29,"Rogers, Trevor",,foul,R,L,DET,BAL,1,0,230,74.6,31,93.1,4-Seam Fastball
FC,2026-07-29,"Wesneski, Hayden",,foul,R,R,LAA,HOU,2,0,,,,87.8,Cutter
FF,2026-07-29,"Hughes, Gabriel",,ball,R,R,SD,COL,2,0,,,,91.8,4-Seam Fastball
FF,2026-07-29,"Gore, MacKenzie",,ball,R,L,TB,TEX,0,1,,,,94.9,4-Seam Fastball
FC,2026-07-29,"Scott, Christian",,foul,L,R,NYM,ATL,0,1,,,,89.6,Cutter
FF,2026-07-29,"Rogers, Trevor",,ball,R,L,DET,BAL,0,0,,,,93,4-Seam Fastball
FF,2026-07-29,"Lopez, Jacob",grounded_into_double_play,hit_into_play,R,L,ATH,BOS,2,2,9,97.2,-17,92.5,4-Seam Fastball
SI,2026-07-29,"Wesneski, Hayden",,ball,R,R,LAA,HOU,1,0,,,,91.8,Sinker
SL,2026-07-29,"Lopez, Jacob",,ball,R,L,ATH,BOS,1,2,,,,77.9,Slider
CU,2026-07-29,"Scott, Christian",,called_strike,L,R,NYM,ATL,0,0,,,,81.4,Curveball
CH,2026-07-29,"Gore, MacKenzie",,called_strike,R,L,TB,TEX,0,0,,,,85.5,Changeup
FF,2026-07-29,"Rogers, Trevor",sac_fly,hit_into_play,R,L,DET,BAL,2,0,273,92.5,53,94.5,4-Seam Fastball
SI,2026-07-29,"Hughes, Gabriel",,ball,R,R,SD,COL,1,0,,,,90.7,Sinker
SI,2026-07-29,"Wesneski, Hayden",,ball,R,R,LAA,HOU,0,0,,,,91.2,Sinker
FF,2026-07-29,"Rogers, Trevor",,ball,R,L,DET,BAL,1,0,,,,92.9,4-Seam Fastball
FC,2026-07-29,"Scott, Christian",strikeout,swinging_strike,R,R,NYM,ATL,2,2,,,,90.2,Cutter
CH,2026-07-29,"Lopez, Jacob",,swinging_strike,R,L,ATH,BOS,1,1,,,,84.2,Changeup
FF,2026-07-29,"Gore, MacKenzie",field_out,hit_into_play,R,L,TB,TEX,0,0,186,72.8,58,96.4,4-Seam Fastball
SI,2026-07-29,"Hughes, Gabriel",,ball,R,R,SD,COL,0,0,,,,92.7,Sinker
ST,2026-07-29,"Wesneski, Hayden",grounded_into_double_play,hit_into_play,R,R,LAA,HOU,0,1,55,77.6,3,82.2,Sweeper
SI,2026-07-29,"Hughes, Gabriel",single,hit_into_play,R,R,SD,COL,0,1,9,90.6,-13,90.3,Sinker
FF,2026-07-29,"Gore, MacKenzie",field_out,hit_into_play,R,L,TB,TEX,0,0,250,81.7,47,96.2,4-Seam Fastball
SL,2026-07-29,"Lopez, Jacob",,foul,R,L,ATH,BOS,1,0,198,66.5,55,78.3,Slider
FF,2026-07-29,"Rogers, Trevor",,ball,R,L,DET,BAL,0,0,,,,92.9,4-Seam Fastball
FF,2026-07-29,"Scott, Christian",,foul,R,R,NYM,ATL,2,2,135,84.6,74,96.7,4-Seam Fastball
SL,2026-07-29,"Lopez, Jacob",,ball,R,L,ATH,BOS,0,0,,,,78.9,Slider
FC,2026-07-29,"Gore, MacKenzie",hit_by_pitch,hit_by_pitch,R,L,TB,TEX,1,2,,,,90.1,Cutter
FF,2026-07-29,"Hughes, Gabriel",,foul,R,R,SD,COL,0,0,184,77.1,60,92.1,4-Seam Fastball
FC,2026-07-29,"Wesneski, Hayden",,called_strike,R,R,LAA,HOU,0,0,,,,89.1,Cutter
ST,2026-07-29,"Scott, Christian",,ball,R,R,NYM,ATL,1,2,,,,82,Sweeper
FC,2026-07-29,"Rogers, Trevor",strikeout,swinging_strike,L,L,DET,BAL,2,2,,,,84.8,Cutter
SI,2026-07-29,"Rogers, Trevor",,called_strike,L,L,DET,BAL,2,1,,,,93.2,Sinker
FF,2026-07-29,"Hughes, Gabriel",field_out,hit_into_play,R,R,SD,COL,0,1,340,96.6,38,92.3,4-Seam Fastball
ST,2026-07-29,"Scott, Christian",,foul,R,R,NYM,ATL,1,1,122,104.4,7,81.8,Sweeper
FC,2026-07-29,"Lopez, Jacob",single,hit_into_play,R,L,ATH,BOS,0,0,201,90.6,12,88,Cutter
ST,2026-07-29,"Wesneski, Hayden",hit_by_pitch,hit_by_pitch,L,R,LAA,HOU,0,0,,,,79,Sweeper
CH,2026-07-29,"Gore, MacKenzie",,foul,R,L,TB,TEX,1,2,1,65.9,-58,87.6,Changeup
ST,2026-07-29,"Scott, Christian",,foul,R,R,NYM,ATL,1,0,,,,82.6,Sweeper
FF,2026-07-29,"Wesneski, Hayden",field_out,hit_into_play,R,R,LAA,HOU,1,1,187,96.6,62,92.6,4-Seam Fastball
SI,2026-07-29,"Hughes, Gabriel",,foul,R,R,SD,COL,0,0,98,75.4,7,93.1,Sinker
FF,2026-07-29,"Gore, MacKenzie",,foul,R,L,TB,TEX,1,2,115,77.2,9,95.5,4-Seam Fastball
FC,2026-07-29,"Rogers, Trevor",,swinging_strike,L,L,DET,BAL,2,0,,,,85.7,Cutter
SL,2026-07-29,"Lopez, Jacob",single,hit_into_play,R,L,ATH,BOS,0,1,132,94.2,9,75.4,Slider
FF,2026-07-29,"Hughes, Gabriel",sac_fly,hit_into_play,L,R,SD,COL,2,2,312,86.7,36,93.2,4-Seam Fastball
ST,2026-07-29,"Scott, Christian",,ball,R,R,NYM,ATL,0,0,,,,79.7,Sweeper
FF,2026-07-29,"Wesneski, Hayden",,ball,R,R,LAA,HOU,0,1,,,,93.2,4-Seam Fastball
FC,2026-07-29,"Lopez, Jacob",,called_strike,R,L,ATH,BOS,0,0,,,,86,Cutter
SI,2026-07-29,"Rogers, Trevor",,ball,L,L,DET,BAL,1,0,,,,93.3,Sinker
FF,2026-07-29,"Gore, MacKenzie",,called_strike,R,L,TB,TEX,1,1,,,,95.4,4-Seam Fastball
SL,2026-07-29,"Lopez, Jacob",field_out,hit_into_play,R,L,ATH,BOS,0,0,190,71.2,56,76.1,Slider
FF,2026-07-29,"Scott, Christian",strikeout,swinging_strike,L,R,NYM,ATL,2,2,,,,95.4,4-Seam Fastball
SI,2026-07-29,"Rogers, Trevor",,ball,L,L,DET,BAL,0,0,,,,92.5,Sinker
CH,2026-07-29,"Gore, MacKenzie",,ball,R,L,TB,TEX,0,1,,,,85.4,Changeup
ST,2026-07-29,"Wesneski, Hayden",,called_strike,R,R,LAA,HOU,0,0,,,,76.6,Sweeper
CU,2026-07-29,"Hughes, Gabriel",,blocked_ball,L,R,SD,COL,1,2,,,,77.3,Curveball
SI,2026-07-29,"Wesneski, Hayden",field_out,hit_into_play,R,R,LAA,HOU,1,1,143,100.6,9,93.9,Sinker
CH,2026-07-29,"Rogers, Trevor",double,hit_into_play,R,L,DET,BAL,1,0,303,100,18,86.4,Changeup
FC,2026-07-29,"Lopez, Jacob",single,hit_into_play,R,L,ATH,BOS,1,0,14,89.8,-10,87.3,Cutter
CU,2026-07-29,"Gore, MacKenzie",,called_strike,R,L,TB,TEX,0,0,,,,81,Curveball
FS,2026-07-29,"Scott, Christian",,foul,L,R,NYM,ATL,2,2,32,97.1,-2,85,Split-Finger
FF,2026-07-29,"Hughes, Gabriel",,foul,L,R,SD,COL,1,1,187,73,21,92.7,4-Seam Fastball
FC,2026-07-29,"Lopez, Jacob",,ball,R,L,ATH,BOS,0,0,,,,86.7,Cutter
ST,2026-07-29,"Rogers, Trevor",,ball,R,L,DET,BAL,0,0,,,,77,Sweeper
FF,2026-07-29,"Scott, Christian",,foul,L,R,NYM,ATL,2,2,204,87.4,63,95.1,4-Seam Fastball
SI,2026-07-29,"Wesneski, Hayden",,ball,R,R,LAA,HOU,0,1,,,,93.5,Sinker
CU,2026-07-29,"Hughes, Gabriel",,foul,L,R,SD,COL,1,0,295,89.2,39,78.1,Curveball
FF,2026-07-29,"Hughes, Gabriel",,ball,L,R,SD,COL,0,0,,,,92.8,4-Seam Fastball
FF,2026-07-29,"Rogers, Trevor",single,hit_into_play,R,L,DET,BAL,1,1,118,89.7,7,92.7,4-Seam Fastball
CH,2026-07-29,"Gore, MacKenzie",strikeout,swinging_strike,R,L,TB,TEX,1,2,,,,87.6,Changeup
ST,2026-07-29,"Wesneski, Hayden",,called_strike,R,R,LAA,HOU,0,0,,,,79.7,Sweeper
ST,2026-07-29,"Scott, Christian",,foul,L,R,NYM,ATL,2,2,63,71.8,87,81.6,Sweeper
SL,2026-07-29,"Lopez, Jacob",strikeout,swinging_strike,R,L,ATH,BOS,2,2,,,,75.9,Slider
SL,2026-07-29,"Lopez, Jacob",,swinging_strike,R,L,ATH,BOS,2,1,,,,75.5,Slider
FF,2026-07-29,"Scott, Christian",,foul,L,R,NYM,ATL,2,2,184,76.8,18,95.5,4-Seam Fastball
FF,2026-07-29,"Hughes, Gabriel",field_out,hit_into_play,L,R,SD,COL,1,0,2,88.6,-41,93.3,4-Seam Fastball
CH,2026-07-29,"Gore, MacKenzie",,foul,R,L,TB,TEX,1,2,7,71.2,-22,86.6,Changeup
FF,2026-07-29,"Rogers, Trevor",,ball,R,L,DET,BAL,0,1,,,,92.6,4-Seam Fastball
CH,2026-07-29,"Wesneski, Hayden",single,hit_into_play,L,R,LAA,HOU,0,1,224,73.5,21,86.3,Changeup
ST,2026-07-29,"Rogers, Trevor",,called_strike,R,L,DET,BAL,0,0,,,,77,Sweeper
ST,2026-07-29,"Wesneski, Hayden",,called_strike,L,R,LAA,HOU,0,0,,,,78.9,Sweeper
FF,2026-07-29,"Gore, MacKenzie",,ball,R,L,TB,TEX,0,2,,,,96.1,4-Seam Fastball
CH,2026-07-29,"Hughes, Gabriel",,ball,L,R,SD,COL,0,0,,,,88.9,Changeup
FC,2026-07-29,"Lopez, Jacob",,foul,R,L,ATH,BOS,2,0,326,109.1,24,87.3,Cutter
FF,2026-07-29,"Scott, Christian",,foul,L,R,NYM,ATL,2,2,192,84.6,63,95.3,4-Seam Fastball
CH,2026-07-29,"Hughes, Gabriel",single,hit_into_play,L,R,SD,COL,2,2,11,75.8,-12,88.6,Changeup
CH,2026-07-29,"Rogers, Trevor",triple,hit_into_play,R,L,DET,BAL,1,1,265,111.3,9,85.5,Changeup
FF,2026-07-29,"Gore, MacKenzie",,called_strike,R,L,TB,TEX,0,1,,,,94.7,4-Seam Fastball
CH,2026-07-29,"Lopez, Jacob",,ball,R,L,ATH,BOS,1,0,,,,81.8,Changeup
FF,2026-07-29,"Scott, Christian",,foul,L,R,NYM,ATL,2,2,213,74.8,25,95.3,4-Seam Fastball
FF,2026-07-29,"Wesneski, Hayden",field_out,hit_into_play,L,R,LAA,HOU,2,2,387,100.6,30,94.2,4-Seam Fastball
FF,2026-07-29,"Wesneski, Hayden",,ball,L,R,LAA,HOU,1,2,,,,93.8,4-Seam Fastball
FC,2026-07-29,"Scott, Christian",,foul,L,R,NYM,ATL,2,1,231,104.3,14,89,Cutter
FF,2026-07-29,"Rogers, Trevor",,ball,R,L,DET,BAL,0,1,,,,92.2,4-Seam Fastball
CH,2026-07-29,"Lopez, Jacob",,ball,R,L,ATH,BOS,0,0,,,,81.5,Changeup
FF,2026-07-29,"Gore, MacKenzie",,foul,R,L,TB,TEX,0,0,195,75.1,21,95.3,4-Seam Fastball
CH,2026-07-29,"Hughes, Gabriel",,ball,L,R,SD,COL,1,2,,,,87.9,Changeup
SI,2026-07-29,"Scott, Christian",,blocked_ball,L,R,NYM,ATL,1,1,,,,92.5,Sinker
FF,2026-07-29,"Gore, MacKenzie",field_out,hit_into_play,R,L,TB,TEX,1,2,281,85.7,39,96,4-Seam Fastball
FF,2026-07-29,"Lopez, Jacob",field_out,hit_into_play,L,L,ATH,BOS,0,2,307,86.4,26,92.9,4-Seam Fastball
CH,2026-07-29,"Wesneski, Hayden",,ball,L,R,LAA,HOU,0,2,,,,88.2,Changeup
CH,2026-07-29,"Rogers, Trevor",,called_strike,R,L,DET,BAL,0,0,,,,84.9,Changeup
FF,2026-07-29,"Hughes, Gabriel",,foul,L,R,SD,COL,1,1,316,95.4,39,93.3,4-Seam Fastball
FF,2026-07-29,"Scott, Christian",,called_strike,L,R,NYM,ATL,1,0,,,,95.4,4-Seam Fastball
FF,2026-07-29,"Gore, MacKenzie",,foul,R,L,TB,TEX,1,2,114,61.1,71,96.1,4-Seam Fastball
FF,2026-07-29,"Rogers, Trevor",field_out,hit_into_play,R,L,DET,BAL,1,2,260,92.4,59,93.4,4-Seam Fastball
CH,2026-07-29,"Wesneski, Hayden",,swinging_strike,L,R,LAA,HOU,0,1,,,,88,Changeup
FF,2026-07-29,"Lopez, Jacob",,swinging_strike,L,L,ATH,BOS,0,1,,,,91.8,4-Seam Fastball
FF,2026-07-29,"Hughes, Gabriel",,foul,L,R,SD,COL,1,0,135,79.8,10,92.9,4-Seam Fastball
FF,2026-07-29,"Gore, MacKenzie",,foul,R,L,TB,TEX,1,1,78,78.9,84,94.4,4-Seam Fastball
FS,2026-07-29,"Scott, Christian",,ball,L,R,NYM,ATL,0,0,,,,85,Split-Finger
CH,2026-07-29,"Rogers, Trevor",,foul,R,L,DET,BAL,1,1,32,96.6,-2,87.7,Changeup
ST,2026-07-29,"Hughes, Gabriel",,ball,L,R,SD,COL,0,0,,,,86.4,Sweeper
FF,2026-07-29,"Lopez, Jacob",,called_strike,L,L,ATH,BOS,0,0,,,,89.6,4-Seam Fastball
CH,2026-07-29,"Wesneski, Hayden",,called_strike,L,R,LAA,HOU,0,0,,,,86.8,Changeup
ST,2026-07-29,"Wesneski, Hayden",field_out,hit_into_play,R,R,LAA,HOU,1,2,6,70.9,-14,82.9,Sweeper
ST,2026-07-29,"Scott, Christian",force_out,hit_into_play,R,R,NYM,ATL,0,0,4,73.2,-22,81.1,Sweeper
CH,2026-07-29,"Rogers, Trevor",,called_strike,R,L,DET,BAL,1,0,,,,86.8,Changeup
FF,2026-07-29,"Gore, MacKenzie",,foul,R,L,TB,TEX,1,0,181,84.1,65,94.6,4-Seam Fastball
CH,2026-07-29,"Lopez, Jacob",single,hit_into_play,R,L,ATH,BOS,1,1,238,69,32,81.8,Changeup
CH,2026-07-29,"Hughes, Gabriel",hit_by_pitch,hit_by_pitch,R,R,SD,COL,2,1,,,,88.6,Changeup
CU,2026-07-29,"Gore, MacKenzie",,ball,R,L,TB,TEX,0,0,,,,80.4,Curveball
FF,2026-07-29,"Hughes, Gabriel",,foul,R,R,SD,COL,2,0,157,70.4,63,93,4-Seam Fastball
FC,2026-07-29,"Wesneski, Hayden",,swinging_strike,R,R,LAA,HOU,1,1,,,,88,Cutter
CU,2026-07-29,"Scott, Christian",single,hit_into_play,L,R,NYM,ATL,2,2,152,80.6,12,81.6,Curveball
ST,2026-07-29,"Rogers, Trevor",,blocked_ball,R,L,DET,BAL,0,0,,,,78.4,Sweeper
SL,2026-07-29,"Lopez, Jacob",,called_strike,R,L,ATH,BOS,1,0,,,,75.9,Slider
FF,2026-07-29,"Scott, Christian",,ball,L,R,NYM,ATL,1,2,,,,96.3,4-Seam Fastball
FF,2026-07-29,"Hughes, Gabriel",,ball,R,R,SD,COL,1,0,,,,94,4-Seam Fastball
SI,2026-07-29,"Wesneski, Hayden",,foul,R,R,LAA,HOU,1,0,,,,92.6,Sinker
FC,2026-07-29,"Lopez, Jacob",,ball,R,L,ATH,BOS,0,0,,,,88.5,Cutter
CH,2026-07-29,"Rogers, Trevor",field_out,hit_into_play,R,L,DET,BAL,0,0,304,84.1,29,87,Changeup
CH,2026-07-29,"Gore, MacKenzie",field_out,hit_into_play,R,L,TB,TEX,2,1,71,82.8,4,86.5,Changeup
SI,2026-07-29,"Wesneski, Hayden",,ball,R,R,LAA,HOU,0,0,,,,91.1,Sinker
SI,2026-07-29,"Hughes, Gabriel",,ball,R,R,SD,COL,0,0,,,,92.9,Sinker
FF,2026-07-29,"Rogers, Trevor",strikeout,called_strike,L,L,DET,BAL,0,2,,,,94.6,4-Seam Fastball
FF,2026-07-29,"Gore, MacKenzie",,ball,R,L,TB,TEX,1,1,,,,95.6,4-Seam Fastball
ST,2026-07-29,"Scott, Christian",,foul,L,R,NYM,ATL,1,2,7,79.4,-7,80.9,Sweeper
FF,2026-07-29,"Lopez, Jacob",strikeout,swinging_strike,R,L,ATH,BOS,1,2,,,,92.2,4-Seam Fastball
SL,2026-07-29,"Lopez, Jacob",,foul,R,L,ATH,BOS,1,2,,,,77.8,Slider
FF,2026-07-29,"Wesneski, Hayden",field_out,hit_into_play,L,R,LAA,HOU,0,0,58,101.2,2,94.4,4-Seam Fastball
SL,2026-07-29,"Hughes, Gabriel",single,hit_into_play,R,R,SD,COL,2,2,7,84.7,-21,86.9,Slider
FF,2026-07-29,"Gore, MacKenzie",,ball,R,L,TB,TEX,0,1,,,,95.7,4-Seam Fastball
CU,2026-07-29,"Scott, Christian",,foul,L,R,NYM,ATL,1,2,1,61.2,-48,81.1,Curveball
SI,2026-07-29,"Rogers, Trevor",,foul,L,L,DET,BAL,0,2,3,86.5,-32,93.7,Sinker
FF,2026-07-29,"Wesneski, Hayden",single,hit_into_play,R,R,LAA,HOU,2,1,267,100.3,13,94.3,4-Seam Fastball
CH,2026-07-29,"Gore, MacKenzie",,swinging_strike,R,L,TB,TEX,0,0,,,,87.8,Changeup
ST,2026-07-29,"Rogers, Trevor",,foul,L,L,DET,BAL,0,2,,,,78,Sweeper
FF,2026-07-29,"Hughes, Gabriel",,foul,R,R,SD,COL,2,2,162,79.5,65,93,4-Seam Fastball
CU,2026-07-29,"Scott, Christian",,foul,L,R,NYM,ATL,1,2,,,,81.7,Curveball
CH,2026-07-29,"Lopez, Jacob",,swinging_strike,R,L,ATH,BOS,1,1,,,,80.9,Changeup
SL,2026-07-29,"Lopez, Jacob",,swinging_strike,R,L,ATH,BOS,1,0,,,,77.8,Slider
FF,2026-07-29,"Scott, Christian",,called_strike,L,R,NYM,ATL,1,1,,,,93.6,4-Seam Fastball
ST,2026-07-29,"Wesneski, Hayden",,ball,R,R,LAA,HOU,1,1,,,,81.6,Sweeper
SI,2026-07-29,"Gore, MacKenzie",strikeout,called_strike,L,L,TB,TEX,2,2,,,,96.3,Sinker
SI,2026-07-29,"Hughes, Gabriel",,foul,R,R,SD,COL,2,2,144,57.4,52,92.2,Sinker
ST,2026-07-29,"Rogers, Trevor",,swinging_strike_blocked,L,L,DET,BAL,0,1,,,,79,Sweeper
FF,2026-07-29,"Rogers, Trevor",,called_strike,L,L,DET,BAL,0,0,,,,93,4-Seam Fastball
FF,2026-07-29,"Gore, MacKenzie",,foul,L,L,TB,TEX,2,1,272,83.9,33,95.1,4-Seam Fastball
ST,2026-07-29,"Hughes, Gabriel",,foul,R,R,SD,COL,2,2,204,69.7,46,85,Sweeper
SI,2026-07-29,"Wesneski, Hayden",,ball,R,R,LAA,HOU,0,1,,,,94.2,Sinker
FF,2026-07-29,"Scott, Christian",,foul,L,R,NYM,ATL,1,0,231,72.8,53,93.8,4-Seam Fastball
SL,2026-07-29,"Lopez, Jacob",,ball,R,L,ATH,BOS,0,0,,,,77.2,Slider
FF,2026-07-29,"Scott, Christian",,ball,L,R,NYM,ATL,0,0,,,,93.5,4-Seam Fastball
FF,2026-07-29,"Gore, MacKenzie",,ball,L,L,TB,TEX,1,1,,,,94.6,4-Seam Fastball
SI,2026-07-29,"Wesneski, Hayden",,swinging_strike,R,R,LAA,HOU,0,0,,,,92.1,Sinker
ST,2026-07-29,"Hughes, Gabriel",,ball,R,R,SD,COL,1,2,,,,86.6,Sweeper
FF,2026-07-29,"Lopez, Jacob",field_out,hit_into_play,R,L,ATH,BOS,3,1,208,95.3,63,91.1,4-Seam Fastball
FF,2026-07-29,"Rogers, Trevor",single,hit_into_play,R,L,DET,BAL,0,0,186,66.9,47,93.6,4-Seam Fastball
ST,2026-07-29,"Wesneski, Hayden",strikeout,swinging_strike,R,R,LAA,HOU,0,2,,,,80.9,Sweeper
FF,2026-07-29,"Rogers, Trevor",strikeout,foul_tip,R,L,DET,BAL,2,2,,,,93.7,4-Seam Fastball
FC,2026-07-29,"Lopez, Jacob",,ball,R,L,ATH,BOS,2,1,,,,87.2,Cutter
FC,2026-07-29,"Scott, Christian",strikeout,foul_tip,L,R,NYM,ATL,3,2,,,,90.9,Cutter
FF,2026-07-29,"Hughes, Gabriel",,called_strike,R,R,SD,COL,1,1,,,,93.1,4-Seam Fastball
SI,2026-07-29,"Gore, MacKenzie",,ball,L,L,TB,TEX,0,1,,,,93.8,Sinker
FC,2026-07-29,"Lopez, Jacob",,foul,R,L,ATH,BOS,2,0,227,69.9,40,87.9,Cutter
FF,2026-07-29,"Gore, MacKenzie",,called_strike,L,L,TB,TEX,0,0,,,,94.6,4-Seam Fastball
FF,2026-07-29,"Rogers, Trevor",,ball,R,L,DET,BAL,1,2,,,,94.1,4-Seam Fastball
ST,2026-07-29,"Wesneski, Hayden",,swinging_strike,R,R,LAA,HOU,0,1,,,,82.2,Sweeper
FF,2026-07-29,"Scott, Christian",,ball,L,R,NYM,ATL,2,2,,,,95.9,4-Seam Fastball
FF,2026-07-29,"Hughes, Gabriel",,foul,R,R,SD,COL,1,0,201,71.9,50,91.6,4-Seam Fastball
FC,2026-07-29,"Wesneski, Hayden",,swinging_strike,R,R,LAA,HOU,0,0,,,,87.9,Cutter
SI,2026-07-29,"Hughes, Gabriel",,ball,R,R,SD,COL,0,0,,,,91.1,Sinker
CU,2026-07-29,"Gore, MacKenzie",field_out,hit_into_play,R,L,TB,TEX,0,0,285,78.9,34,79.7,Curveball
CH,2026-07-29,"Rogers, Trevor",,swinging_strike,R,L,DET,BAL,1,1,,,,85.9,Changeup
FC,2026-07-29,"Lopez, Jacob",,ball,R,L,ATH,BOS,1,0,,,,86.6,Cutter
FF,2026-07-29,"Scott, Christian",,foul,L,R,NYM,ATL,2,2,,,,96.8,4-Seam Fastball
ST,2026-07-29,"Rogers, Trevor",,ball,R,L,DET,BAL,0,1,,,,78.8,Sweeper
CH,2026-07-29,"Gore, MacKenzie",strikeout,swinging_strike,R,L,TB,TEX,1,2,,,,86.3,Changeup
SL,2026-07-29,"Lopez, Jacob",,ball,R,L,ATH,BOS,0,0,,,,77.3,Slider
ST,2026-07-29,"Hughes, Gabriel",single,hit_into_play,L,R,SD,COL,1,2,253,80.5,26,86.1,Sweeper
FF,2026-07-29,"Scott, Christian",,foul,L,R,NYM,ATL,2,2,,,,95.7,4-Seam Fastball
FF,2026-07-29,"Wesneski, Hayden",field_out,hit_into_play,L,R,LAA,HOU,0,2,6,86.5,-31,93.8,4-Seam Fastball
CH,2026-07-29,"Rogers, Trevor",,foul,R,L,DET,BAL,0,0,211,83.6,61,86.1,Changeup
CU,2026-07-29,"Wesneski, Hayden",,foul,L,R,LAA,HOU,0,1,216,72.7,38,71.9,Curveball
CH,2026-07-29,"Gore, MacKenzie",,ball,R,L,TB,TEX,0,2,,,,85,Changeup
FC,2026-07-29,"Scott, Christian",,ball,L,R,NYM,ATL,1,2,,,,90.3,Cutter
SL,2026-07-29,"Lopez, Jacob",strikeout,swinging_strike,R,L,ATH,BOS,0,2,,,,75.9,Slider
FF,2026-07-29,"Hughes, Gabriel",,foul,L,R,SD,COL,1,1,123,75.1,73,93.6,4-Seam Fastball
SI,2026-07-29,"Hughes, Gabriel",,ball,L,R,SD,COL,0,1,,,,93.3,Sinker
FF,2026-07-29,"Scott, Christian",,ball,L,R,NYM,ATL,0,2,,,,94.7,4-Seam Fastball
FF,2026-07-29,"Gore, MacKenzie",,foul,R,L,TB,TEX,0,1,247,74.6,35,95.3,4-Seam Fastball
ST,2026-07-29,"Rogers, Trevor",sac_fly,hit_into_play,L,L,DET,BAL,1,0,357,98.1,41,77.8,Sweeper
CH,2026-07-29,"Wesneski, Hayden",,foul,L,R,LAA,HOU,0,0,315,85.2,35,82.3,Changeup
FC,2026-07-29,"Lopez, Jacob",,called_strike,R,L,ATH,BOS,0,1,,,,87.5,Cutter
ST,2026-07-29,"Hughes, Gabriel",,called_strike,L,R,SD,COL,0,0,,,,84.3,Sweeper
FF,2026-07-29,"Wesneski, Hayden",strikeout,swinging_strike,R,R,LAA,HOU,1,2,,,,95.1,4-Seam Fastball
FF,2026-07-29,"Scott, Christian",,swinging_strike,L,R,NYM,ATL,0,1,,,,95.3,4-Seam Fastball
FC,2026-07-29,"Lopez, Jacob",,called_strike,R,L,ATH,BOS,0,0,,,,87,Cutter
ST,2026-07-29,"Rogers, Trevor",,ball,L,L,DET,BAL,0,0,,,,77.5,Sweeper
FF,2026-07-29,"Gore, MacKenzie",,called_strike,R,L,TB,TEX,0,0,,,,96.2,4-Seam Fastball
FF,2026-07-29,"Rogers, Trevor",field_out,hit_into_play,R,L,DET,BAL,3,1,357,89.8,34,94.4,4-Seam Fastball
FC,2026-07-29,"Lopez, Jacob",single,hit_into_play,R,L,ATH,BOS,1,2,236,95.6,14,87.3,Cutter
FF,2026-07-29,"Scott, Christian",,foul,L,R,NYM,ATL,0,0,334,98.3,27,94.3,4-Seam Fastball
FF,2026-07-29,"Wesneski, Hayden",,foul,R,R,LAA,HOU,1,1,235,80.3,52,96.9,4-Seam Fastball
SI,2026-07-29,"Hughes, Gabriel",field_out,hit_into_play,R,R,SD,COL,3,2,7,74.3,-14,95.1,Sinker
FF,2026-07-29,"Gore, MacKenzie",field_out,hit_into_play,R,L,TB,TEX,0,1,89,39,41,95.4,4-Seam Fastball
FF,2026-07-29,"Gore, MacKenzie",,called_strike,R,L,TB,TEX,0,0,,,,95.1,4-Seam Fastball
CH,2026-07-29,"Hughes, Gabriel",,ball,R,R,SD,COL,2,2,,,,88,Changeup
CH,2026-07-29,"Rogers, Trevor",,ball,R,L,DET,BAL,2,1,,,,89,Changeup
FF,2026-07-29,"Wesneski, Hayden",,ball,R,R,LAA,HOU,0,1,,,,96.3,4-Seam Fastball
FF,2026-07-29,"Lopez, Jacob",,ball,R,L,ATH,BOS,0,2,,,,92,4-Seam Fastball
ST,2026-07-29,"Scott, Christian",field_out,hit_into_play,L,R,NYM,ATL,1,0,170,84.6,65,82.2,Sweeper
FF,2026-07-29,"Hughes, Gabriel",,foul,R,R,SD,COL,2,1,271,91.1,48,93.5,4-Seam Fastball
FF,2026-07-29,"Gore, MacKenzie",strikeout,called_strike,R,L,TB,TEX,2,2,,,,94.9,4-Seam Fastball
SL,2026-07-29,"Lopez, Jacob",,foul,R,L,ATH,BOS,0,2,149,89.9,10,77.9,Slider
ST,2026-07-29,"Wesneski, Hayden",,called_strike,R,R,LAA,HOU,0,0,,,,80.9,Sweeper
FC,2026-07-29,"Scott, Christian",,ball,L,R,NYM,ATL,0,0,,,,88.6,Cutter
CH,2026-07-29,"Rogers, Trevor",,ball,R,L,DET,BAL,1,1,,,,88.3,Changeup
ST,2026-07-29,"Wesneski, Hayden",strikeout,swinging_strike,R,R,LAA,HOU,2,2,,,,83.1,Sweeper
SI,2026-07-29,"Hughes, Gabriel",,called_strike,R,R,SD,COL,2,0,,,,94,Sinker
FC,2026-07-29,"Lopez, Jacob",,called_strike,R,L,ATH,BOS,0,1,,,,89.9,Cutter
ST,2026-07-29,"Scott, Christian",field_out,hit_into_play,R,R,NYM,ATL,0,1,167,81.3,63,81.2,Sweeper
FF,2026-07-29,"Gore, MacKenzie",,ball,R,L,TB,TEX,1,2,,,,93.4,4-Seam Fastball
ST,2026-07-29,"Rogers, Trevor",,ball,R,L,DET,BAL,0,1,,,,79.4,Sweeper
FF,2026-07-29,"Hughes, Gabriel",,ball,R,R,SD,COL,1,0,,,,94.1,4-Seam Fastball
FF,2026-07-29,"Lopez, Jacob",,called_strike,R,L,ATH,BOS,0,0,,,,89.1,4-Seam Fastball
CH,2026-07-29,"Gore, MacKenzie",,ball,R,L,TB,TEX,0,2,,,,86.4,Changeup
CH,2026-07-29,"Rogers, Trevor",,called_strike,R,L,DET,BAL,0,0,,,,87.6,Changeup
ST,2026-07-29,"Scott, Christian",,foul,R,R,NYM,ATL,0,0,388,111.8,26,80.7,Sweeper
SI,2026-07-29,"Wesneski, Hayden",,swinging_strike,R,R,LAA,HOU,2,1,,,,95.3,Sinker
FF,2026-07-29,"Lopez, Jacob",strikeout,swinging_strike,R,L,ATH,BOS,1,2,,,,90.2,4-Seam Fastball
FS,2026-07-29,"Scott, Christian",field_out,hit_into_play,L,R,NYM,ATL,2,2,2,71.6,-51,87.6,Split-Finger
ST,2026-07-29,"Wesneski, Hayden",,called_strike,R,R,LAA,HOU,2,0,,,,81.2,Sweeper
SI,2026-07-29,"Hughes, Gabriel",,ball,R,R,SD,COL,0,0,,,,93.8,Sinker
CH,2026-07-29,"Rogers, Trevor",single,hit_into_play,R,L,DET,BAL,0,0,64,98.5,2,86.1,Changeup
CH,2026-07-29,"Gore, MacKenzie",,swinging_strike,R,L,TB,TEX,0,1,,,,84.8,Changeup
FF,2026-07-29,"Hughes, Gabriel",field_out,hit_into_play,R,R,SD,COL,0,0,329,97.1,20,93.8,4-Seam Fastball
FF,2026-07-29,"Lopez, Jacob",,ball,R,L,ATH,BOS,0,2,,,,91.2,4-Seam Fastball
ST,2026-07-29,"Wesneski, Hayden",,ball,R,R,LAA,HOU,1,0,,,,80,Sweeper
FF,2026-07-29,"Rogers, Trevor",double,hit_into_play,R,L,DET,BAL,0,2,134,98.8,8,94.2,4-Seam Fastball
CU,2026-07-29,"Scott, Christian",,ball,L,R,NYM,ATL,1,2,,,,81.6,Curveball
CU,2026-07-29,"Gore, MacKenzie",,called_strike,R,L,TB,TEX,0,0,,,,81.4,Curveball
CH,2026-07-29,"Hughes, Gabriel",strikeout,swinging_strike,R,R,SD,COL,0,2,,,,88.4,Changeup
FC,2026-07-29,"Wesneski, Hayden",,ball,R,R,LAA,HOU,0,0,,,,89.7,Cutter
CH,2026-07-29,"Rogers, Trevor",,foul,R,L,DET,BAL,0,2,150,59.2,50,88.4,Changeup
SI,2026-07-29,"Gore, MacKenzie",strikeout,swinging_strike,L,L,TB,TEX,2,2,,,,96.4,Sinker
SL,2026-07-29,"Lopez, Jacob",,swinging_strike,R,L,ATH,BOS,0,1,,,,75.6,Slider
FF,2026-07-29,"Scott, Christian",,foul,L,R,NYM,ATL,1,2,227,80.1,52,96.9,4-Seam Fastball
FC,2026-07-29,"Lopez, Jacob",,called_strike,R,L,ATH,BOS,0,0,,,,86.2,Cutter
FF,2026-07-29,"Hughes, Gabriel",,foul,R,R,SD,COL,0,2,166,74.7,16,93,4-Seam Fastball
SL,2026-07-29,"Gore, MacKenzie",,foul,L,L,TB,TEX,2,2,1,55.2,-42,87.5,Slider
FC,2026-07-29,"Scott, Christian",,ball,L,R,NYM,ATL,0,2,,,,92.6,Cutter
FF,2026-07-29,"Rogers, Trevor",,foul,R,L,DET,BAL,0,1,193,77.7,60,94,4-Seam Fastball
ST,2026-07-29,"Wesneski, Hayden",walk,ball,L,R,LAA,HOU,3,2,,,,80.6,Sweeper
FF,2026-07-29,"Hughes, Gabriel",,called_strike,R,R,SD,COL,0,1,,,,92.6,4-Seam Fastball
FS,2026-07-29,"Scott, Christian",,foul,L,R,NYM,ATL,0,1,170,69.9,34,86.8,Split-Finger
SL,2026-07-29,"Gore, MacKenzie",,ball,L,L,TB,TEX,1,2,,,,86.8,Slider
CH,2026-07-29,"Rogers, Trevor",,called_strike,R,L,DET,BAL,0,0,,,,86.6,Changeup
SL,2026-07-29,"Lopez, Jacob",field_out,hit_into_play,R,L,ATH,BOS,0,1,71,60.8,73,76.4,Slider
FF,2026-07-29,"Hughes, Gabriel",,called_strike,R,R,SD,COL,0,0,,,,91.6,4-Seam Fastball
FF,2026-07-29,"Rogers, Trevor",single,hit_into_play,R,L,DET,BAL,1,1,88,103.2,4,93.6,4-Seam Fastball
FC,2026-07-29,"Lopez, Jacob",,called_strike,R,L,ATH,BOS,0,0,,,,85.6,Cutter
FF,2026-07-29,"Scott, Christian",,called_strike,L,R,NYM,ATL,0,0,,,,95.7,4-Seam Fastball
SL,2026-07-29,"Gore, MacKenzie",,ball,L,L,TB,TEX,0,2,,,,86.6,Slider
FF,2026-07-29,"Wesneski, Hayden",,foul,L,R,LAA,HOU,3,2,180,81,67,94.4,4-Seam Fastball
FF,2026-07-29,"Gore, MacKenzie",,foul,L,L,TB,TEX,0,1,178,67.4,38,95.7,4-Seam Fastball
FF,2026-07-29,"Lopez, Jacob",walk,ball,R,L,ATH,BOS,3,2,,,,91.4,4-Seam Fastball
FF,2026-07-29,"Hughes, Gabriel",field_out,hit_into_play,L,R,SD,COL,3,2,214,85.7,57,93.8,4-Seam Fastball
FC,2026-07-29,"Wesneski, Hayden",,foul,L,R,LAA,HOU,3,2,378,105.1,39,88.9,Cutter
CH,2026-07-29,"Rogers, Trevor",,ball,R,L,DET,BAL,0,1,,,,86.9,Changeup
FF,2026-07-29,"Scott, Christian",field_out,hit_into_play,L,R,NYM,ATL,0,0,121,95.7,5,96.3,4-Seam Fastball
ST,2026-07-29,"Wesneski, Hayden",,ball,L,R,LAA,HOU,2,2,,,,81.1,Sweeper
FF,2026-07-29,"Hughes, Gabriel",,foul,L,R,SD,COL,3,2,4,95.8,-25,94,4-Seam Fastball
FC,2026-07-29,"Lopez, Jacob",,foul,R,L,ATH,BOS,3,1,122,75.5,10,89.3,Cutter
FF,2026-07-29,"Gore, MacKenzie",,called_strike,L,L,TB,TEX,0,0,,,,96.6,4-Seam Fastball
FF,2026-07-29,"Rogers, Trevor",,foul,R,L,DET,BAL,0,0,370,99,31,91.9,4-Seam Fastball
FF,2026-07-29,"Scott, Christian",strikeout,called_strike,R,R,NYM,ATL,1,2,,,,96.8,4-Seam Fastball
CH,2026-07-29,"Lopez, Jacob",,ball,R,L,ATH,BOS,2,1,,,,82.3,Changeup
CH,2026-07-29,"Rogers, Trevor",strikeout,swinging_strike,R,L,DET,BAL,2,2,,,,86.5,Changeup
CH,2026-07-29,"Hughes, Gabriel",,ball,L,R,SD,COL,2,2,,,,88.6,Changeup
ST,2026-07-29,"Wesneski, Hayden",,ball,L,R,LAA,HOU,1,2,,,,81.8,Sweeper
CU,2026-07-29,"Gore, MacKenzie",field_out,hit_into_play,R,L,TB,TEX,2,2,4,89.1,-28,81.8,Curveball
FF,2026-07-29,"Scott, Christian",,called_strike,R,R,NYM,ATL,1,1,,,,95.5,4-Seam Fastball
CU,2026-07-29,"Hughes, Gabriel",,ball,L,R,SD,COL,1,2,,,,77.9,Curveball
ST,2026-07-29,"Rogers, Trevor",,ball,R,L,DET,BAL,1,2,,,,77.7,Sweeper
CH,2026-07-29,"Gore, MacKenzie",,ball,R,L,TB,TEX,1,2,,,,87.2,Changeup
FF,2026-07-29,"Wesneski, Hayden",,ball,L,R,LAA,HOU,0,2,,,,95.1,4-Seam Fastball
FC,2026-07-29,"Lopez, Jacob",,called_strike,R,L,ATH,BOS,2,0,,,,87.4,Cutter
FF,2026-07-29,"Scott, Christian",,swinging_strike,R,R,NYM,ATL,1,0,,,,94.6,4-Seam Fastball
FF,2026-07-29,"Scott, Christian",,ball,R,R,NYM,ATL,0,0,,,,94.4,4-Seam Fastball
SL,2026-07-29,"Hughes, Gabriel",,foul,L,R,SD,COL,1,2,185,68.4,51,86.5,Slider
CH,2026-07-29,"Rogers, Trevor",,ball,R,L,DET,BAL,0,2,,,,85.5,Changeup
FF,2026-07-29,"Wesneski, Hayden",,called_strike,L,R,LAA,HOU,0,1,,,,94.4,4-Seam Fastball
FC,2026-07-29,"Lopez, Jacob",,ball,R,L,ATH,BOS,1,0,,,,88.3,Cutter
FF,2026-07-29,"Gore, MacKenzie",,foul,R,L,TB,TEX,1,2,237,81.8,54,96.6,4-Seam Fastball
FF,2026-07-29,"Scott, Christian",strikeout,swinging_strike,L,R,NYM,ATL,1,2,,,,97.2,4-Seam Fastball
SL,2026-07-29,"Lopez, Jacob",,ball,R,L,ATH,BOS,0,0,,,,77.9,Slider
FF,2026-07-29,"Hughes, Gabriel",,foul,L,R,SD,COL,1,1,192,82.8,68,94,4-Seam Fastball
FF,2026-07-29,"Wesneski, Hayden",,called_strike,L,R,LAA,HOU,0,0,,,,92.6,4-Seam Fastball
FF,2026-07-29,"Gore, MacKenzie",,foul,R,L,TB,TEX,1,2,187,78.2,62,96.3,4-Seam Fastball
CH,2026-07-29,"Rogers, Trevor",,swinging_strike,R,L,DET,BAL,0,1,,,,85.2,Changeup
FF,2026-07-29,"Lopez, Jacob",field_out,hit_into_play,L,L,ATH,BOS,3,2,168,89.5,66,91.5,4-Seam Fastball
CH,2026-07-29,"Rogers, Trevor",,swinging_strike,R,L,DET,BAL,0,0,,,,86,Changeup
FF,2026-07-29,"Hughes, Gabriel",,called_strike,L,R,SD,COL,1,0,,,,93,4-Seam Fastball
SI,2026-07-29,"Wesneski, Hayden",grounded_into_double_play,hit_into_play,R,R,LAA,HOU,0,0,36,101.8,-2,94,Sinker
FF,2026-07-29,"Scott, Christian",,swinging_strike,L,R,NYM,ATL,1,1,,,,95.7,4-Seam Fastball
CU,2026-07-29,"Gore, MacKenzie",,swinging_strike,R,L,TB,TEX,1,1,,,,83.6,Curveball
ST,2026-07-29,"Scott, Christian",,called_strike,L,R,NYM,ATL,1,0,,,,81.7,Sweeper
FF,2026-07-29,"Gore, MacKenzie",,foul,R,L,TB,TEX,1,0,148,65.7,63,96.9,4-Seam Fastball
FF,2026-07-29,"Rogers, Trevor",field_out,hit_into_play,L,L,DET,BAL,2,2,9,65.7,-15,95.3,4-Seam Fastball
ST,2026-07-29,"Wesneski, Hayden",single,hit_into_play,L,R,LAA,HOU,0,1,159,84.5,12,80.6,Sweeper
FC,2026-07-29,"Lopez, Jacob",,ball,L,L,ATH,BOS,2,2,,,,86.5,Cutter
CU,2026-07-29,"Hughes, Gabriel",,ball,L,R,SD,COL,0,0,,,,77.3,Curveball
FF,2026-07-29,"Scott, Christian",,ball,L,R,NYM,ATL,0,0,,,,95.4,4-Seam Fastball
FF,2026-07-29,"Hughes, Gabriel",field_out,hit_into_play,L,R,SD,COL,1,2,5,73.8,-29,93.5,4-Seam Fastball
ST,2026-07-29,"Wesneski, Hayden",,called_strike,L,R,LAA,HOU,0,0,,,,80.4,Sweeper
FF,2026-07-29,"Gore, MacKenzie",,ball,R,L,TB,TEX,0,0,,,,96.6,4-Seam Fastball
FF,2026-07-29,"Lopez, Jacob",,ball,L,L,ATH,BOS,1,2,,,,91,4-Seam Fastball
SI,2026-07-29,"Rogers, Trevor",,ball,L,L,DET,BAL,1,2,,,,95.1,Sinker
SI,2026-07-29,"Wesneski, Hayden",single,hit_into_play,R,R,LAA,HOU,3,2,2,102.8,-33,95.8,Sinker
FC,2026-07-29,"Scott, Christian",field_out,hit_into_play,R,R,NYM,ATL,2,1,16,99.1,-9,90.2,Cutter
ST,2026-07-29,"Rogers, Trevor",,foul,L,L,DET,BAL,1,2,179,75.2,65,78.5,Sweeper
CH,2026-07-29,"Gore, MacKenzie",home_run,hit_into_play,R,L,TB,TEX,1,1,420,107.8,32,86.8,Changeup
SL,2026-07-29,"Lopez, Jacob",,foul,L,L,ATH,BOS,1,1,150,63.8,60,76.6,Slider
CU,2026-07-29,"Hughes, Gabriel",,foul,L,R,SD,COL,1,2,,,,78.7,Curveball
FF,2026-07-29,"Gore, MacKenzie",,ball,R,L,TB,TEX,0,1,,,,96.7,4-Seam Fastball
FF,2026-07-29,"Lopez, Jacob",,called_strike,L,L,ATH,BOS,1,0,,,,90.5,4-Seam Fastball
ST,2026-07-29,"Wesneski, Hayden",,ball,R,R,LAA,HOU,2,2,,,,84.3,Sweeper
FF,2026-07-29,"Scott, Christian",,ball,R,R,NYM,ATL,1,1,,,,96.1,4-Seam Fastball
FF,2026-07-29,"Hughes, Gabriel",,ball,L,R,SD,COL,0,2,,,,92.7,4-Seam Fastball
FF,2026-07-29,"Rogers, Trevor",,foul,L,L,DET,BAL,1,2,214,72.7,42,94.3,4-Seam Fastball
ST,2026-07-29,"Wesneski, Hayden",,foul,R,R,LAA,HOU,2,1,5,88.3,-33,81.9,Sweeper
FF,2026-07-29,"Gore, MacKenzie",,foul,R,L,TB,TEX,0,0,128,80.4,9,96,4-Seam Fastball
CH,2026-07-29,"Hughes, Gabriel",,swinging_strike,L,R,SD,COL,0,1,,,,85.6,Changeup
FF,2026-07-29,"Scott, Christian",,foul,R,R,NYM,ATL,1,0,225,82.9,17,96.7,4-Seam Fastball
ST,2026-07-29,"Rogers, Trevor",,swinging_strike,L,L,DET,BAL,1,1,,,,78.1,Sweeper
FF,2026-07-29,"Lopez, Jacob",,ball,L,L,ATH,BOS,0,0,,,,90.1,4-Seam Fastball
CH,2026-07-29,"Gore, MacKenzie",strikeout,foul_tip,R,L,TB,TEX,1,2,,,,87,Changeup
FF,2026-07-29,"Scott, Christian",,ball,R,R,NYM,ATL,0,0,,,,95.3,4-Seam Fastball
ST,2026-07-29,"Rogers, Trevor",,ball,L,L,DET,BAL,0,1,,,,78.3,Sweeper
FC,2026-07-29,"Lopez, Jacob",strikeout,swinging_strike,R,L,ATH,BOS,3,2,,,,85.7,Cutter
ST,2026-07-29,"Wesneski, Hayden",,ball,R,R,LAA,HOU,1,1,,,,81,Sweeper
FF,2026-07-29,"Hughes, Gabriel",,called_strike,L,R,SD,COL,0,0,,,,93.4,4-Seam Fastball
CU,2026-07-29,"Gore, MacKenzie",,foul,R,L,TB,TEX,1,2,5,88.9,-23,81.7,Curveball
FC,2026-07-29,"Rogers, Trevor",,called_strike,L,L,DET,BAL,0,0,,,,83.2,Cutter
FF,2026-07-29,"Scott, Christian",field_out,hit_into_play,L,R,NYM,ATL,0,0,167,97.5,66,95.3,4-Seam Fastball
SI,2026-07-29,"Wesneski, Hayden",,ball,R,R,LAA,HOU,0,1,,,,95.6,Sinker
FF,2026-07-29,"Lopez, Jacob",,foul,R,L,ATH,BOS,3,2,227,74,55,92.1,4-Seam Fastball
FF,2026-07-29,"Hughes, Gabriel",field_out,hit_into_play,L,R,SD,COL,0,0,393,103.5,33,92.6,4-Seam Fastball
ST,2026-07-29,"Wesneski, Hayden",,called_strike,R,R,LAA,HOU,0,0,,,,81.6,Sweeper
FF,2026-07-29,"Hughes, Gabriel",field_out,hit_into_play,R,R,SD,COL,0,0,290,87.7,35,92.4,4-Seam Fastball
CU,2026-07-29,"Scott, Christian",field_out,hit_into_play,L,R,NYM,ATL,0,2,53,100,1,82.8,Curveball
FF,2026-07-29,"Rogers, Trevor",field_out,hit_into_play,R,L,DET,BAL,0,2,40,93.2,-1,93.9,4-Seam Fastball
FF,2026-07-29,"Gore, MacKenzie",,foul,R,L,TB,TEX,1,2,181,73.6,59,95.5,4-Seam Fastball
FC,2026-07-29,"Lopez, Jacob",,ball,R,L,ATH,BOS,2,2,,,,90.1,Cutter
FF,2026-07-29,"Scott, Christian",,foul,L,R,NYM,ATL,0,2,266,78.6,38,98,4-Seam Fastball
FC,2026-07-29,"Lopez, Jacob",,swinging_strike,R,L,ATH,BOS,2,1,,,,88.8,Cutter
SL,2026-07-29,"Hughes, Gabriel",strikeout,swinging_strike,R,R,SD,COL,0,2,,,,87.2,Slider
CH,2026-07-29,"Rogers, Trevor",,foul,R,L,DET,BAL,0,1,5,94.2,-21,86.5,Changeup
SI,2026-07-29,"Wesneski, Hayden",double,hit_into_play,R,R,LAA,HOU,2,0,162,108.2,9,95.7,Sinker
FF,2026-07-29,"Gore, MacKenzie",,foul,R,L,TB,TEX,1,1,303,92.2,42,96.6,4-Seam Fastball
FF,2026-07-29,"Hughes, Gabriel",,foul,R,R,SD,COL,0,2,209,72.2,43,94,4-Seam Fastball
CH,2026-07-29,"Gore, MacKenzie",,called_strike,R,L,TB,TEX,1,0,,,,85.9,Changeup
SI,2026-07-29,"Wesneski, Hayden",,ball,R,R,LAA,HOU,1,0,,,,94.5,Sinker
FF,2026-07-29,"Rogers, Trevor",,called_strike,R,L,DET,BAL,0,0,,,,92.9,4-Seam Fastball
CH,2026-07-29,"Lopez, Jacob",,ball,R,L,ATH,BOS,1,1,,,,80.7,Changeup
FF,2026-07-29,"Scott, Christian",,foul,L,R,NYM,ATL,0,2,198,70.8,33,97.7,4-Seam Fastball
FC,2026-07-29,"Scott, Christian",,swinging_strike,L,R,NYM,ATL,0,1,,,,92.8,Cutter
ST,2026-07-29,"Wesneski, Hayden",,ball,R,R,LAA,HOU,0,0,,,,82.7,Sweeper
FF,2026-07-29,"Rogers, Trevor",strikeout,swinging_strike,R,L,DET,BAL,1,2,,,,95,4-Seam Fastball
FC,2026-07-29,"Lopez, Jacob",,foul,R,L,ATH,BOS,1,0,229,80,53,87.1,Cutter
CU,2026-07-29,"Gore, MacKenzie",,ball,R,L,TB,TEX,0,0,,,,83,Curveball
FF,2026-07-29,"Hughes, Gabriel",,swinging_strike,R,R,SD,COL,0,1,,,,91.8,4-Seam Fastball
FF,2026-07-29,"Lopez, Jacob",,ball,R,L,ATH,BOS,0,0,,,,89,4-Seam Fastball
ST,2026-07-29,"Scott, Christian",,called_strike,L,R,NYM,ATL,0,0,,,,82.5,Sweeper
ST,2026-07-29,"Hughes, Gabriel",,swinging_strike,R,R,SD,COL,0,0,,,,84.8,Sweeper
FC,2026-07-29,"Gore, MacKenzie",double,hit_into_play,L,L,TB,TEX,2,2,391,101.5,27,88.4,Cutter
CH,2026-07-29,"Rogers, Trevor",,ball,R,L,DET,BAL,0,2,,,,87.7,Changeup
FC,2026-07-29,"Wesneski, Hayden",field_out,hit_into_play,L,R,LAA,HOU,0,0,146,104.6,8,90.8,Cutter
FF,2026-07-29,"Hughes, Gabriel",field_out,hit_into_play,L,R,SD,COL,1,1,128,69.6,13,92.7,4-Seam Fastball
FF,2026-07-29,"Gore, MacKenzie",,foul,L,L,TB,TEX,2,2,223,75.9,36,96,4-Seam Fastball
SI,2026-07-29,"Wesneski, Hayden",double,hit_into_play,R,R,LAA,HOU,0,0,206,66.9,48,93.3,Sinker
FF,2026-07-29,"Lopez, Jacob",walk,ball,R,L,ATH,BOS,3,2,,,,92.1,4-Seam Fastball
CH,2026-07-29,"Rogers, Trevor",,foul,R,L,DET,BAL,0,1,2,75.9,-45,85.2,Changeup
FF,2026-07-29,"Scott, Christian",strikeout,swinging_strike,L,R,NYM,ATL,0,2,,,,96.7,4-Seam Fastball
SL,2026-07-29,"Lopez, Jacob",,ball,R,L,ATH,BOS,2,2,,,,80.1,Slider
FF,2026-07-29,"Scott, Christian",,swinging_strike,L,R,NYM,ATL,0,1,,,,96.4,4-Seam Fastball
FF,2026-07-29,"Rogers, Trevor",,called_strike,R,L,DET,BAL,0,0,,,,92.9,4-Seam Fastball
FF,2026-07-29,"Wesneski, Hayden",walk,ball,R,R,LAA,HOU,3,1,,,,93.6,4-Seam Fastball
FF,2026-07-29,"Gore, MacKenzie",,foul,L,L,TB,TEX,2,1,228,79.6,42,95.4,4-Seam Fastball
CH,2026-07-29,"Hughes, Gabriel",,swinging_strike,L,R,SD,COL,1,0,,,,86,Changeup
ST,2026-07-29,"Rogers, Trevor",field_out,hit_into_play,L,L,DET,BAL,0,2,30,56.6,-1,78.7,Sweeper
SI,2026-07-29,"Gore, MacKenzie",,ball,L,L,TB,TEX,1,1,,,,95.7,Sinker
FF,2026-07-29,"Hughes, Gabriel",,ball,L,R,SD,COL,0,0,,,,90.7,4-Seam Fastball
SL,2026-07-29,"Lopez, Jacob",,swinging_strike,R,L,ATH,BOS,2,1,,,,78.7,Slider
FC,2026-07-29,"Wesneski, Hayden",,ball,R,R,LAA,HOU,2,1,,,,88.8,Cutter
FF,2026-07-29,"Scott, Christian",,swinging_strike,L,R,NYM,ATL,0,0,,,,95.9,4-Seam Fastball
FC,2026-07-29,"Gore, MacKenzie",,ball,L,L,TB,TEX,0,1,,,,86.1,Cutter
FC,2026-07-29,"Lopez, Jacob",,ball,R,L,ATH,BOS,1,1,,,,88.8,Cutter
ST,2026-07-29,"Hughes, Gabriel",double,hit_into_play,R,R,SD,COL,1,1,245,109,14,85,Sweeper
FF,2026-07-29,"Rogers, Trevor",,called_strike,L,L,DET,BAL,0,1,,,,95.2,4-Seam Fastball
FF,2026-07-29,"Scott, Christian",field_out,hit_into_play,R,R,NYM,ATL,0,1,319,96.8,44,95.8,4-Seam Fastball
FC,2026-07-29,"Wesneski, Hayden",,ball,R,R,LAA,HOU,1,1,,,,87,Cutter
SL,2026-07-29,"Lopez, Jacob",,called_strike,R,L,ATH,BOS,1,0,,,,78,Slider
FF,2026-07-29,"Scott, Christian",,called_strike,R,R,NYM,ATL,0,0,,,,95.7,4-Seam Fastball
FF,2026-07-29,"Rogers, Trevor",,called_strike,L,L,DET,BAL,0,0,,,,93.6,4-Seam Fastball
SI,2026-07-29,"Wesneski, Hayden",,foul,R,R,LAA,HOU,1,0,2,71.4,-38,92.5,Sinker
FF,2026-07-29,"Gore, MacKenzie",,called_strike,L,L,TB,TEX,0,0,,,,95.7,4-Seam Fastball
FF,2026-07-29,"Hughes, Gabriel",,ball,R,R,SD,COL,0,1,,,,92.5,4-Seam Fastball
FF,2026-07-29,"Lopez, Jacob",,ball,R,L,ATH,BOS,0,0,,,,91.6,4-Seam Fastball
FF,2026-07-29,"Rogers, Trevor",field_out,hit_into_play,R,L,DET,BAL,0,0,360,97.7,30,92.5,4-Seam Fastball
SI,2026-07-29,"Wesneski, Hayden",,ball,R,R,LAA,HOU,0,0,,,,91,Sinker
FF,2026-07-29,"Gore, MacKenzie",home_run,hit_into_play,R,L,TB,TEX,0,0,372,99.1,31,94.7,4-Seam Fastball
FF,2026-07-29,"Scott, Christian",single,hit_into_play,L,R,NYM,ATL,0,0,214,93.4,13,94.8,4-Seam Fastball
FF,2026-07-29,"Hughes, Gabriel",,called_strike,R,R,SD,COL,0,0,,,,92.1,4-Seam Fastball
FF,2026-07-28,"Henderson, Logan",field_out,hit_into_play,R,R,SF,MIL,0,1,64,75.4,4,92.9,4-Seam Fastball
CH,2026-07-28,"Henderson, Logan",,called_strike,R,R,SF,MIL,0,0,,,,83.3,Changeup
CH,2026-07-28,"Henderson, Logan",strikeout,swinging_strike,L,R,SF,MIL,1,2,,,,82.4,Changeup
FF,2026-07-28,"Henderson, Logan",,foul,L,R,SF,MIL,1,2,259,91.2,51,92.2,4-Seam Fastball
FF,2026-07-28,"Henderson, Logan",,foul,L,R,SF,MIL,1,2,230,72,31,92.2,4-Seam Fastball
FF,2026-07-28,"Henderson, Logan",,foul,L,R,SF,MIL,1,1,212,73.7,51,90.7,4-Seam Fastball
CH,2026-07-28,"Henderson, Logan",,foul,L,R,SF,MIL,1,0,206,65,33,81.2,Changeup
FC,2026-07-28,"Henderson, Logan",,ball,L,R,SF,MIL,0,0,,,,88.3,Cutter
FF,2026-07-28,"Henderson, Logan",field_out,hit_into_play,L,R,SF,MIL,0,1,12,92.9,-11,91.6,4-Seam Fastball
FC,2026-07-28,"Henderson, Logan",,called_strike,L,R,SF,MIL,0,0,,,,86.9,Cutter
SL,2026-07-28,"Detmers, Reid",strikeout,swinging_strike,L,L,LAA,HOU,3,2,,,,86.3,Slider
FF,2026-07-28,"Henderson, Logan",strikeout,swinging_strike,R,R,SF,MIL,1,2,,,,91.7,4-Seam Fastball
FF,2026-07-28,"Detmers, Reid",,foul,L,L,LAA,HOU,3,2,205,75.7,57,93.7,4-Seam Fastball
FF,2026-07-28,"Detmers, Reid",,ball,L,L,LAA,HOU,2,2,,,,95.6,4-Seam Fastball
FF,2026-07-28,"Henderson, Logan",,ball,R,R,SF,MIL,0,2,,,,93.8,4-Seam Fastball
SI,2026-07-28,"Kremer, Dean",field_out,hit_into_play,L,R,DET,BAL,1,0,51,89.4,79,92.6,Sinker
FF,2026-07-28,"Detmers, Reid",,called_strike,L,L,LAA,HOU,2,1,,,,93.7,4-Seam Fastball
FF,2026-07-28,"Henderson, Logan",,swinging_strike,R,R,SF,MIL,0,1,,,,92.8,4-Seam Fastball
FF,2026-07-28,"Detmers, Reid",,foul,L,L,LAA,HOU,2,0,248,75.2,34,94.3,4-Seam Fastball
FC,2026-07-28,"Kremer, Dean",,ball,L,R,DET,BAL,0,0,,,,88.5,Cutter
FF,2026-07-28,"Henderson, Logan",,swinging_strike,R,R,SF,MIL,0,0,,,,92.5,4-Seam Fastball
SL,2026-07-28,"Detmers, Reid",,ball,L,L,LAA,HOU,1,0,,,,88,Slider
FF,2026-07-28,"Henderson, Logan",walk,ball,L,R,SF,MIL,3,1,,,,91,4-Seam Fastball
FC,2026-07-28,"Kremer, Dean",strikeout,swinging_strike,R,R,DET,BAL,2,2,,,,87.3,Cutter
FF,2026-07-28,"Henderson, Logan",,ball,L,R,SF,MIL,2,1,,,,91.9,4-Seam Fastball
FS,2026-07-28,"Kremer, Dean",,ball,R,R,DET,BAL,1,2,,,,82.6,Split-Finger
SL,2026-07-28,"Detmers, Reid",,ball,L,L,LAA,HOU,0,0,,,,86.9,Slider
FF,2026-07-28,"Detmers, Reid",strikeout,swinging_strike,R,L,LAA,HOU,1,2,,,,95.3,4-Seam Fastball
FF,2026-07-28,"Henderson, Logan",,ball,L,R,SF,MIL,1,1,,,,91.9,4-Seam Fastball
FC,2026-07-28,"Kremer, Dean",,ball,R,R,DET,BAL,0,2,,,,87.3,Cutter
FS,2026-07-28,"Kremer, Dean",,foul,R,R,DET,BAL,0,1,,,,82.5,Split-Finger
CH,2026-07-28,"Henderson, Logan",,ball,L,R,SF,MIL,0,1,,,,83.9,Changeup
CH,2026-07-28,"Detmers, Reid",,swinging_strike,R,L,LAA,HOU,1,1,,,,82.8,Changeup
SL,2026-07-28,"Detmers, Reid",,ball,R,L,LAA,HOU,0,1,,,,85.9,Slider
FC,2026-07-28,"Kremer, Dean",,foul,R,R,DET,BAL,0,0,,,,87.9,Cutter
FF,2026-07-28,"Henderson, Logan",,foul_tip,L,R,SF,MIL,0,0,,,,89.9,4-Seam Fastball
FF,2026-07-28,"Henderson, Logan",strikeout,swinging_strike,L,R,SF,MIL,3,2,,,,92,4-Seam Fastball
CH,2026-07-28,"Detmers, Reid",,swinging_strike,R,L,LAA,HOU,0,0,,,,82.5,Changeup
CU,2026-07-28,"Kremer, Dean",field_out,hit_into_play,L,R,DET,BAL,0,1,329,103.8,47,76.1,Curveball
CU,2026-07-28,"Detmers, Reid",walk,blocked_ball,R,L,LAA,HOU,3,2,,,,71.5,Curveball
ST,2026-07-28,"Henderson, Logan",,ball,L,R,SF,MIL,2,2,,,,80.7,Sweeper
FF,2026-07-28,"Kremer, Dean",,called_strike,L,R,DET,BAL,0,0,,,,92,4-Seam Fastball
SL,2026-07-28,"Detmers, Reid",,ball,R,L,LAA,HOU,2,2,,,,87.4,Slider
FF,2026-07-28,"Henderson, Logan",,ball,L,R,SF,MIL,1,2,,,,91.1,4-Seam Fastball
FC,2026-07-28,"Kremer, Dean",home_run,hit_into_play,R,R,DET,BAL,3,2,402,96.2,34,86.7,Cutter
SL,2026-07-28,"Detmers, Reid",,swinging_strike,R,L,LAA,HOU,2,1,,,,87.8,Slider
FC,2026-07-28,"Kremer, Dean",,blocked_ball,R,R,DET,BAL,2,2,,,,85.8,Cutter
CH,2026-07-28,"Henderson, Logan",,called_strike,L,R,SF,MIL,1,1,,,,81,Changeup
CU,2026-07-28,"Detmers, Reid",,ball,R,L,LAA,HOU,1,1,,,,72.1,Curveball
FS,2026-07-28,"Kremer, Dean",,ball,R,R,DET,BAL,1,2,,,,83.2,Split-Finger
CH,2026-07-28,"Henderson, Logan",,ball,L,R,SF,MIL,0,1,,,,81,Changeup
FF,2026-07-28,"Detmers, Reid",,ball,R,L,LAA,HOU,0,1,,,,95.3,4-Seam Fastball
FC,2026-07-28,"Henderson, Logan",,called_strike,L,R,SF,MIL,0,0,,,,85.1,Cutter
FS,2026-07-28,"Kremer, Dean",,ball,R,R,DET,BAL,0,2,,,,83.1,Split-Finger
FF,2026-07-28,"Kremer, Dean",,foul,R,R,DET,BAL,0,1,219,75.5,47,92.6,4-Seam Fastball
FF,2026-07-28,"Detmers, Reid",,called_strike,R,L,LAA,HOU,0,0,,,,95,4-Seam Fastball
FF,2026-07-28,"Henderson, Logan",field_out,hit_into_play,R,R,SF,MIL,1,2,177,74.3,59,93.8,4-Seam Fastball
SL,2026-07-28,"Detmers, Reid",strikeout,swinging_strike,R,L,LAA,HOU,1,2,,,,86.4,Slider
CH,2026-07-28,"Henderson, Logan",,foul,R,R,SF,MIL,1,2,213,67.4,48,83.3,Changeup
FC,2026-07-28,"Kremer, Dean",,called_strike,R,R,DET,BAL,0,0,,,,86.1,Cutter
SL,2026-07-28,"Detmers, Reid",,swinging_strike,R,L,LAA,HOU,1,1,,,,86.4,Slider
CH,2026-07-28,"Henderson, Logan",,foul,R,R,SF,MIL,1,1,4,73.2,-31,83.7,Changeup
SI,2026-07-28,"Kremer, Dean",walk,ball,L,R,DET,BAL,3,1,,,,92.2,Sinker
CH,2026-07-28,"Henderson, Logan",,ball,R,R,SF,MIL,0,1,,,,83.1,Changeup
FF,2026-07-28,"Kremer, Dean",,called_strike,L,R,DET,BAL,3,0,,,,92.3,4-Seam Fastball
CH,2026-07-28,"Detmers, Reid",,ball,R,L,LAA,HOU,0,1,,,,85.1,Changeup
FF,2026-07-28,"Henderson, Logan",,foul_tip,R,R,SF,MIL,0,0,,,,92.2,4-Seam Fastball
SI,2026-07-28,"Kremer, Dean",,ball,L,R,DET,BAL,2,0,,,,92.1,Sinker
CU,2026-07-28,"Detmers, Reid",,called_strike,R,L,LAA,HOU,0,0,,,,71.7,Curveball
FF,2026-07-28,"Detmers, Reid",field_out,hit_into_play,L,L,LAA,HOU,0,2,345,92.4,23,93.6,4-Seam Fastball
FF,2026-07-28,"Henderson, Logan",strikeout,swinging_strike,L,R,SF,MIL,1,2,,,,92.9,4-Seam Fastball
CU,2026-07-28,"Kremer, Dean",,ball,L,R,DET,BAL,1,0,,,,75.6,Curveball
CU,2026-07-28,"Kremer, Dean",,ball,L,R,DET,BAL,0,0,,,,76.1,Curveball
FC,2026-07-28,"Henderson, Logan",,swinging_strike,L,R,SF,MIL,1,1,,,,87,Cutter
FF,2026-07-28,"Detmers, Reid",,called_strike,L,L,LAA,HOU,0,1,,,,92.7,4-Seam Fastball
FF,2026-07-28,"Detmers, Reid",,swinging_strike,L,L,LAA,HOU,0,0,,,,92.5,4-Seam Fastball
FF,2026-07-28,"Henderson, Logan",,ball,L,R,SF,MIL,0,1,,,,91.6,4-Seam Fastball
FC,2026-07-28,"Kremer, Dean",field_out,hit_into_play,R,R,DET,BAL,1,0,278,92.9,47,87.5,Cutter
FF,2026-07-28,"Kremer, Dean",,ball,R,R,DET,BAL,0,0,,,,93.6,4-Seam Fastball
CH,2026-07-28,"Henderson, Logan",,called_strike,L,R,SF,MIL,0,0,,,,82.4,Changeup
SL,2026-07-28,"Detmers, Reid",force_out,hit_into_play,R,L,LAA,HOU,0,2,14,50,-9,85.7,Slider
FC,2026-07-28,"Henderson, Logan",field_error,hit_into_play,L,R,SF,MIL,3,2,16,94.2,-9,86.6,Cutter
CU,2026-07-28,"Detmers, Reid",,foul,R,L,LAA,HOU,0,2,,90.2,17,70.7,Curveball
FC,2026-07-28,"Kremer, Dean",single,hit_into_play,R,R,DET,BAL,1,1,24,102.9,-6,88.4,Cutter
FF,2026-07-28,"Detmers, Reid",,foul,R,L,LAA,HOU,0,1,174,76.1,16,92,4-Seam Fastball
FC,2026-07-28,"Kremer, Dean",,foul,R,R,DET,BAL,1,0,1,68.3,-69,87.3,Cutter
FF,2026-07-28,"Henderson, Logan",,ball,L,R,SF,MIL,2,2,,,,92.8,4-Seam Fastball
CU,2026-07-28,"Kremer, Dean",,ball,R,R,DET,BAL,0,0,,,,76.5,Curveball
FC,2026-07-28,"Henderson, Logan",,swinging_strike,L,R,SF,MIL,2,1,,,,89.1,Cutter
FF,2026-07-28,"Detmers, Reid",,called_strike,R,L,LAA,HOU,0,0,,,,93.2,4-Seam Fastball
FS,2026-07-28,"Kremer, Dean",field_out,hit_into_play,L,R,DET,BAL,0,0,43,70.1,2,82.8,Split-Finger
CH,2026-07-28,"Detmers, Reid",single,hit_into_play,R,L,LAA,HOU,0,0,201,92.4,11,83.3,Changeup
CH,2026-07-28,"Henderson, Logan",,foul,L,R,SF,MIL,2,0,272,91.7,22,82,Changeup
SL,2026-07-28,"Detmers, Reid",home_run,hit_into_play,R,L,LAA,HOU,0,1,411,108.4,28,85.2,Slider
FF,2026-07-28,"Henderson, Logan",,ball,L,R,SF,MIL,1,0,,,,91.2,4-Seam Fastball
FC,2026-07-28,"Kremer, Dean",field_out,hit_into_play,R,R,DET,BAL,3,1,8,57.1,-18,87.4,Cutter
CH,2026-07-28,"Henderson, Logan",,ball,L,R,SF,MIL,0,0,,,,82.4,Changeup
FF,2026-07-28,"Kremer, Dean",,ball,R,R,DET,BAL,2,1,,,,92.7,4-Seam Fastball
FF,2026-07-28,"Detmers, Reid",,called_strike,R,L,LAA,HOU,0,0,,,,93.7,4-Seam Fastball
FS,2026-07-28,"Kremer, Dean",,ball,R,R,DET,BAL,1,1,,,,82,Split-Finger
CH,2026-07-28,"Henderson, Logan",field_out,hit_into_play,R,R,SF,MIL,1,1,231,89.4,51,82,Changeup
FF,2026-07-28,"Detmers, Reid",field_out,hit_into_play,R,L,LAA,HOU,2,2,166,100,9,94.1,4-Seam Fastball
CU,2026-07-28,"Kremer, Dean",,swinging_strike,R,R,DET,BAL,1,0,,,,76,Curveball
FF,2026-07-28,"Henderson, Logan",,called_strike,R,R,SF,MIL,1,0,,,,90.2,4-Seam Fastball
CU,2026-07-28,"Detmers, Reid",,foul,R,L,LAA,HOU,2,2,431,96.4,19,70.8,Curveball
FC,2026-07-28,"Kremer, Dean",,ball,R,R,DET,BAL,0,0,,,,88,Cutter
FF,2026-07-28,"Henderson, Logan",,ball,R,R,SF,MIL,0,0,,,,89.1,4-Seam Fastball
CU,2026-07-28,"Detmers, Reid",,called_strike,R,L,LAA,HOU,2,1,,,,70.8,Curveball
FC,2026-07-28,"Henderson, Logan",field_out,hit_into_play,L,R,SF,MIL,0,1,59,106.5,1,89.7,Cutter
SI,2026-07-28,"Kremer, Dean",walk,ball,L,R,DET,BAL,3,1,,,,93,Sinker
SL,2026-07-28,"Detmers, Reid",,foul,R,L,LAA,HOU,2,0,6,70.7,-18,86.3,Slider
FF,2026-07-28,"Detmers, Reid",,ball,R,L,LAA,HOU,1,0,,,,93.5,4-Seam Fastball
FS,2026-07-28,"Kremer, Dean",,ball,L,R,DET,BAL,2,1,,,,82.1,Split-Finger
FF,2026-07-28,"Henderson, Logan",,foul,L,R,SF,MIL,0,0,162,86.4,74,92.6,4-Seam Fastball
FF,2026-07-28,"Henderson, Logan",field_out,hit_into_play,L,R,SF,MIL,0,2,288,82.9,37,93,4-Seam Fastball
SL,2026-07-28,"Detmers, Reid",,ball,R,L,LAA,HOU,0,0,,,,84.1,Slider
FC,2026-07-28,"Kremer, Dean",,ball,L,R,DET,BAL,1,1,,,,87.6,Cutter
FC,2026-07-28,"Henderson, Logan",,foul,L,R,SF,MIL,0,1,126,89,9,87.2,Cutter
FF,2026-07-28,"Detmers, Reid",field_out,hit_into_play,L,L,LAA,HOU,1,2,337,96.3,32,93.7,4-Seam Fastball
SI,2026-07-28,"Kremer, Dean",,called_strike,L,R,DET,BAL,1,0,,,,93,Sinker
CH,2026-07-28,"Henderson, Logan",,called_strike,L,R,SF,MIL,0,0,,,,80.7,Changeup
SI,2026-07-28,"Kremer, Dean",,ball,L,R,DET,BAL,0,0,,,,93,Sinker
SL,2026-07-28,"Detmers, Reid",,called_strike,L,L,LAA,HOU,1,1,,,,85,Slider
CU,2026-07-28,"Detmers, Reid",,ball,L,L,LAA,HOU,0,1,,,,71.7,Curveball
FS,2026-07-28,"Kremer, Dean",strikeout,swinging_strike,R,R,DET,BAL,1,2,,,,82.1,Split-Finger
FF,2026-07-28,"Henderson, Logan",field_out,hit_into_play,R,R,SF,MIL,1,0,124,50.7,50,90.3,4-Seam Fastball
FS,2026-07-28,"Kremer, Dean",,ball,R,R,DET,BAL,0,2,,,,81.8,Split-Finger
FF,2026-07-28,"Detmers, Reid",,foul,L,L,LAA,HOU,0,0,214,79.6,59,94.4,4-Seam Fastball
FF,2026-07-28,"Henderson, Logan",,ball,R,R,SF,MIL,0,0,,,,90.4,4-Seam Fastball
FC,2026-07-28,"Kremer, Dean",,foul,R,R,DET,BAL,0,1,4,79.5,-25,85.8,Cutter
SL,2026-07-28,"Detmers, Reid",strikeout,swinging_strike,R,L,LAA,HOU,2,2,,,,85,Slider
FF,2026-07-28,"Henderson, Logan",grounded_into_double_play,hit_into_play,L,R,SF,MIL,0,2,5,40.7,-31,93.8,4-Seam Fastball
SL,2026-07-28,"Detmers, Reid",,ball,R,L,LAA,HOU,1,2,,,,86.8,Slider
FF,2026-07-28,"Henderson, Logan",,foul,L,R,SF,MIL,0,1,,,,92.9,4-Seam Fastball
FC,2026-07-28,"Kremer, Dean",,called_strike,R,R,DET,BAL,0,0,,,,87.9,Cutter
FF,2026-07-28,"Detmers, Reid",,foul,R,L,LAA,HOU,1,1,233,73.3,31,94.5,4-Seam Fastball
FF,2026-07-28,"Henderson, Logan",,called_strike,L,R,SF,MIL,0,0,,,,92.3,4-Seam Fastball
FS,2026-07-28,"Kremer, Dean",field_out,hit_into_play,L,R,DET,BAL,1,1,158,74.3,16,81.8,Split-Finger
CH,2026-07-28,"Detmers, Reid",,ball,R,L,LAA,HOU,0,1,,,,85,Changeup
FS,2026-07-28,"Kremer, Dean",,ball,L,R,DET,BAL,0,1,,,,81.8,Split-Finger
FF,2026-07-28,"Henderson, Logan",walk,ball,L,R,SF,MIL,3,0,,,,91.6,4-Seam Fastball
CH,2026-07-28,"Detmers, Reid",,swinging_strike,R,L,LAA,HOU,0,0,,,,84.5,Changeup
CH,2026-07-28,"Henderson, Logan",,ball,L,R,SF,MIL,2,0,,,,81.4,Changeup
CU,2026-07-28,"Kremer, Dean",,foul,L,R,DET,BAL,0,0,31,80,-1,76.8,Curveball
SI,2026-07-28,"Kremer, Dean",double,hit_into_play,R,R,DET,BAL,0,0,251,95.2,16,92.4,Sinker
FF,2026-07-28,"Detmers, Reid",strikeout,swinging_strike,R,L,LAA,HOU,0,2,,,,94,4-Seam Fastball
CH,2026-07-28,"Henderson, Logan",,ball,L,R,SF,MIL,1,0,,,,82.9,Changeup
CH,2026-07-28,"Detmers, Reid",,foul,R,L,LAA,HOU,0,1,84,81.2,77,82.7,Changeup
FF,2026-07-28,"Henderson, Logan",,ball,L,R,SF,MIL,0,0,,,,92.9,4-Seam Fastball
FS,2026-07-28,"Kremer, Dean",single,hit_into_play,L,R,DET,BAL,1,0,227,71.6,28,82,Split-Finger
CU,2026-07-28,"Detmers, Reid",,called_strike,R,L,LAA,HOU,0,0,,,,70.6,Curveball
FF,2026-07-28,"Kremer, Dean",,ball,L,R,DET,BAL,0,0,,,,92.6,4-Seam Fastball
FF,2026-07-28,"Henderson, Logan",strikeout,swinging_strike,R,R,SF,MIL,0,2,,,,94.5,4-Seam Fastball
FF,2026-07-28,"Detmers, Reid",field_out,hit_into_play,R,L,LAA,HOU,1,0,353,102,42,93.9,4-Seam Fastball
FF,2026-07-28,"Henderson, Logan",,swinging_strike,R,R,SF,MIL,0,1,,,,91.9,4-Seam Fastball
SI,2026-07-28,"Kremer, Dean",single,hit_into_play,R,R,DET,BAL,2,0,238,97.8,13,92.6,Sinker
CH,2026-07-28,"Henderson, Logan",,called_strike,R,R,SF,MIL,0,0,,,,84.3,Changeup
CU,2026-07-28,"Detmers, Reid",,ball,R,L,LAA,HOU,0,0,,,,71.9,Curveball
FC,2026-07-28,"Kremer, Dean",,ball,R,R,DET,BAL,1,0,,,,86.7,Cutter
FC,2026-07-28,"Kremer, Dean",,ball,R,R,DET,BAL,0,0,,,,87.6,Cutter
FF,2026-07-28,"Detmers, Reid",strikeout,foul_tip,L,L,LAA,HOU,3,2,,,,94,4-Seam Fastball
FF,2026-07-28,"Henderson, Logan",strikeout,foul_tip,L,R,SF,MIL,2,2,,,,93.5,4-Seam Fastball
FF,2026-07-28,"Henderson, Logan",,foul,L,R,SF,MIL,2,2,194,72,56,93.3,4-Seam Fastball
SI,2026-07-28,"Kremer, Dean",home_run,hit_into_play,R,R,DET,BAL,1,0,416,105.7,30,91.8,Sinker
SL,2026-07-28,"Detmers, Reid",,blocked_ball,L,L,LAA,HOU,2,2,,,,86.2,Slider
FC,2026-07-28,"Kremer, Dean",,ball,R,R,DET,BAL,0,0,,,,86.4,Cutter
FF,2026-07-28,"Henderson, Logan",,ball,L,R,SF,MIL,1,2,,,,93.5,4-Seam Fastball
CU,2026-07-28,"Detmers, Reid",,swinging_strike,L,L,LAA,HOU,2,1,,,,72.6,Curveball
CH,2026-07-28,"Henderson, Logan",,ball,L,R,SF,MIL,0,2,,,,84.4,Changeup
FF,2026-07-28,"Detmers, Reid",,ball,L,L,LAA,HOU,1,1,,,,94.2,4-Seam Fastball
FS,2026-07-28,"Kremer, Dean",strikeout,swinging_strike,L,R,DET,BAL,0,2,,,,81.1,Split-Finger
CH,2026-07-28,"Henderson, Logan",,swinging_strike,L,R,SF,MIL,0,1,,,,83.4,Changeup
FS,2026-07-28,"Kremer, Dean",,swinging_strike,L,R,DET,BAL,0,1,,,,81.7,Split-Finger
SL,2026-07-28,"Detmers, Reid",,ball,L,L,LAA,HOU,0,1,,,,83.7,Slider
CU,2026-07-28,"Kremer, Dean",,called_strike,L,R,DET,BAL,0,0,,,,75.8,Curveball
FF,2026-07-28,"Detmers, Reid",,foul,L,L,LAA,HOU,0,0,198,75.1,21,92.9,4-Seam Fastball
FF,2026-07-28,"Henderson, Logan",,called_strike,L,R,SF,MIL,0,0,,,,93.5,4-Seam Fastball
FF,2026-07-28,"Detmers, Reid",field_out,hit_into_play,R,L,LAA,HOU,2,2,318,90.9,39,95.3,4-Seam Fastball
FC,2026-07-28,"Kremer, Dean",field_out,hit_into_play,R,R,DET,BAL,1,0,1,45.7,-68,88.4,Cutter
CH,2026-07-28,"Henderson, Logan",single,hit_into_play,L,R,SF,MIL,2,2,237,111.1,11,81.9,Changeup
CH,2026-07-28,"Detmers, Reid",,ball,R,L,LAA,HOU,1,2,,,,83.2,Changeup
FC,2026-07-28,"Kremer, Dean",,blocked_ball,R,R,DET,BAL,0,0,,,,88.8,Cutter
CH,2026-07-28,"Henderson, Logan",,foul,L,R,SF,MIL,2,2,3,88.4,-34,82,Changeup
FF,2026-07-28,"Detmers, Reid",,ball,R,L,LAA,HOU,0,2,,,,94.5,4-Seam Fastball
FF,2026-07-28,"Henderson, Logan",,ball,L,R,SF,MIL,1,2,,,,93.6,4-Seam Fastball
FF,2026-07-28,"Kremer, Dean",triple,hit_into_play,L,R,DET,BAL,2,2,368,93.2,26,94.1,4-Seam Fastball
FF,2026-07-28,"Henderson, Logan",,foul,L,R,SF,MIL,1,2,245,90,16,93.8,4-Seam Fastball
FS,2026-07-28,"Kremer, Dean",,called_strike,L,R,DET,BAL,2,1,,,,82.7,Split-Finger
CU,2026-07-28,"Detmers, Reid",,foul,R,L,LAA,HOU,0,2,152,68.9,69,71.4,Curveball
SL,2026-07-28,"Detmers, Reid",,foul,R,L,LAA,HOU,0,2,348,106.5,43,86.7,Slider
FF,2026-07-28,"Henderson, Logan",,ball,L,R,SF,MIL,0,2,,,,94.5,4-Seam Fastball
FC,2026-07-28,"Kremer, Dean",,blocked_ball,L,R,DET,BAL,1,1,,,,88.4,Cutter
FF,2026-07-28,"Detmers, Reid",,foul,R,L,LAA,HOU,0,2,126,65.6,72,94,4-Seam Fastball
CH,2026-07-28,"Henderson, Logan",,foul,L,R,SF,MIL,0,2,12,95.1,-7,83.4,Changeup
SI,2026-07-28,"Kremer, Dean",,foul,L,R,DET,BAL,1,0,187,75.4,19,92.4,Sinker
FS,2026-07-28,"Kremer, Dean",,blocked_ball,L,R,DET,BAL,0,0,,,,83,Split-Finger
SL,2026-07-28,"Detmers, Reid",,foul,R,L,LAA,HOU,0,2,8,80.5,-13,84.2,Slider
FF,2026-07-28,"Henderson, Logan",,foul,L,R,SF,MIL,0,2,221,80.4,57,93.3,4-Seam Fastball
FS,2026-07-28,"Kremer, Dean",field_out,hit_into_play,R,R,DET,BAL,3,2,275,89,49,83.3,Split-Finger
FF,2026-07-28,"Detmers, Reid",,swinging_strike,R,L,LAA,HOU,0,1,,,,93.8,4-Seam Fastball
FF,2026-07-28,"Henderson, Logan",,foul,L,R,SF,MIL,0,2,,,,93.8,4-Seam Fastball
CU,2026-07-28,"Detmers, Reid",,called_strike,R,L,LAA,HOU,0,0,,,,71.1,Curveball
FF,2026-07-28,"Henderson, Logan",,called_strike,L,R,SF,MIL,0,1,,,,93.8,4-Seam Fastball
SI,2026-07-28,"Kremer, Dean",,foul,R,R,DET,BAL,3,2,205,71.1,50,93.6,Sinker
FC,2026-07-28,"Kremer, Dean",,foul,R,R,DET,BAL,3,2,191,67,47,87.9,Cutter
FF,2026-07-28,"Henderson, Logan",,called_strike,L,R,SF,MIL,0,0,,,,93.7,4-Seam Fastball
SL,2026-07-28,"Detmers, Reid",single,hit_into_play,R,L,LAA,HOU,1,0,11,88.7,-11,86.4,Slider
FF,2026-07-28,"Henderson, Logan",single,hit_into_play,R,R,SF,MIL,2,2,121,91.4,69,94.6,4-Seam Fastball
SI,2026-07-28,"Kremer, Dean",,ball,R,R,DET,BAL,2,2,,,,91.5,Sinker
FF,2026-07-28,"Detmers, Reid",,ball,R,L,LAA,HOU,0,0,,,,93.6,4-Seam Fastball
FS,2026-07-28,"Kremer, Dean",,foul,R,R,DET,BAL,2,1,7,71.3,-20,82.6,Split-Finger
ST,2026-07-28,"Henderson, Logan",,ball,R,R,SF,MIL,1,2,,,,83,Sweeper
SL,2026-07-28,"Detmers, Reid",strikeout,swinging_strike,R,L,LAA,HOU,2,2,,,,88.7,Slider
FF,2026-07-28,"Henderson, Logan",,foul,R,R,SF,MIL,1,1,233,72.2,35,93.9,4-Seam Fastball
FS,2026-07-28,"Kremer, Dean",,ball,R,R,DET,BAL,1,1,,,,82.8,Split-Finger
FF,2026-07-28,"Detmers, Reid",,foul,R,L,LAA,HOU,2,2,63,71.9,83,95.5,4-Seam Fastball
SL,2026-07-28,"Detmers, Reid",,ball,R,L,LAA,HOU,1,2,,,,86.1,Slider
SI,2026-07-28,"Kremer, Dean",,called_strike,R,R,DET,BAL,1,0,,,,93.1,Sinker
FF,2026-07-28,"Henderson, Logan",,foul,R,R,SF,MIL,1,0,260,75.6,44,94.5,4-Seam Fastball
FC,2026-07-28,"Kremer, Dean",,ball,R,R,DET,BAL,0,0,,,,86.9,Cutter
FF,2026-07-28,"Detmers, Reid",,ball,R,L,LAA,HOU,0,2,,,,94.8,4-Seam Fastball
FC,2026-07-28,"Henderson, Logan",,ball,R,R,SF,MIL,0,0,,,,89.3,Cutter
FS,2026-07-28,"Kremer, Dean",walk,ball,L,R,DET,BAL,3,2,,,,81.2,Split-Finger
FF,2026-07-28,"Henderson, Logan",strikeout,foul_tip,L,R,SF,MIL,2,2,,,,95.2,4-Seam Fastball
FF,2026-07-28,"Detmers, Reid",,foul,R,L,LAA,HOU,0,1,,,,95.6,4-Seam Fastball
FF,2026-07-28,"Henderson, Logan",,foul,L,R,SF,MIL,2,2,,,,94.3,4-Seam Fastball
FF,2026-07-28,"Kremer, Dean",,ball,L,R,DET,BAL,2,2,,,,93,4-Seam Fastball
CU,2026-07-28,"Detmers, Reid",,called_strike,R,L,LAA,HOU,0,0,,,,72.2,Curveball
CH,2026-07-28,"Henderson, Logan",,ball,L,R,SF,MIL,1,2,,,,82.6,Changeup
CU,2026-07-28,"Detmers, Reid",strikeout,swinging_strike,R,L,LAA,HOU,1,2,,,,72.4,Curveball
FS,2026-07-28,"Kremer, Dean",,foul,L,R,DET,BAL,2,1,13,87.4,-14,80.6,Split-Finger
FF,2026-07-28,"Henderson, Logan",,called_strike,L,R,SF,MIL,1,1,,,,94.4,4-Seam Fastball
CU,2026-07-28,"Kremer, Dean",,blocked_ball,L,R,DET,BAL,1,1,,,,76.1,Curveball
FF,2026-07-28,"Detmers, Reid",,called_strike,R,L,LAA,HOU,1,1,,,,95.4,4-Seam Fastball
CH,2026-07-28,"Henderson, Logan",,called_strike,L,R,SF,MIL,1,0,,,,82.3,Changeup
FF,2026-07-28,"Kremer, Dean",,foul,L,R,DET,BAL,1,0,153,78.2,13,91.8,4-Seam Fastball
FF,2026-07-28,"Detmers, Reid",,ball,R,L,LAA,HOU,0,1,,,,93.7,4-Seam Fastball
CH,2026-07-28,"Henderson, Logan",,ball,L,R,SF,MIL,0,0,,,,83.1,Changeup
CU,2026-07-28,"Kremer, Dean",,ball,L,R,DET,BAL,0,0,,,,76,Curveball
FF,2026-07-28,"Detmers, Reid",,called_strike,R,L,LAA,HOU,0,0,,,,93.7,4-Seam Fastball
FF,2026-07-28,"Henderson, Logan",field_out,hit_into_play,L,R,SF,MIL,1,2,33,90.6,-3,93.7,4-Seam Fastball
FS,2026-07-28,"Kremer, Dean",strikeout,swinging_strike,R,R,DET,BAL,1,2,,,,82,Split-Finger
FF,2026-07-28,"Detmers, Reid",home_run,hit_into_play,L,L,LAA,HOU,0,0,427,109.1,29,96,4-Seam Fastball
CU,2026-07-28,"Detmers, Reid",strikeout,swinging_strike,R,L,LAA,HOU,2,2,,,,73.4,Curveball
FF,2026-07-28,"Henderson, Logan",,foul,L,R,SF,MIL,1,2,230,72.5,46,93.1,4-Seam Fastball
SI,2026-07-28,"Kremer, Dean",,called_strike,R,R,DET,BAL,1,1,,,,91.2,Sinker
FF,2026-07-28,"Detmers, Reid",,ball,R,L,LAA,HOU,1,2,,,,94.6,4-Seam Fastball
FC,2026-07-28,"Henderson, Logan",,foul,L,R,SF,MIL,1,2,177,67.7,44,90,Cutter
FC,2026-07-28,"Kremer, Dean",,ball,R,R,DET,BAL,0,1,,,,86.6,Cutter
SL,2026-07-28,"Detmers, Reid",,foul,R,L,LAA,HOU,1,1,5,106.1,-21,86.6,Slider
SI,2026-07-28,"Kremer, Dean",,swinging_strike,R,R,DET,BAL,0,0,,,,91.8,Sinker
CH,2026-07-28,"Henderson, Logan",,foul,L,R,SF,MIL,1,1,290,90.6,48,83.4,Changeup
FS,2026-07-28,"Kremer, Dean",single,hit_into_play,L,R,DET,BAL,0,1,221,81.5,20,82.3,Split-Finger
FF,2026-07-28,"Henderson, Logan",,foul,L,R,SF,MIL,1,0,168,71.8,65,92.3,4-Seam Fastball
SL,2026-07-28,"Detmers, Reid",,ball,R,L,LAA,HOU,0,1,,,,84.3,Slider
FF,2026-07-28,"Henderson, Logan",,ball,L,R,SF,MIL,0,0,,,,91.7,4-Seam Fastball
FF,2026-07-28,"Detmers, Reid",,foul,R,L,LAA,HOU,0,0,168,81.2,74,93.5,4-Seam Fastball
FF,2026-07-28,"Kremer, Dean",,foul,L,R,DET,BAL,0,0,8,74.9,-21,91.2,4-Seam Fastball
FF,2026-07-27,"Dobbins, Hunter",field_out,hit_into_play,L,R,STL,CHC,2,1,287,81.4,33,93.9,4-Seam Fastball
ST,2026-07-27,"Dobbins, Hunter",,ball,L,R,STL,CHC,1,1,,,,79.3,Sweeper
CU,2026-07-27,"Dobbins, Hunter",,ball,L,R,STL,CHC,0,1,,,,78.7,Curveball
FS,2026-07-27,"Dobbins, Hunter",,foul_tip,L,R,STL,CHC,0,0,,,,88.2,Split-Finger
ST,2026-07-27,"Dobbins, Hunter",home_run,hit_into_play,R,R,STL,CHC,1,0,382,97.3,33,80.3,Sweeper
CU,2026-07-27,"Dobbins, Hunter",,blocked_ball,R,R,STL,CHC,0,0,,,,79.4,Curveball
CU,2026-07-27,"Dobbins, Hunter",field_out,hit_into_play,L,R,STL,CHC,0,0,264,81.1,46,77.3,Curveball
ST,2026-07-27,"Dobbins, Hunter",field_out,hit_into_play,R,R,STL,CHC,2,2,303,83,37,82.1,Sweeper
FS,2026-07-27,"Dobbins, Hunter",,ball,R,R,STL,CHC,1,2,,,,88.3,Split-Finger
SI,2026-07-27,"Dobbins, Hunter",,called_strike,R,R,STL,CHC,1,1,,,,94.1,Sinker
FF,2026-07-27,"Dobbins, Hunter",,foul,R,R,STL,CHC,1,0,258,77,41,94.1,4-Seam Fastball
SI,2026-07-27,"Dobbins, Hunter",,ball,R,R,STL,CHC,0,0,,,,93.7,Sinker
ST,2026-07-27,"Dobbins, Hunter",double,hit_into_play,R,R,STL,CHC,1,2,195,66.8,26,82.9,Sweeper
FF,2026-07-27,"Dobbins, Hunter",,foul,R,R,STL,CHC,1,1,173,79.3,15,94.4,4-Seam Fastball
SL,2026-07-27,"Dobbins, Hunter",,called_strike,R,R,STL,CHC,1,0,,,,86.5,Slider
CU,2026-07-27,"Dobbins, Hunter",,ball,R,R,STL,CHC,0,0,,,,77.4,Curveball
ST,2026-07-27,"Dobbins, Hunter",field_out,hit_into_play,R,R,STL,CHC,2,1,324,91.1,37,81.3,Sweeper
FS,2026-07-27,"Dobbins, Hunter",,ball,R,R,STL,CHC,1,1,,,,86.3,Split-Finger
SI,2026-07-27,"Dobbins, Hunter",,swinging_strike,R,R,STL,CHC,1,0,,,,94.2,Sinker
FF,2026-07-27,"Dobbins, Hunter",,ball,R,R,STL,CHC,0,0,,,,95.2,4-Seam Fastball
CU,2026-07-27,"Dobbins, Hunter",strikeout,swinging_strike,L,R,STL,CHC,2,2,,,,79,Curveball
FF,2026-07-27,"Dobbins, Hunter",,called_strike,L,R,STL,CHC,2,1,,,,93.1,4-Seam Fastball
FF,2026-07-27,"Dobbins, Hunter",,ball,L,R,STL,CHC,1,1,,,,94.6,4-Seam Fastball
FF,2026-07-27,"Dobbins, Hunter",,called_strike,L,R,STL,CHC,1,0,,,,94.2,4-Seam Fastball
FS,2026-07-27,"Dobbins, Hunter",,ball,L,R,STL,CHC,0,0,,,,88.3,Split-Finger
SL,2026-07-27,"Dobbins, Hunter",field_out,hit_into_play,R,R,STL,CHC,1,1,322,93.7,22,87.7,Slider
ST,2026-07-27,"Dobbins, Hunter",,ball,R,R,STL,CHC,0,1,,,,81,Sweeper
CU,2026-07-27,"Dobbins, Hunter",,called_strike,R,R,STL,CHC,0,0,,,,78.5,Curveball
SL,2026-07-27,"Dobbins, Hunter",field_out,hit_into_play,R,R,STL,CHC,1,0,4,81.8,-21,86.7,Slider
ST,2026-07-27,"Dobbins, Hunter",,ball,R,R,STL,CHC,0,0,,,,79.9,Sweeper
SI,2026-07-27,"Dobbins, Hunter",walk,ball,L,R,STL,CHC,3,0,,,,91.5,Sinker
CU,2026-07-27,"Dobbins, Hunter",,ball,L,R,STL,CHC,2,0,,,,76.3,Curveball
FS,2026-07-27,"Dobbins, Hunter",,ball,L,R,STL,CHC,1,0,,,,86.1,Split-Finger
SL,2026-07-27,"Dobbins, Hunter",,ball,L,R,STL,CHC,0,0,,,,85.3,Slider
FF,2026-07-27,"Dobbins, Hunter",single,hit_into_play,R,R,STL,CHC,2,1,218,85.9,18,94.1,4-Seam Fastball
SI,2026-07-27,"Dobbins, Hunter",,called_strike,R,R,STL,CHC,2,0,,,,92.2,Sinker
ST,2026-07-27,"Dobbins, Hunter",,ball,R,R,STL,CHC,1,0,,,,82.4,Sweeper
SI,2026-07-27,"Dobbins, Hunter",,ball,R,R,STL,CHC,0,0,,,,92,Sinker
SI,2026-07-27,"Dobbins, Hunter",field_out,hit_into_play,L,R,STL,CHC,2,1,314,83.7,33,93.2,Sinker
SL,2026-07-27,"Dobbins, Hunter",,called_strike,L,R,STL,CHC,2,0,,,,85.8,Slider
FF,2026-07-27,"Dobbins, Hunter",,ball,L,R,STL,CHC,1,0,,,,93.8,4-Seam Fastball
SI,2026-07-27,"Dobbins, Hunter",,ball,L,R,STL,CHC,0,0,,,,94.4,Sinker
ST,2026-07-27,"Dobbins, Hunter",field_out,hit_into_play,R,R,STL,CHC,0,1,323,88.6,39,82.6,Sweeper
FF,2026-07-27,"Dobbins, Hunter",,called_strike,R,R,STL,CHC,0,0,,,,93,4-Seam Fastball
FF,2026-07-27,"Dobbins, Hunter",field_out,hit_into_play,R,R,STL,CHC,2,2,8,99.6,-15,95.5,4-Seam Fastball
SI,2026-07-27,"Dobbins, Hunter",,ball,R,R,STL,CHC,1,2,,,,94.3,Sinker
FF,2026-07-27,"Dobbins, Hunter",,ball,R,R,STL,CHC,0,2,,,,94.8,4-Seam Fastball
ST,2026-07-27,"Dobbins, Hunter",,foul,R,R,STL,CHC,0,2,376,103.1,38,82.8,Sweeper
ST,2026-07-27,"Dobbins, Hunter",,foul,R,R,STL,CHC,0,1,4,74.2,-22,82.4,Sweeper
CU,2026-07-27,"Dobbins, Hunter",,foul,R,R,STL,CHC,0,0,3,72.1,-30,80.2,Curveball
ST,2026-07-27,"Dobbins, Hunter",single,hit_into_play,R,R,STL,CHC,0,1,9,80.8,-11,83.1,Sweeper
FF,2026-07-27,"Dobbins, Hunter",,foul,R,R,STL,CHC,0,0,292,85.6,37,97.1,4-Seam Fastball
CU,2026-07-27,"Dobbins, Hunter",strikeout,swinging_strike,L,R,STL,CHC,2,2,,,,80.6,Curveball
SI,2026-07-27,"Dobbins, Hunter",,foul,L,R,STL,CHC,2,1,129,79.2,10,95.4,Sinker
FS,2026-07-27,"Dobbins, Hunter",,ball,L,R,STL,CHC,1,1,,,,89,Split-Finger
FS,2026-07-27,"Dobbins, Hunter",,ball,L,R,STL,CHC,0,1,,,,89.8,Split-Finger
FF,2026-07-27,"Dobbins, Hunter",,called_strike,L,R,STL,CHC,0,0,,,,95.6,4-Seam Fastball
SL,2026-07-27,"Dobbins, Hunter",field_out,hit_into_play,R,R,STL,CHC,0,0,130,94.6,69,88.1,Slider
FF,2026-07-27,"Dobbins, Hunter",strikeout,swinging_strike,R,R,STL,CHC,2,2,,,,95.6,4-Seam Fastball
ST,2026-07-27,"Dobbins, Hunter",,foul,R,R,STL,CHC,2,2,268,77.4,31,81,Sweeper
FS,2026-07-27,"Dobbins, Hunter",,called_strike,R,R,STL,CHC,2,1,,,,86.9,Split-Finger
ST,2026-07-27,"Dobbins, Hunter",,ball,R,R,STL,CHC,1,1,,,,81.4,Sweeper
SL,2026-07-27,"Dobbins, Hunter",,called_strike,R,R,STL,CHC,1,0,,,,88.1,Slider
SL,2026-07-27,"Dobbins, Hunter",,ball,R,R,STL,CHC,0,0,,,,88.8,Slider
FS,2026-07-27,"Dobbins, Hunter",force_out,hit_into_play,L,R,STL,CHC,0,1,3,92.9,-36,87.6,Split-Finger
FF,2026-07-27,"Dobbins, Hunter",,called_strike,L,R,STL,CHC,0,0,,,,94.8,4-Seam Fastball
SI,2026-07-27,"Dobbins, Hunter",single,hit_into_play,R,R,STL,CHC,0,0,29,98,-3,95.2,Sinker
ST,2026-07-27,"Dobbins, Hunter",field_out,hit_into_play,L,R,STL,CHC,0,0,12,95,-10,80.1,Sweeper
SI,2026-07-27,"Dobbins, Hunter",single,hit_into_play,R,R,STL,CHC,2,2,123,101.2,6,95.2,Sinker
ST,2026-07-27,"Dobbins, Hunter",,foul,R,R,STL,CHC,2,2,294,104.4,19,80.4,Sweeper
ST,2026-07-27,"Dobbins, Hunter",,ball,R,R,STL,CHC,1,2,,,,81.9,Sweeper
SI,2026-07-27,"Dobbins, Hunter",,ball,R,R,STL,CHC,0,2,,,,94.8,Sinker
ST,2026-07-27,"Dobbins, Hunter",,foul,R,R,STL,CHC,0,1,284,105.5,19,81.5,Sweeper
SL,2026-07-27,"Dobbins, Hunter",,called_strike,R,R,STL,CHC,0,0,,,,87.8,Slider
SI,2026-07-27,"Dobbins, Hunter",single,hit_into_play,R,R,STL,CHC,3,2,64,100,1,94.9,Sinker
FF,2026-07-27,"Dobbins, Hunter",,ball,R,R,STL,CHC,2,2,,,,96.7,4-Seam Fastball
ST,2026-07-27,"Dobbins, Hunter",,ball,R,R,STL,CHC,1,2,,,,81.2,Sweeper
ST,2026-07-27,"Dobbins, Hunter",,foul,R,R,STL,CHC,1,2,118,82.3,11,82.2,Sweeper
SI,2026-07-27,"Dobbins, Hunter",,foul,R,R,STL,CHC,1,1,279,90.6,46,93.9,Sinker
ST,2026-07-27,"Dobbins, Hunter",,ball,R,R,STL,CHC,0,1,,,,80.6,Sweeper
SL,2026-07-27,"Dobbins, Hunter",,called_strike,R,R,STL,CHC,0,0,,,,88.6,Slider
SI,2026-07-27,"Dobbins, Hunter",strikeout,swinging_strike_blocked,R,R,STL,CHC,1,2,,,,95.4,Sinker
FF,2026-07-27,"Dobbins, Hunter",,ball,R,R,STL,CHC,0,2,,,,95.3,4-Seam Fastball
ST,2026-07-27,"Dobbins, Hunter",,foul,R,R,STL,CHC,0,1,40,87.8,0,81.2,Sweeper
SL,2026-07-27,"Dobbins, Hunter",,called_strike,R,R,STL,CHC,0,0,,,,88.1,Slider
CU,2026-07-26,"Peralta, Freddy",field_out,hit_into_play,R,R,NYM,LAD,3,2,283,87.7,45,74.9,Curveball
ST,2026-07-26,"Peralta, Freddy",,swinging_strike,R,R,NYM,LAD,3,1,,,,83.8,Sweeper
FF,2026-07-26,"Peralta, Freddy",,ball,R,R,NYM,LAD,2,1,,,,96,4-Seam Fastball
ST,2026-07-26,"Peralta, Freddy",,ball,R,R,NYM,LAD,1,1,,,,84.8,Sweeper
ST,2026-07-26,"Peralta, Freddy",,called_strike,R,R,NYM,LAD,1,0,,,,82.6,Sweeper
FF,2026-07-26,"Peralta, Freddy",,ball,R,R,NYM,LAD,0,0,,,,94.9,4-Seam Fastball
CU,2026-07-26,"Peralta, Freddy",strikeout,swinging_strike_blocked,L,R,NYM,LAD,1,2,,,,81.1,Curveball
CH,2026-07-26,"Peralta, Freddy",,ball,L,R,NYM,LAD,0,2,,,,85.8,Changeup
CH,2026-07-26,"Peralta, Freddy",,swinging_strike,L,R,NYM,LAD,0,1,,,,87,Changeup
CH,2026-07-26,"Peralta, Freddy",,swinging_strike,L,R,NYM,LAD,0,0,,,,88.5,Changeup
FF,2026-07-26,"Peralta, Freddy",field_out,hit_into_play,L,R,NYM,LAD,2,1,69,73.7,5,93,4-Seam Fastball
FF,2026-07-26,"Peralta, Freddy",,foul,L,R,NYM,LAD,2,0,185,70.6,23,92.2,4-Seam Fastball
FF,2026-07-26,"Peralta, Freddy",,ball,L,R,NYM,LAD,1,0,,,,92.9,4-Seam Fastball
CH,2026-07-26,"Peralta, Freddy",,ball,L,R,NYM,LAD,0,0,,,,87.8,Changeup
FF,2026-07-26,"Peralta, Freddy",single,hit_into_play,R,R,NYM,LAD,2,2,204,82.6,14,94.9,4-Seam Fastball
CH,2026-07-26,"Peralta, Freddy",,swinging_strike,R,R,NYM,LAD,2,1,,,,88,Changeup
FF,2026-07-26,"Peralta, Freddy",,called_strike,R,R,NYM,LAD,2,0,,,,96.3,4-Seam Fastball
FF,2026-07-26,"Peralta, Freddy",,ball,R,R,NYM,LAD,1,0,,,,94.6,4-Seam Fastball
ST,2026-07-26,"Peralta, Freddy",,ball,R,R,NYM,LAD,0,0,,,,84.6,Sweeper
CH,2026-07-26,"Peralta, Freddy",fielders_choice,hit_into_play,L,R,NYM,LAD,1,0,8,106.2,-11,87.7,Changeup
CH,2026-07-26,"Peralta, Freddy",,ball,L,R,NYM,LAD,0,0,,,,86.4,Changeup
ST,2026-07-26,"Peralta, Freddy",single,hit_into_play,L,R,NYM,LAD,1,0,86,99.4,4,80.1,Sweeper
ST,2026-07-26,"Peralta, Freddy",,ball,L,R,NYM,LAD,0,0,,,,81.2,Sweeper
FF,2026-07-26,"Peralta, Freddy",field_out,hit_into_play,R,R,NYM,LAD,1,1,277,90.3,44,95.4,4-Seam Fastball
FF,2026-07-26,"Peralta, Freddy",,ball,R,R,NYM,LAD,0,1,,,,94.1,4-Seam Fastball
FF,2026-07-26,"Peralta, Freddy",,foul,R,R,NYM,LAD,0,0,130,74.6,23,94.1,4-Seam Fastball
CU,2026-07-26,"Peralta, Freddy",field_out,hit_into_play,L,R,NYM,LAD,1,1,58,75.6,4,79.4,Curveball
FF,2026-07-26,"Peralta, Freddy",,swinging_strike,L,R,NYM,LAD,1,0,,,,94.1,4-Seam Fastball
CH,2026-07-26,"Peralta, Freddy",,ball,L,R,NYM,LAD,0,0,,,,88.3,Changeup
ST,2026-07-26,"Peralta, Freddy",double,hit_into_play,L,R,NYM,LAD,2,2,283,93.9,19,80.8,Sweeper
FF,2026-07-26,"Peralta, Freddy",,foul,L,R,NYM,LAD,2,2,,,,96.6,4-Seam Fastball
FF,2026-07-26,"Peralta, Freddy",,foul,L,R,NYM,LAD,2,2,301,99.2,46,94,4-Seam Fastball
CH,2026-07-26,"Peralta, Freddy",,foul,L,R,NYM,LAD,2,1,168,72.1,19,89.3,Changeup
CH,2026-07-26,"Peralta, Freddy",,foul,L,R,NYM,LAD,2,0,241,90.1,60,87.3,Changeup
CH,2026-07-26,"Peralta, Freddy",,blocked_ball,L,R,NYM,LAD,1,0,,,,87.4,Changeup
FF,2026-07-26,"Peralta, Freddy",,ball,L,R,NYM,LAD,0,0,,,,95.6,4-Seam Fastball
FF,2026-07-26,"Peralta, Freddy",walk,ball,R,R,NYM,LAD,3,2,,,,96.3,4-Seam Fastball
FF,2026-07-26,"Peralta, Freddy",,ball,R,R,NYM,LAD,2,2,,,,95.5,4-Seam Fastball
FF,2026-07-26,"Peralta, Freddy",,ball,R,R,NYM,LAD,1,2,,,,94.5,4-Seam Fastball
FF,2026-07-26,"Peralta, Freddy",,ball,R,R,NYM,LAD,0,2,,,,94.5,4-Seam Fastball
FF,2026-07-26,"Peralta, Freddy",,foul,R,R,NYM,LAD,0,2,200,71.9,49,95.1,4-Seam Fastball
ST,2026-07-26,"Peralta, Freddy",,swinging_strike,R,R,NYM,LAD,0,1,,,,82.5,Sweeper
ST,2026-07-26,"Peralta, Freddy",,foul,R,R,NYM,LAD,0,0,62,83.1,83,82.6,Sweeper
FF,2026-07-26,"Peralta, Freddy",strikeout,foul_tip,L,R,NYM,LAD,1,2,,,,93.8,4-Seam Fastball
FF,2026-07-26,"Peralta, Freddy",,foul,L,R,NYM,LAD,1,2,215,77.5,23,94.1,4-Seam Fastball
FF,2026-07-26,"Peralta, Freddy",,swinging_strike,L,R,NYM,LAD,1,1,,,,94.8,4-Seam Fastball
FF,2026-07-26,"Peralta, Freddy",,foul_tip,L,R,NYM,LAD,1,0,,,,94.9,4-Seam Fastball
FF,2026-07-26,"Peralta, Freddy",,ball,L,R,NYM,LAD,0,0,,,,94.9,4-Seam Fastball
FF,2026-07-26,"Peralta, Freddy",double,hit_into_play,L,R,NYM,LAD,2,2,277,81.4,34,94.3,4-Seam Fastball
FF,2026-07-26,"Peralta, Freddy",,ball,L,R,NYM,LAD,1,2,,,,95.3,4-Seam Fastball
CH,2026-07-26,"Peralta, Freddy",,ball,L,R,NYM,LAD,0,2,,,,87.3,Changeup
FF,2026-07-26,"Peralta, Freddy",,foul,L,R,NYM,LAD,0,1,260,80.8,37,94.9,4-Seam Fastball
FF,2026-07-26,"Peralta, Freddy",,called_strike,L,R,NYM,LAD,0,0,,,,93.8,4-Seam Fastball
FF,2026-07-26,"Peralta, Freddy",single,hit_into_play,R,R,NYM,LAD,2,2,259,98.6,13,95.8,4-Seam Fastball
ST,2026-07-26,"Peralta, Freddy",,swinging_strike,R,R,NYM,LAD,2,1,,,,83.8,Sweeper
ST,2026-07-26,"Peralta, Freddy",,ball,R,R,NYM,LAD,1,1,,,,82.1,Sweeper
FF,2026-07-26,"Peralta, Freddy",,ball,R,R,NYM,LAD,0,1,,,,94.8,4-Seam Fastball
FF,2026-07-26,"Peralta, Freddy",,called_strike,R,R,NYM,LAD,0,0,,,,95,4-Seam Fastball
CU,2026-07-26,"Peralta, Freddy",field_out,hit_into_play,L,R,NYM,LAD,1,0,113,69.6,68,79.4,Curveball
FF,2026-07-26,"Peralta, Freddy",,ball,L,R,NYM,LAD,0,0,,,,94.6,4-Seam Fastball
FF,2026-07-26,"Peralta, Freddy",strikeout,swinging_strike,L,R,NYM,LAD,2,2,,,,94.9,4-Seam Fastball
FF,2026-07-26,"Peralta, Freddy",,foul,L,R,NYM,LAD,2,2,219,76.1,48,96.1,4-Seam Fastball
CH,2026-07-26,"Peralta, Freddy",,foul,L,R,NYM,LAD,2,2,1,52.5,-47,88.4,Changeup
FF,2026-07-26,"Peralta, Freddy",,foul,L,R,NYM,LAD,2,2,163,70.8,65,95.5,4-Seam Fastball
FF,2026-07-26,"Peralta, Freddy",,called_strike,L,R,NYM,LAD,2,1,,,,94.3,4-Seam Fastball
FF,2026-07-26,"Peralta, Freddy",,ball,L,R,NYM,LAD,1,1,,,,93.5,4-Seam Fastball
FF,2026-07-26,"Peralta, Freddy",,ball,L,R,NYM,LAD,0,1,,,,93.5,4-Seam Fastball
FF,2026-07-26,"Peralta, Freddy",,called_strike,L,R,NYM,LAD,0,0,,,,93.2,4-Seam Fastball
ST,2026-07-26,"Peralta, Freddy",field_out,hit_into_play,R,R,NYM,LAD,1,0,300,85.6,28,82.4,Sweeper
FF,2026-07-26,"Peralta, Freddy",,ball,R,R,NYM,LAD,0,0,,,,96.1,4-Seam Fastball
CH,2026-07-26,"Peralta, Freddy",walk,ball,L,R,NYM,LAD,3,2,,,,86.8,Changeup
CU,2026-07-26,"Peralta, Freddy",,foul,L,R,NYM,LAD,3,2,376,104.5,38,76.4,Curveball
CU,2026-07-26,"Peralta, Freddy",,blocked_ball,L,R,NYM,LAD,2,2,,,,75.4,Curveball
CU,2026-07-26,"Peralta, Freddy",,swinging_strike,L,R,NYM,LAD,2,1,,,,76.3,Curveball
CU,2026-07-26,"Peralta, Freddy",,blocked_ball,L,R,NYM,LAD,1,1,,,,79.8,Curveball
FF,2026-07-26,"Peralta, Freddy",,ball,L,R,NYM,LAD,0,1,,,,93.3,4-Seam Fastball
FF,2026-07-26,"Peralta, Freddy",,swinging_strike,L,R,NYM,LAD,0,0,,,,95.5,4-Seam Fastball
CH,2026-07-26,"Peralta, Freddy",field_out,hit_into_play,L,R,NYM,LAD,3,2,3,64.1,-34,86.9,Changeup
CH,2026-07-26,"Peralta, Freddy",,foul,L,R,NYM,LAD,3,2,217,78.7,52,86.6,Changeup
FF,2026-07-26,"Peralta, Freddy",,foul,L,R,NYM,LAD,3,2,200,71.8,33,96,4-Seam Fastball
FF,2026-07-26,"Peralta, Freddy",,foul,L,R,NYM,LAD,3,2,194,72.1,40,94.2,4-Seam Fastball
CU,2026-07-26,"Peralta, Freddy",,foul,L,R,NYM,LAD,3,2,154,97.5,8,81,Curveball
FF,2026-07-26,"Peralta, Freddy",,foul,L,R,NYM,LAD,3,2,189,75.2,62,93.6,4-Seam Fastball
FF,2026-07-26,"Peralta, Freddy",,ball,L,R,NYM,LAD,2,2,,,,94.7,4-Seam Fastball
FF,2026-07-26,"Peralta, Freddy",,foul,L,R,NYM,LAD,2,1,171,81.8,14,95.7,4-Seam Fastball
FF,2026-07-26,"Peralta, Freddy",,ball,L,R,NYM,LAD,1,1,,,,94.7,4-Seam Fastball
FF,2026-07-26,"Peralta, Freddy",,ball,L,R,NYM,LAD,0,1,,,,95.7,4-Seam Fastball
CH,2026-07-26,"Peralta, Freddy",,swinging_strike,L,R,NYM,LAD,0,0,,,,87.6,Changeup
FF,2026-07-26,"Peralta, Freddy",field_out,hit_into_play,R,R,NYM,LAD,1,0,54,69.2,3,95,4-Seam Fastball
FF,2026-07-26,"Peralta, Freddy",,ball,R,R,NYM,LAD,0,0,,,,94.8,4-Seam Fastball
ST,2026-07-26,"Peralta, Freddy",double,hit_into_play,L,R,NYM,LAD,1,1,307,106.6,16,79.6,Sweeper
FF,2026-07-26,"Peralta, Freddy",,ball,L,R,NYM,LAD,0,1,,,,94.5,4-Seam Fastball
FF,2026-07-26,"Peralta, Freddy",,swinging_strike,L,R,NYM,LAD,0,0,,,,94.5,4-Seam Fastball
SI,2026-07-25,"Elder, Bryce",strikeout,swinging_strike,R,R,BAL,ATL,2,2,,,,92.1,Sinker
SI,2026-07-25,"Elder, Bryce",,called_strike,R,R,BAL,ATL,2,1,,,,92.5,Sinker
SL,2026-07-25,"Elder, Bryce",,ball,R,R,BAL,ATL,1,1,,,,83.6,Slider
FC,2026-07-25,"Elder, Bryce",,ball,R,R,BAL,ATL,0,1,,,,88.6,Cutter
FC,2026-07-25,"Elder, Bryce",,called_strike,R,R,BAL,ATL,0,0,,,,90.1,Cutter
SL,2026-07-25,"Elder, Bryce",home_run,hit_into_play,L,R,BAL,ATL,0,0,392,104.5,25,82.8,Slider
SI,2026-07-25,"Elder, Bryce",grounded_into_double_play,hit_into_play,R,R,BAL,ATL,2,2,39,109.4,0,92.3,Sinker
FF,2026-07-25,"Elder, Bryce",,called_strike,R,R,BAL,ATL,2,1,,,,93.3,4-Seam Fastball
SI,2026-07-25,"Elder, Bryce",,foul,R,R,BAL,ATL,2,0,208,66.7,37,92.3,Sinker
FC,2026-07-25,"Elder, Bryce",,ball,R,R,BAL,ATL,1,0,,,,88.9,Cutter
SI,2026-07-25,"Elder, Bryce",,ball,R,R,BAL,ATL,0,0,,,,90.3,Sinker
FC,2026-07-25,"Elder, Bryce",walk,ball,L,R,BAL,ATL,3,2,,,,88.1,Cutter
SI,2026-07-25,"Elder, Bryce",,ball,L,R,BAL,ATL,2,2,,,,90.3,Sinker
FC,2026-07-25,"Elder, Bryce",,foul,L,R,BAL,ATL,2,1,108,59.6,15,88,Cutter
CH,2026-07-25,"Elder, Bryce",,ball,L,R,BAL,ATL,1,1,,,,85.6,Changeup
CH,2026-07-25,"Elder, Bryce",,swinging_strike,L,R,BAL,ATL,1,0,,,,84.1,Changeup
FF,2026-07-25,"Elder, Bryce",,ball,L,R,BAL,ATL,0,0,,,,91.1,4-Seam Fastball
SL,2026-07-25,"Elder, Bryce",strikeout,swinging_strike,R,R,BAL,ATL,0,2,,,,83.6,Slider
SI,2026-07-25,"Elder, Bryce",,called_strike,R,R,BAL,ATL,0,1,,,,90.4,Sinker
SL,2026-07-25,"Elder, Bryce",,swinging_strike,R,R,BAL,ATL,0,0,,,,83.8,Slider
CH,2026-07-25,"Elder, Bryce",field_out,hit_into_play,L,R,BAL,ATL,2,2,158,78.9,11,85.7,Changeup
SI,2026-07-25,"Elder, Bryce",,ball,L,R,BAL,ATL,1,2,,,,90.9,Sinker
CH,2026-07-25,"Elder, Bryce",,foul,L,R,BAL,ATL,1,1,4,50.6,-25,85.7,Changeup
SI,2026-07-25,"Elder, Bryce",,foul,L,R,BAL,ATL,1,0,,,,90.7,Sinker
FF,2026-07-25,"Gray, Sonny",field_out,hit_into_play,L,R,BOS,TOR,2,1,292,86.1,26,91.8,4-Seam Fastball
ST,2026-07-25,"Gray, Sonny",,ball,L,R,BOS,TOR,1,1,,,,83,Sweeper
FC,2026-07-25,"Elder, Bryce",,ball,L,R,BAL,ATL,0,0,,,,88.8,Cutter
SI,2026-07-25,"Gray, Sonny",,ball,L,R,BOS,TOR,0,1,,,,90.8,Sinker
SI,2026-07-25,"Elder, Bryce",strikeout,called_strike,R,R,BAL,ATL,0,2,,,,90.9,Sinker
FF,2026-07-25,"Elder, Bryce",,called_strike,R,R,BAL,ATL,0,1,,,,92.3,4-Seam Fastball
CU,2026-07-25,"Gray, Sonny",,swinging_strike,L,R,BOS,TOR,0,0,,,,78.2,Curveball
FC,2026-07-25,"Elder, Bryce",,swinging_strike,R,R,BAL,ATL,0,0,,,,86.2,Cutter
FC,2026-07-25,"Gray, Sonny",field_out,hit_into_play,R,R,BOS,TOR,1,1,132,101.2,8,88.8,Cutter
FF,2026-07-25,"Elder, Bryce",strikeout,foul_tip,L,R,BAL,ATL,1,2,,,,94.5,4-Seam Fastball
ST,2026-07-25,"Gray, Sonny",,ball,R,R,BOS,TOR,0,1,,,,85.1,Sweeper
SI,2026-07-25,"Gray, Sonny",,foul,R,R,BOS,TOR,0,0,166,91.7,16,90.2,Sinker
CH,2026-07-25,"Elder, Bryce",,called_strike,L,R,BAL,ATL,1,1,,,,85.3,Changeup
SI,2026-07-25,"Gray, Sonny",field_out,hit_into_play,R,R,BOS,TOR,0,1,12,97.1,-9,91.2,Sinker
FF,2026-07-25,"Elder, Bryce",,ball,L,R,BAL,ATL,0,1,,,,92.9,4-Seam Fastball
FC,2026-07-25,"Gray, Sonny",,swinging_strike,R,R,BOS,TOR,0,0,,,,87.7,Cutter
CH,2026-07-25,"Elder, Bryce",,foul,L,R,BAL,ATL,0,0,3,68,-26,84.9,Changeup
SI,2026-07-25,"Gray, Sonny",single,hit_into_play,R,R,BOS,TOR,0,0,65,109.1,1,92.7,Sinker
FC,2026-07-25,"Elder, Bryce",single,hit_into_play,R,R,BAL,ATL,3,1,178,107.4,10,88.3,Cutter
SI,2026-07-25,"Elder, Bryce",,called_strike,R,R,BAL,ATL,3,0,,,,89.5,Sinker
SI,2026-07-25,"Gray, Sonny",field_out,hit_into_play,L,R,BOS,TOR,1,2,3,79.4,-42,91.9,Sinker
SI,2026-07-25,"Elder, Bryce",,ball,R,R,BAL,ATL,2,0,,,,90.4,Sinker
CU,2026-07-25,"Gray, Sonny",,ball,L,R,BOS,TOR,0,2,,,,80,Curveball
CU,2026-07-25,"Gray, Sonny",,swinging_strike_blocked,L,R,BOS,TOR,0,1,,,,78.7,Curveball
FF,2026-07-25,"Elder, Bryce",,ball,R,R,BAL,ATL,1,0,,,,93,4-Seam Fastball
FC,2026-07-25,"Gray, Sonny",,called_strike,L,R,BOS,TOR,0,0,,,,87.1,Cutter
SI,2026-07-25,"Elder, Bryce",,ball,R,R,BAL,ATL,0,0,,,,92.2,Sinker
FF,2026-07-25,"Gray, Sonny",field_out,hit_into_play,L,R,BOS,TOR,1,1,362,101.6,23,91.1,4-Seam Fastball
SI,2026-07-25,"Elder, Bryce",single,hit_into_play,R,R,BAL,ATL,1,1,161,98.8,9,91.4,Sinker
SI,2026-07-25,"Gray, Sonny",,foul,L,R,BOS,TOR,1,0,7,69.8,-15,92.2,Sinker
SL,2026-07-25,"Elder, Bryce",,blocked_ball,R,R,BAL,ATL,0,1,,,,84.1,Slider
FC,2026-07-25,"Elder, Bryce",,called_strike,R,R,BAL,ATL,0,0,,,,89.2,Cutter
FF,2026-07-25,"Gray, Sonny",,ball,L,R,BOS,TOR,0,0,,,,90.5,4-Seam Fastball
FC,2026-07-25,"Gray, Sonny",single,hit_into_play,L,R,BOS,TOR,1,0,177,81.4,16,89.8,Cutter
FF,2026-07-25,"Elder, Bryce",strikeout,swinging_strike,L,R,BAL,ATL,3,2,,,,94.2,4-Seam Fastball
FC,2026-07-25,"Elder, Bryce",,foul,L,R,BAL,ATL,3,2,197,73.4,53,90,Cutter
FC,2026-07-25,"Gray, Sonny",,ball,L,R,BOS,TOR,0,0,,,,89.8,Cutter
CU,2026-07-25,"Gray, Sonny",strikeout,swinging_strike_blocked,L,R,BOS,TOR,0,2,,,,81.3,Curveball
FC,2026-07-25,"Elder, Bryce",,ball,L,R,BAL,ATL,2,2,,,,89,Cutter
CH,2026-07-25,"Elder, Bryce",,ball,L,R,BAL,ATL,1,2,,,,86.9,Changeup
FC,2026-07-25,"Gray, Sonny",,foul,L,R,BOS,TOR,0,2,12,87.1,-6,87.6,Cutter
FF,2026-07-25,"Elder, Bryce",,foul,L,R,BAL,ATL,1,1,111,75.9,8,94,4-Seam Fastball
FC,2026-07-25,"Gray, Sonny",,foul,L,R,BOS,TOR,0,1,,,,90.4,Cutter
CH,2026-07-25,"Elder, Bryce",,foul,L,R,BAL,ATL,1,0,2,76.2,-33,87.2,Changeup
FF,2026-07-25,"Gray, Sonny",,called_strike,L,R,BOS,TOR,0,0,,,,92.3,4-Seam Fastball
CH,2026-07-25,"Elder, Bryce",,ball,L,R,BAL,ATL,0,0,,,,87.1,Changeup
FC,2026-07-25,"Gray, Sonny",double,hit_into_play,R,R,BOS,TOR,1,0,315,97.3,22,87.9,Cutter
SI,2026-07-25,"Gray, Sonny",,ball,R,R,BOS,TOR,0,0,,,,93.8,Sinker
SI,2026-07-25,"Elder, Bryce",field_error,hit_into_play,R,R,BAL,ATL,3,1,215,89.4,55,90.6,Sinker
ST,2026-07-25,"Gray, Sonny",single,hit_into_play,L,R,BOS,TOR,1,2,45,103.8,-1,85.6,Sweeper
FC,2026-07-25,"Elder, Bryce",,swinging_strike,R,R,BAL,ATL,3,0,,,,88.7,Cutter
ST,2026-07-25,"Gray, Sonny",,ball,L,R,BOS,TOR,0,2,,,,86,Sweeper
SI,2026-07-25,"Elder, Bryce",,ball,R,R,BAL,ATL,2,0,,,,91.7,Sinker
SI,2026-07-25,"Gray, Sonny",,foul,L,R,BOS,TOR,0,2,3,63.8,-49,93.4,Sinker
SI,2026-07-25,"Elder, Bryce",,ball,R,R,BAL,ATL,1,0,,,,91.2,Sinker
SI,2026-07-25,"Elder, Bryce",,ball,R,R,BAL,ATL,0,0,,,,90,Sinker
FF,2026-07-25,"Gray, Sonny",,swinging_strike,L,R,BOS,TOR,0,1,,,,92.3,4-Seam Fastball
FC,2026-07-25,"Gray, Sonny",,swinging_strike,L,R,BOS,TOR,0,0,,,,88.4,Cutter
CH,2026-07-25,"Elder, Bryce",field_out,hit_into_play,L,R,BAL,ATL,1,1,18,69.6,-5,86,Changeup
CU,2026-07-25,"Gray, Sonny",home_run,hit_into_play,R,R,BOS,TOR,0,2,366,97.8,26,79.4,Curveball
FC,2026-07-25,"Elder, Bryce",,foul,L,R,BAL,ATL,1,0,95,102,4,88.3,Cutter
FF,2026-07-25,"Elder, Bryce",,ball,L,R,BAL,ATL,0,0,,,,91.1,4-Seam Fastball
SI,2026-07-25,"Gray, Sonny",,called_strike,R,R,BOS,TOR,0,1,,,,94.1,Sinker
ST,2026-07-25,"Gray, Sonny",,foul,R,R,BOS,TOR,0,0,2,70,-42,85.9,Sweeper
SI,2026-07-25,"Elder, Bryce",strikeout,called_strike,R,R,BAL,ATL,2,2,,,,90.9,Sinker
ST,2026-07-25,"Gray, Sonny",single,hit_into_play,R,R,BOS,TOR,1,2,114,94.4,7,84.8,Sweeper
SI,2026-07-25,"Elder, Bryce",,called_strike,R,R,BAL,ATL,2,1,,,,91.5,Sinker
SI,2026-07-25,"Elder, Bryce",,ball,R,R,BAL,ATL,1,1,,,,91.2,Sinker
ST,2026-07-25,"Gray, Sonny",,swinging_strike,R,R,BOS,TOR,1,1,,,,86,Sweeper
ST,2026-07-25,"Gray, Sonny",,ball,R,R,BOS,TOR,0,1,,,,85.5,Sweeper
SL,2026-07-25,"Elder, Bryce",,ball,R,R,BAL,ATL,0,1,,,,83.5,Slider
SL,2026-07-25,"Elder, Bryce",,swinging_strike,R,R,BAL,ATL,0,0,,,,83.1,Slider
CU,2026-07-25,"Gray, Sonny",,foul_tip,R,R,BOS,TOR,0,0,,,,79.5,Curveball
FC,2026-07-25,"Gray, Sonny",single,hit_into_play,R,R,BOS,TOR,3,2,198,102,7,88.6,Cutter
SI,2026-07-25,"Elder, Bryce",walk,ball,L,R,BAL,ATL,3,1,,,,90.8,Sinker
SI,2026-07-25,"Gray, Sonny",,ball,R,R,BOS,TOR,2,2,,,,94.4,Sinker
FF,2026-07-25,"Elder, Bryce",,called_strike,L,R,BAL,ATL,3,0,,,,91.8,4-Seam Fastball
ST,2026-07-25,"Gray, Sonny",,blocked_ball,R,R,BOS,TOR,1,2,,,,86.1,Sweeper
FF,2026-07-25,"Elder, Bryce",,ball,L,R,BAL,ATL,2,0,,,,93.3,4-Seam Fastball
SI,2026-07-25,"Gray, Sonny",,ball,R,R,BOS,TOR,0,2,,,,92.5,Sinker
SI,2026-07-25,"Elder, Bryce",,ball,L,R,BAL,ATL,1,0,,,,90.7,Sinker
SI,2026-07-25,"Elder, Bryce",,ball,L,R,BAL,ATL,0,0,,,,90.9,Sinker
FC,2026-07-25,"Gray, Sonny",,foul,R,R,BOS,TOR,0,1,210,77.6,50,87.8,Cutter
FC,2026-07-25,"Gray, Sonny",,swinging_strike,R,R,BOS,TOR,0,0,,,,88.3,Cutter
SL,2026-07-25,"Elder, Bryce",grounded_into_double_play,hit_into_play,R,R,BAL,ATL,0,0,7,95.5,-15,83.1,Slider
CH,2026-07-25,"Gray, Sonny",double,hit_into_play,L,R,BOS,TOR,1,0,192,89.7,12,88,Changeup
FF,2026-07-25,"Elder, Bryce",walk,ball,L,R,BAL,ATL,3,2,,,,92.8,4-Seam Fastball
FF,2026-07-25,"Gray, Sonny",,ball,L,R,BOS,TOR,0,0,,,,92.8,4-Seam Fastball
SI,2026-07-25,"Elder, Bryce",,ball,L,R,BAL,ATL,2,2,,,,90.1,Sinker
FF,2026-07-25,"Elder, Bryce",,called_strike,L,R,BAL,ATL,2,1,,,,91.7,4-Seam Fastball
ST,2026-07-25,"Gray, Sonny",field_out,hit_into_play,L,R,BOS,TOR,0,2,73,100.9,3,85.7,Sweeper
SL,2026-07-25,"Elder, Bryce",,ball,L,R,BAL,ATL,1,1,,,,82.1,Slider
CU,2026-07-25,"Gray, Sonny",,called_strike,L,R,BOS,TOR,0,1,,,,78,Curveball
CH,2026-07-25,"Gray, Sonny",,foul,L,R,BOS,TOR,0,0,215,69.3,34,89.5,Changeup
SI,2026-07-25,"Elder, Bryce",,called_strike,L,R,BAL,ATL,1,0,,,,88.7,Sinker
ST,2026-07-25,"Gray, Sonny",strikeout,swinging_strike,L,R,BOS,TOR,1,2,,,,84.9,Sweeper
FF,2026-07-25,"Elder, Bryce",,ball,L,R,BAL,ATL,0,0,,,,91.8,4-Seam Fastball
FF,2026-07-25,"Elder, Bryce",strikeout,swinging_strike,R,R,BAL,ATL,2,2,,,,95.5,4-Seam Fastball
CU,2026-07-25,"Gray, Sonny",,foul,L,R,BOS,TOR,1,1,4,69.7,-32,79.2,Curveball
SI,2026-07-25,"Elder, Bryce",,foul,R,R,BAL,ATL,2,2,,,,90.9,Sinker
FC,2026-07-25,"Gray, Sonny",,ball,L,R,BOS,TOR,0,1,,,,89.3,Cutter
CU,2026-07-25,"Gray, Sonny",,foul_bunt,L,R,BOS,TOR,0,0,,,,79,Curveball
SI,2026-07-25,"Elder, Bryce",,foul,R,R,BAL,ATL,2,2,252,81.1,42,91.5,Sinker
FF,2026-07-25,"Elder, Bryce",,ball,R,R,BAL,ATL,1,2,,,,94.5,4-Seam Fastball
SI,2026-07-25,"Gray, Sonny",double_play,hit_into_play,L,R,BOS,TOR,2,1,250,79.8,16,93.5,Sinker
CH,2026-07-25,"Gray, Sonny",,ball,L,R,BOS,TOR,1,1,,,,87.9,Changeup
SL,2026-07-25,"Elder, Bryce",,foul,R,R,BAL,ATL,1,2,1,60.1,-48,86.4,Slider
SI,2026-07-25,"Elder, Bryce",,foul,R,R,BAL,ATL,1,1,,,,90.7,Sinker
SI,2026-07-25,"Gray, Sonny",,called_strike,L,R,BOS,TOR,1,0,,,,92.9,Sinker
FF,2026-07-25,"Elder, Bryce",,ball,R,R,BAL,ATL,0,1,,,,93.3,4-Seam Fastball
FC,2026-07-25,"Gray, Sonny",,ball,L,R,BOS,TOR,0,0,,,,90.1,Cutter
SI,2026-07-25,"Elder, Bryce",,called_strike,R,R,BAL,ATL,0,0,,,,90.6,Sinker
FF,2026-07-25,"Gray, Sonny",field_out,hit_into_play,R,R,BOS,TOR,2,0,267,95.2,16,92.7,4-Seam Fastball
FC,2026-07-25,"Gray, Sonny",,ball,R,R,BOS,TOR,1,0,,,,88.6,Cutter
FF,2026-07-25,"Elder, Bryce",walk,blocked_ball,R,R,BAL,ATL,3,0,,,,91.6,4-Seam Fastball
FC,2026-07-25,"Gray, Sonny",,ball,R,R,BOS,TOR,0,0,,,,89.2,Cutter
SI,2026-07-25,"Elder, Bryce",,ball,R,R,BAL,ATL,2,0,,,,92.3,Sinker
FC,2026-07-25,"Elder, Bryce",,ball,R,R,BAL,ATL,1,0,,,,89.2,Cutter
ST,2026-07-25,"Gray, Sonny",single,hit_into_play,L,R,BOS,TOR,1,2,65,91.4,3,84.8,Sweeper
SI,2026-07-25,"Gray, Sonny",,foul,L,R,BOS,TOR,1,1,304,91.8,27,92.4,Sinker
SI,2026-07-25,"Elder, Bryce",,ball,R,R,BAL,ATL,0,0,,,,92.4,Sinker
FC,2026-07-25,"Gray, Sonny",,foul,L,R,BOS,TOR,1,0,9,87.8,-11,89.7,Cutter
SI,2026-07-25,"Elder, Bryce",strikeout,called_strike,L,R,BAL,ATL,3,2,,,,91.4,Sinker
SI,2026-07-25,"Gray, Sonny",,ball,L,R,BOS,TOR,0,0,,,,93.2,Sinker
FF,2026-07-25,"Elder, Bryce",,ball,L,R,BAL,ATL,2,2,,,,93,4-Seam Fastball
SI,2026-07-25,"Gray, Sonny",single,hit_into_play,R,R,BOS,TOR,1,2,15,93.3,-7,93.4,Sinker
FF,2026-07-25,"Elder, Bryce",,foul,L,R,BAL,ATL,2,1,117,73.7,10,94.1,4-Seam Fastball
SI,2026-07-25,"Gray, Sonny",,called_strike,R,R,BOS,TOR,1,1,,,,92.6,Sinker
CH,2026-07-25,"Elder, Bryce",,ball,L,R,BAL,ATL,1,1,,,,86.9,Changeup
ST,2026-07-25,"Gray, Sonny",,ball,R,R,BOS,TOR,0,1,,,,84.9,Sweeper
FF,2026-07-25,"Elder, Bryce",,called_strike,L,R,BAL,ATL,1,0,,,,93.1,4-Seam Fastball
SI,2026-07-25,"Gray, Sonny",,foul,R,R,BOS,TOR,0,0,3,77.4,-34,91.7,Sinker
SI,2026-07-25,"Elder, Bryce",,ball,L,R,BAL,ATL,0,0,,,,90.5,Sinker
FF,2026-07-25,"Elder, Bryce",field_out,hit_into_play,R,R,BAL,ATL,2,1,156,94.3,12,93.4,4-Seam Fastball
SI,2026-07-25,"Gray, Sonny",strikeout,swinging_strike,R,R,BOS,TOR,1,2,,,,93.3,Sinker
ST,2026-07-25,"Gray, Sonny",,ball,R,R,BOS,TOR,0,2,,,,84.9,Sweeper
SI,2026-07-25,"Elder, Bryce",,ball,R,R,BAL,ATL,1,1,,,,90.9,Sinker
ST,2026-07-25,"Gray, Sonny",,foul,R,R,BOS,TOR,0,2,169,69.7,32,85.3,Sweeper
SI,2026-07-25,"Elder, Bryce",,ball,R,R,BAL,ATL,0,1,,,,91.3,Sinker
ST,2026-07-25,"Gray, Sonny",,swinging_strike,R,R,BOS,TOR,0,1,,,,85.7,Sweeper
SL,2026-07-25,"Elder, Bryce",,called_strike,R,R,BAL,ATL,0,0,,,,84.9,Slider
FC,2026-07-25,"Gray, Sonny",,called_strike,R,R,BOS,TOR,0,0,,,,88,Cutter
SL,2026-07-25,"Elder, Bryce",single,hit_into_play,L,R,BAL,ATL,1,2,224,104.7,14,84.9,Slider
FF,2026-07-25,"Elder, Bryce",,called_strike,L,R,BAL,ATL,1,1,,,,93.7,4-Seam Fastball
ST,2026-07-25,"Gray, Sonny",field_out,hit_into_play,R,R,BOS,TOR,0,0,17,81.8,-7,86.7,Sweeper
SI,2026-07-25,"Gray, Sonny",field_out,hit_into_play,L,R,BOS,TOR,0,1,1,51.6,-61,92.6,Sinker
SI,2026-07-25,"Elder, Bryce",,foul,L,R,BAL,ATL,1,0,258,87,53,90,Sinker
FF,2026-07-25,"Gray, Sonny",,called_strike,L,R,BOS,TOR,0,0,,,,92,4-Seam Fastball
FF,2026-07-25,"Elder, Bryce",,ball,L,R,BAL,ATL,0,0,,,,93.6,4-Seam Fastball
FC,2026-07-24,"Cameron, Noah",grounded_into_double_play,hit_into_play,L,L,DET,KC,2,2,17,98.8,-10,92.6,Cutter
SL,2026-07-24,"Cameron, Noah",,blocked_ball,L,L,DET,KC,1,2,,,,88.1,Slider
SL,2026-07-24,"Gore, MacKenzie",field_out,hit_into_play,L,L,TEX,SEA,2,2,382,98.2,28,85.4,Slider
SL,2026-07-24,"Cameron, Noah",,called_strike,L,L,DET,KC,1,1,,,,85.8,Slider
FF,2026-07-24,"Gore, MacKenzie",,foul,L,L,TEX,SEA,2,2,80,58.4,20,96.5,4-Seam Fastball
SI,2026-07-24,"Cameron, Noah",,called_strike,L,L,DET,KC,1,0,,,,93.4,Sinker
SI,2026-07-24,"Gore, MacKenzie",,foul,L,L,TEX,SEA,2,2,2,82.1,-41,96.2,Sinker
FC,2026-07-24,"Cameron, Noah",,ball,L,L,DET,KC,0,0,,,,91.2,Cutter
SL,2026-07-24,"Gore, MacKenzie",,blocked_ball,L,L,TEX,SEA,1,2,,,,85.7,Slider
CU,2026-07-24,"Cameron, Noah",strikeout,swinging_strike,R,L,DET,KC,1,2,,,,86.2,Curveball
SL,2026-07-24,"Gore, MacKenzie",,foul,L,L,TEX,SEA,1,1,71,48.7,13,86.5,Slider
SL,2026-07-24,"Gore, MacKenzie",,called_strike,L,L,TEX,SEA,1,0,,,,85.5,Slider
FF,2026-07-24,"Lopez, Jacob",field_out,hit_into_play,R,L,MIN,ATH,1,1,288,85.7,34,92.4,4-Seam Fastball
FC,2026-07-24,"Cameron, Noah",,foul,R,L,DET,KC,1,1,223,75.1,32,92.9,Cutter
FC,2026-07-24,"Cameron, Noah",,ball,R,L,DET,KC,0,1,,,,91.5,Cutter
FF,2026-07-24,"Lopez, Jacob",,called_strike,R,L,MIN,ATH,1,0,,,,92.2,4-Seam Fastball
FF,2026-07-24,"Gore, MacKenzie",,ball,L,L,TEX,SEA,0,0,,,,96.9,4-Seam Fastball
FC,2026-07-24,"Lopez, Jacob",,ball,R,L,MIN,ATH,0,0,,,,90.3,Cutter
FF,2026-07-24,"Gore, MacKenzie",field_out,hit_into_play,R,L,TEX,SEA,0,2,63,92.7,77,95.9,4-Seam Fastball
CU,2026-07-24,"Cameron, Noah",,called_strike,R,L,DET,KC,0,0,,,,81.5,Curveball
FF,2026-07-24,"Rogers, Trevor",strikeout,swinging_strike,R,L,BAL,ATL,1,2,,,,95.8,4-Seam Fastball
SL,2026-07-24,"Lopez, Jacob",field_out,hit_into_play,R,L,MIN,ATH,2,1,308,103.1,19,76.7,Slider
CU,2026-07-24,"Cameron, Noah",walk,ball,R,L,DET,KC,3,2,,,,83.6,Curveball
FF,2026-07-24,"Gore, MacKenzie",,swinging_strike,R,L,TEX,SEA,0,1,,,,96.2,4-Seam Fastball
FC,2026-07-24,"Lopez, Jacob",,foul,R,L,MIN,ATH,2,0,210,73.1,51,87.6,Cutter
CU,2026-07-24,"Cameron, Noah",,ball,R,L,DET,KC,2,2,,,,85.2,Curveball
CH,2026-07-24,"Rogers, Trevor",,swinging_strike,R,L,BAL,ATL,1,1,,,,88.6,Changeup
CU,2026-07-24,"Gore, MacKenzie",,foul,R,L,TEX,SEA,0,0,370,107.5,26,82.3,Curveball
ST,2026-07-24,"Rogers, Trevor",,foul,R,L,BAL,ATL,1,0,4,74.3,-31,77.3,Sweeper
CH,2026-07-24,"Cameron, Noah",,called_strike,R,L,DET,KC,2,1,,,,81.9,Changeup
CH,2026-07-24,"Lopez, Jacob",,ball,R,L,MIN,ATH,1,0,,,,83.3,Changeup
SL,2026-07-24,"Gore, MacKenzie",double,hit_into_play,L,L,TEX,SEA,1,2,293,96.3,17,85.1,Slider
FC,2026-07-24,"Cameron, Noah",,ball,R,L,DET,KC,1,1,,,,90.4,Cutter
ST,2026-07-24,"Rogers, Trevor",,ball,R,L,BAL,ATL,0,0,,,,78.1,Sweeper
SL,2026-07-24,"Lopez, Jacob",,ball,R,L,MIN,ATH,0,0,,,,76.7,Slider
SI,2026-07-24,"Gore, MacKenzie",,foul,L,L,TEX,SEA,1,2,236,75.6,40,97.1,Sinker
FC,2026-07-24,"Lopez, Jacob",double,hit_into_play,R,L,MIN,ATH,0,0,292,85.7,28,86.3,Cutter
CH,2026-07-24,"Rogers, Trevor",grounded_into_double_play,hit_into_play,R,L,BAL,ATL,1,0,5,91.5,-25,90.3,Changeup
CH,2026-07-24,"Cameron, Noah",,swinging_strike,R,L,DET,KC,1,0,,,,81.2,Changeup
FF,2026-07-24,"Gore, MacKenzie",,ball,L,L,TEX,SEA,0,2,,,,96.7,4-Seam Fastball
FF,2026-07-24,"Lopez, Jacob",field_out,hit_into_play,R,L,MIN,ATH,3,2,58,88.7,2,90.2,4-Seam Fastball
SL,2026-07-24,"Gore, MacKenzie",,foul,L,L,TEX,SEA,0,2,105,55.7,65,86.7,Slider
FF,2026-07-24,"Rogers, Trevor",,ball,R,L,BAL,ATL,0,0,,,,95.1,4-Seam Fastball
CH,2026-07-24,"Cameron, Noah",,ball,R,L,DET,KC,0,0,,,,80.8,Changeup
CH,2026-07-24,"Cameron, Noah",strikeout,swinging_strike,L,L,DET,KC,2,2,,,,80.8,Changeup
CH,2026-07-24,"Rogers, Trevor",single,hit_into_play,R,L,BAL,ATL,3,2,68,100.7,3,88.6,Changeup
FF,2026-07-24,"Lopez, Jacob",,ball,R,L,MIN,ATH,2,2,,,,93.1,4-Seam Fastball
SI,2026-07-24,"Gore, MacKenzie",,foul,L,L,TEX,SEA,0,1,,,,96.9,Sinker
ST,2026-07-24,"Rogers, Trevor",,ball,R,L,BAL,ATL,2,2,,,,78.9,Sweeper
SL,2026-07-24,"Cameron, Noah",,ball,L,L,DET,KC,1,2,,,,86.7,Slider
SL,2026-07-24,"Gore, MacKenzie",,foul,L,L,TEX,SEA,0,0,193,81.5,60,84.4,Slider
SL,2026-07-24,"Lopez, Jacob",,foul,R,L,MIN,ATH,2,1,6,65.9,-21,77.1,Slider
CU,2026-07-24,"Gore, MacKenzie",field_out,hit_into_play,R,L,TEX,SEA,1,2,187,65.3,48,83.4,Curveball
CH,2026-07-24,"Rogers, Trevor",,swinging_strike,R,L,BAL,ATL,2,1,,,,86.9,Changeup
SL,2026-07-24,"Cameron, Noah",,ball,L,L,DET,KC,0,2,,,,86,Slider
SL,2026-07-24,"Lopez, Jacob",,ball,R,L,MIN,ATH,1,1,,,,74.5,Slider
SL,2026-07-24,"Cameron, Noah",,swinging_strike,L,L,DET,KC,0,1,,,,84.8,Slider
FF,2026-07-24,"Rogers, Trevor",,ball,R,L,BAL,ATL,1,1,,,,93.5,4-Seam Fastball
FC,2026-07-24,"Lopez, Jacob",,swinging_strike,R,L,MIN,ATH,1,0,,,,86.5,Cutter
FF,2026-07-24,"Gore, MacKenzie",,foul,R,L,TEX,SEA,1,1,85,82.6,13,97,4-Seam Fastball
FC,2026-07-24,"Cameron, Noah",,called_strike,L,L,DET,KC,0,0,,,,89.5,Cutter
FC,2026-07-24,"Gore, MacKenzie",,swinging_strike,R,L,TEX,SEA,1,0,,,,90.2,Cutter
FF,2026-07-24,"Lopez, Jacob",,ball,R,L,MIN,ATH,0,0,,,,88.8,4-Seam Fastball
FF,2026-07-24,"Rogers, Trevor",,ball,R,L,BAL,ATL,0,1,,,,92.9,4-Seam Fastball
SL,2026-07-24,"Lopez, Jacob",field_out,hit_into_play,R,L,MIN,ATH,1,2,159,57.6,48,75.3,Slider
FF,2026-07-24,"Gore, MacKenzie",,ball,R,L,TEX,SEA,0,0,,,,95.9,4-Seam Fastball
SI,2026-07-24,"Rogers, Trevor",,called_strike,R,L,BAL,ATL,0,0,,,,93.4,Sinker
CU,2026-07-24,"Cameron, Noah",field_out,hit_into_play,R,L,DET,KC,1,2,84,79.2,6,85.5,Curveball
FF,2026-07-24,"Gore, MacKenzie",single,hit_into_play,R,L,TEX,SEA,1,1,67,100.6,1,95.5,4-Seam Fastball
CU,2026-07-24,"Cameron, Noah",,ball,R,L,DET,KC,0,2,,,,85.1,Curveball
FF,2026-07-24,"Rogers, Trevor",field_out,hit_into_play,R,L,BAL,ATL,0,2,290,84.1,24,94.9,4-Seam Fastball
FF,2026-07-24,"Lopez, Jacob",,foul,R,L,MIN,ATH,1,2,,,,93.4,4-Seam Fastball
FF,2026-07-24,"Rogers, Trevor",,swinging_strike,R,L,BAL,ATL,0,1,,,,94.8,4-Seam Fastball
SL,2026-07-24,"Lopez, Jacob",,ball,R,L,MIN,ATH,0,2,,,,77.3,Slider
FF,2026-07-24,"Gore, MacKenzie",,ball,R,L,TEX,SEA,0,1,,,,95.3,4-Seam Fastball
CH,2026-07-24,"Cameron, Noah",,swinging_strike,R,L,DET,KC,0,1,,,,82.1,Changeup
CU,2026-07-24,"Gore, MacKenzie",,swinging_strike,R,L,TEX,SEA,0,0,,,,80.6,Curveball
FC,2026-07-24,"Cameron, Noah",,called_strike,R,L,DET,KC,0,0,,,,90.1,Cutter
FF,2026-07-24,"Rogers, Trevor",,foul,R,L,BAL,ATL,0,0,210,72.6,44,93.2,4-Seam Fastball
FF,2026-07-24,"Lopez, Jacob",,foul_tip,R,L,MIN,ATH,0,1,,,,92,4-Seam Fastball
SI,2026-07-24,"Gore, MacKenzie",single,hit_into_play,L,L,TEX,SEA,1,1,194,76.6,16,95.9,Sinker
FC,2026-07-24,"Lopez, Jacob",,foul,R,L,MIN,ATH,0,0,180,71,59,87.1,Cutter
FF,2026-07-24,"Cameron, Noah",field_out,hit_into_play,R,L,DET,KC,0,0,36,101.5,-1,91.5,4-Seam Fastball
SI,2026-07-24,"Rogers, Trevor",field_out,hit_into_play,L,L,BAL,ATL,0,1,184,57.8,37,94.1,Sinker
FF,2026-07-24,"Cameron, Noah",field_out,hit_into_play,L,L,DET,KC,1,1,317,101.3,19,95.6,4-Seam Fastball
SI,2026-07-24,"Rogers, Trevor",,swinging_strike,L,L,BAL,ATL,0,0,,,,94.4,Sinker
FF,2026-07-24,"Lopez, Jacob",walk,ball,R,L,MIN,ATH,3,1,,,,92,4-Seam Fastball
FF,2026-07-24,"Gore, MacKenzie",,foul,L,L,TEX,SEA,1,0,97,78.7,17,95.7,4-Seam Fastball
FF,2026-07-24,"Gore, MacKenzie",,ball,L,L,TEX,SEA,0,0,,,,94.9,4-Seam Fastball
SL,2026-07-24,"Cameron, Noah",,blocked_ball,L,L,DET,KC,0,1,,,,87.1,Slider
ST,2026-07-24,"Rogers, Trevor",single,hit_into_play,L,L,BAL,ATL,1,2,73,88.6,4,77,Sweeper
FC,2026-07-24,"Lopez, Jacob",,ball,R,L,MIN,ATH,2,1,,,,86.4,Cutter
FC,2026-07-24,"Cameron, Noah",,foul,L,L,DET,KC,0,0,221,71.1,41,91.3,Cutter
FF,2026-07-24,"Lopez, Jacob",,ball,R,L,MIN,ATH,1,1,,,,91.4,4-Seam Fastball
FF,2026-07-24,"Rogers, Trevor",,foul,L,L,BAL,ATL,1,1,209,73,44,94.1,4-Seam Fastball
CH,2026-07-24,"Gore, MacKenzie",strikeout,swinging_strike,R,L,TEX,SEA,2,2,,,,88.6,Changeup
CH,2026-07-24,"Rogers, Trevor",,ball,L,L,BAL,ATL,0,1,,,,88.2,Changeup
FF,2026-07-24,"Cameron, Noah",double,hit_into_play,R,L,DET,KC,2,1,354,105.5,21,94.6,4-Seam Fastball
SL,2026-07-24,"Lopez, Jacob",,swinging_strike,R,L,MIN,ATH,1,0,,,,76.3,Slider
CH,2026-07-24,"Gore, MacKenzie",,ball,R,L,TEX,SEA,1,2,,,,88.5,Changeup
FF,2026-07-24,"Gore, MacKenzie",,foul,R,L,TEX,SEA,1,1,181,74,61,96.2,4-Seam Fastball
FC,2026-07-24,"Rogers, Trevor",,called_strike,L,L,BAL,ATL,0,0,,,,82.6,Cutter
SL,2026-07-24,"Lopez, Jacob",,ball,R,L,MIN,ATH,0,0,,,,74.3,Slider
CU,2026-07-24,"Cameron, Noah",,ball,R,L,DET,KC,1,1,,,,83.2,Curveball
SL,2026-07-24,"Lopez, Jacob",field_out,hit_into_play,R,L,MIN,ATH,2,2,270,91.4,48,75.8,Slider
FF,2026-07-24,"Gore, MacKenzie",,ball,R,L,TEX,SEA,0,1,,,,95.9,4-Seam Fastball
CH,2026-07-24,"Cameron, Noah",,swinging_strike,R,L,DET,KC,1,0,,,,83.9,Changeup
ST,2026-07-24,"Rogers, Trevor",strikeout,swinging_strike,R,L,BAL,ATL,0,2,,,,77,Sweeper
FF,2026-07-24,"Gore, MacKenzie",,called_strike,R,L,TEX,SEA,0,0,,,,97.3,4-Seam Fastball
FF,2026-07-24,"Rogers, Trevor",,swinging_strike,R,L,BAL,ATL,0,1,,,,93.3,4-Seam Fastball
FF,2026-07-24,"Cameron, Noah",,ball,R,L,DET,KC,0,0,,,,94.8,4-Seam Fastball
FF,2026-07-24,"Lopez, Jacob",,ball,R,L,MIN,ATH,1,2,,,,92.7,4-Seam Fastball
SL,2026-07-24,"Cameron, Noah",strikeout,swinging_strike,R,L,DET,KC,2,2,,,,86.4,Slider
CH,2026-07-24,"Gore, MacKenzie",strikeout,swinging_strike,R,L,TEX,SEA,1,2,,,,87.7,Changeup
FF,2026-07-24,"Rogers, Trevor",,swinging_strike,R,L,BAL,ATL,0,0,,,,92.3,4-Seam Fastball
FF,2026-07-24,"Lopez, Jacob",,ball,R,L,MIN,ATH,0,2,,,,92.1,4-Seam Fastball
CH,2026-07-24,"Rogers, Trevor",strikeout,swinging_strike,L,L,BAL,ATL,0,2,,,,86,Changeup
FF,2026-07-24,"Gore, MacKenzie",,foul,R,L,TEX,SEA,1,1,125,61.7,63,95.7,4-Seam Fastball
CU,2026-07-24,"Cameron, Noah",,foul,R,L,DET,KC,2,1,173,69.6,22,83.1,Curveball
FF,2026-07-24,"Lopez, Jacob",,foul,R,L,MIN,ATH,0,1,250,76.4,34,91.6,4-Seam Fastball
FC,2026-07-24,"Cameron, Noah",,swinging_strike,R,L,DET,KC,2,0,,,,91.6,Cutter
FC,2026-07-24,"Lopez, Jacob",,swinging_strike,R,L,MIN,ATH,0,0,,,,85.8,Cutter
FF,2026-07-24,"Gore, MacKenzie",,ball,R,L,TEX,SEA,0,1,,,,95.3,4-Seam Fastball
FC,2026-07-24,"Rogers, Trevor",,foul,L,L,BAL,ATL,0,1,2,63.4,-47,83,Cutter
SL,2026-07-24,"Lopez, Jacob",walk,ball,R,L,MIN,ATH,3,1,,,,77,Slider
CU,2026-07-24,"Gore, MacKenzie",,called_strike,R,L,TEX,SEA,0,0,,,,82.8,Curveball
FC,2026-07-24,"Rogers, Trevor",,swinging_strike,L,L,BAL,ATL,0,0,,,,83.6,Cutter
CH,2026-07-24,"Cameron, Noah",,ball,R,L,DET,KC,1,0,,,,83.3,Changeup
FC,2026-07-24,"Cameron, Noah",,ball,R,L,DET,KC,0,0,,,,91.5,Cutter
FF,2026-07-24,"Gore, MacKenzie",field_out,hit_into_play,L,L,TEX,SEA,2,2,3,75.3,-39,96.2,4-Seam Fastball
CH,2026-07-24,"Rogers, Trevor",field_out,hit_into_play,R,L,BAL,ATL,0,2,32,80,-2,85.5,Changeup
FF,2026-07-24,"Lopez, Jacob",,called_strike,R,L,MIN,ATH,3,0,,,,90.6,4-Seam Fastball
FF,2026-07-24,"Lopez, Jacob",,ball,R,L,MIN,ATH,2,0,,,,92.6,4-Seam Fastball
SL,2026-07-24,"Gore, MacKenzie",,ball,L,L,TEX,SEA,1,2,,,,85,Slider
CH,2026-07-24,"Rogers, Trevor",,swinging_strike,R,L,BAL,ATL,0,1,,,,86.8,Changeup
FF,2026-07-24,"Cameron, Noah",field_out,hit_into_play,L,L,DET,KC,1,2,353,95.3,31,94.4,4-Seam Fastball
FC,2026-07-24,"Lopez, Jacob",,ball,R,L,MIN,ATH,1,0,,,,87.5,Cutter
SL,2026-07-24,"Gore, MacKenzie",,ball,L,L,TEX,SEA,0,2,,,,86,Slider
FC,2026-07-24,"Rogers, Trevor",,called_strike,R,L,BAL,ATL,0,0,,,,80.3,Cutter
CH,2026-07-24,"Cameron, Noah",,foul,L,L,DET,KC,1,1,288,108.2,19,81.9,Changeup
FF,2026-07-24,"Rogers, Trevor",field_out,hit_into_play,R,L,BAL,ATL,0,1,368,96.6,28,92.6,4-Seam Fastball
FC,2026-07-24,"Cameron, Noah",,ball,L,L,DET,KC,0,1,,,,88.1,Cutter
SI,2026-07-24,"Gore, MacKenzie",,foul,L,L,TEX,SEA,0,1,145,56.3,51,96.3,Sinker
CH,2026-07-24,"Lopez, Jacob",,ball,R,L,MIN,ATH,0,0,,,,84.5,Changeup
FC,2026-07-24,"Lopez, Jacob",field_out,hit_into_play,R,L,MIN,ATH,1,1,11,87.2,-18,87.5,Cutter
FF,2026-07-24,"Rogers, Trevor",,called_strike,R,L,BAL,ATL,0,0,,,,92.1,4-Seam Fastball
FF,2026-07-24,"Gore, MacKenzie",,called_strike,L,L,TEX,SEA,0,0,,,,96.3,4-Seam Fastball
FF,2026-07-24,"Cameron, Noah",,called_strike,L,L,DET,KC,0,0,,,,93.1,4-Seam Fastball
SL,2026-07-24,"Cameron, Noah",strikeout,swinging_strike,R,L,DET,KC,1,2,,,,88,Slider
FF,2026-07-24,"Gore, MacKenzie",force_out,hit_into_play,L,L,TEX,SEA,1,0,7,94.6,-20,96.8,4-Seam Fastball
FF,2026-07-24,"Rogers, Trevor",field_out,hit_into_play,R,L,BAL,ATL,0,2,185,86.8,61,94.9,4-Seam Fastball
SL,2026-07-24,"Lopez, Jacob",,ball,R,L,MIN,ATH,0,1,,,,75.8,Slider
FC,2026-07-24,"Lopez, Jacob",,called_strike,R,L,MIN,ATH,0,0,,,,87.5,Cutter
CH,2026-07-24,"Rogers, Trevor",,swinging_strike,R,L,BAL,ATL,0,1,,,,87.6,Changeup
CH,2026-07-24,"Cameron, Noah",,foul,R,L,DET,KC,1,1,,,,83.6,Changeup
SL,2026-07-24,"Gore, MacKenzie",,ball,L,L,TEX,SEA,0,0,,,,84.5,Slider
FF,2026-07-24,"Gore, MacKenzie",single,hit_into_play,R,L,TEX,SEA,0,0,82,108.6,3,95.9,4-Seam Fastball
FF,2026-07-24,"Cameron, Noah",,ball,R,L,DET,KC,0,1,,,,95.2,4-Seam Fastball
SL,2026-07-24,"Lopez, Jacob",strikeout,swinging_strike,R,L,MIN,ATH,3,2,,,,77.5,Slider
FF,2026-07-24,"Rogers, Trevor",,swinging_strike,R,L,BAL,ATL,0,0,,,,94.6,4-Seam Fastball
CH,2026-07-24,"Rogers, Trevor",single,hit_into_play,R,L,BAL,ATL,1,2,20,109.5,-5,89.1,Changeup
FC,2026-07-24,"Cameron, Noah",,called_strike,R,L,DET,KC,0,0,,,,93.1,Cutter
SL,2026-07-24,"Gore, MacKenzie",grounded_into_double_play,hit_into_play,L,L,TEX,SEA,2,1,5,68.4,-31,84.1,Slider
FC,2026-07-24,"Lopez, Jacob",,ball,R,L,MIN,ATH,2,2,,,,88.5,Cutter
CU,2026-07-24,"Cameron, Noah",walk,ball,R,L,DET,KC,3,2,,,,83.6,Curveball
FF,2026-07-24,"Lopez, Jacob",,foul,R,L,MIN,ATH,2,2,41,72.8,28,92.3,4-Seam Fastball
FF,2026-07-24,"Rogers, Trevor",,foul,R,L,BAL,ATL,1,2,190,79.8,16,95,4-Seam Fastball
FF,2026-07-24,"Gore, MacKenzie",,ball,L,L,TEX,SEA,1,1,,,,97.8,4-Seam Fastball
FF,2026-07-24,"Cameron, Noah",,ball,R,L,DET,KC,2,2,,,,94.8,4-Seam Fastball
SI,2026-07-24,"Gore, MacKenzie",,ball,L,L,TEX,SEA,0,1,,,,97.1,Sinker
SL,2026-07-24,"Lopez, Jacob",,called_strike,R,L,MIN,ATH,2,1,,,,77.8,Slider
FF,2026-07-24,"Rogers, Trevor",,foul,R,L,BAL,ATL,1,2,167,74.1,68,96.3,4-Seam Fastball
FF,2026-07-24,"Lopez, Jacob",,called_strike,R,L,MIN,ATH,2,0,,,,92.2,4-Seam Fastball
FF,2026-07-24,"Rogers, Trevor",,foul,R,L,BAL,ATL,1,1,263,77.9,47,94.8,4-Seam Fastball
SL,2026-07-24,"Gore, MacKenzie",,foul,L,L,TEX,SEA,0,0,213,72.2,50,84.1,Slider
CH,2026-07-24,"Cameron, Noah",,swinging_strike,R,L,DET,KC,2,1,,,,82,Changeup
FF,2026-07-24,"Lopez, Jacob",,ball,R,L,MIN,ATH,1,0,,,,91.7,4-Seam Fastball
CH,2026-07-24,"Rogers, Trevor",,foul,R,L,BAL,ATL,1,0,71,70.9,7,89.1,Changeup
SL,2026-07-24,"Cameron, Noah",,ball,R,L,DET,KC,1,1,,,,85.8,Slider
CH,2026-07-24,"Gore, MacKenzie",single,hit_into_play,R,L,TEX,SEA,0,1,307,93.5,17,87.5,Changeup
FC,2026-07-24,"Cameron, Noah",,called_strike,R,L,DET,KC,1,0,,,,92.2,Cutter
SL,2026-07-24,"Lopez, Jacob",,ball,R,L,MIN,ATH,0,0,,,,75.8,Slider
CH,2026-07-24,"Rogers, Trevor",,ball,R,L,BAL,ATL,0,0,,,,89.3,Changeup
CU,2026-07-24,"Gore, MacKenzie",,swinging_strike,R,L,TEX,SEA,0,0,,,,81.9,Curveball
CH,2026-07-24,"Rogers, Trevor",sac_fly,hit_into_play,R,L,BAL,ATL,1,1,346,105.6,18,89.7,Changeup
SL,2026-07-24,"Lopez, Jacob",hit_by_pitch,hit_by_pitch,R,L,MIN,ATH,1,2,,,,78.4,Slider
CU,2026-07-24,"Gore, MacKenzie",field_out,hit_into_play,R,L,TEX,SEA,2,2,42,68.1,2,83.8,Curveball
CU,2026-07-24,"Cameron, Noah",,ball,R,L,DET,KC,0,0,,,,83.8,Curveball
FF,2026-07-24,"Gore, MacKenzie",,foul,R,L,TEX,SEA,2,2,215,84.1,66,97.2,4-Seam Fastball
FC,2026-07-24,"Lopez, Jacob",,foul,R,L,MIN,ATH,1,1,,,,86.7,Cutter
FF,2026-07-24,"Rogers, Trevor",,ball,R,L,BAL,ATL,0,1,,,,96,4-Seam Fastball
CU,2026-07-24,"Cameron, Noah",strikeout,swinging_strike,L,L,DET,KC,2,2,,,,86.5,Curveball
FC,2026-07-24,"Cameron, Noah",,called_strike,L,L,DET,KC,2,1,,,,92.5,Cutter
FF,2026-07-24,"Lopez, Jacob",,ball,R,L,MIN,ATH,0,1,,,,91.9,4-Seam Fastball
FF,2026-07-24,"Rogers, Trevor",,foul,R,L,BAL,ATL,0,0,215,76.3,53,95.6,4-Seam Fastball
FF,2026-07-24,"Gore, MacKenzie",,foul,R,L,TEX,SEA,2,2,,,,97.5,4-Seam Fastball
SL,2026-07-24,"Cameron, Noah",,ball,L,L,DET,KC,1,1,,,,87.2,Slider
FF,2026-07-24,"Lopez, Jacob",,foul,R,L,MIN,ATH,0,0,144,73.8,13,91.9,4-Seam Fastball
FF,2026-07-24,"Rogers, Trevor",double,hit_into_play,L,L,BAL,ATL,1,2,343,106.8,18,96,4-Seam Fastball
CU,2026-07-24,"Gore, MacKenzie",,ball,R,L,TEX,SEA,1,2,,,,84.1,Curveball
SL,2026-07-24,"Lopez, Jacob",walk,ball,R,L,MIN,ATH,3,2,,,,77.3,Slider
ST,2026-07-24,"Rogers, Trevor",,foul,L,L,BAL,ATL,1,2,148,69.3,69,79.8,Sweeper
FF,2026-07-24,"Gore, MacKenzie",,swinging_strike,R,L,TEX,SEA,1,1,,,,96.9,4-Seam Fastball
SL,2026-07-24,"Cameron, Noah",,ball,L,L,DET,KC,0,1,,,,87.6,Slider
SI,2026-07-24,"Cameron, Noah",,called_strike,L,L,DET,KC,0,0,,,,94.4,Sinker
FF,2026-07-24,"Gore, MacKenzie",,called_strike,R,L,TEX,SEA,1,0,,,,97,4-Seam Fastball
FF,2026-07-24,"Rogers, Trevor",,swinging_strike,L,L,BAL,ATL,1,1,,,,94.5,4-Seam Fastball
SL,2026-07-24,"Lopez, Jacob",,ball,R,L,MIN,ATH,2,2,,,,77.9,Slider
FC,2026-07-24,"Lopez, Jacob",,ball,R,L,MIN,ATH,1,2,,,,89.7,Cutter
FF,2026-07-24,"Gore, MacKenzie",,ball,R,L,TEX,SEA,0,0,,,,96.8,4-Seam Fastball
FF,2026-07-24,"Rogers, Trevor",,ball,L,L,BAL,ATL,0,1,,,,95.9,4-Seam Fastball
FC,2026-07-24,"Cameron, Noah",field_out,hit_into_play,R,L,DET,KC,2,2,14,105.2,-7,92.2,Cutter
FF,2026-07-24,"Rogers, Trevor",,foul,L,L,BAL,ATL,0,0,192,76.8,57,95.1,4-Seam Fastball
CH,2026-07-24,"Lopez, Jacob",,ball,R,L,MIN,ATH,0,2,,,,85.5,Changeup
CH,2026-07-24,"Cameron, Noah",,ball,R,L,DET,KC,1,2,,,,83.7,Changeup
SI,2026-07-24,"Gore, MacKenzie",walk,ball,L,L,TEX,SEA,3,2,,,,96.9,Sinker
FF,2026-07-24,"Gore, MacKenzie",,foul,L,L,TEX,SEA,3,1,201,84.3,15,96.1,4-Seam Fastball
SL,2026-07-24,"Lopez, Jacob",,foul,R,L,MIN,ATH,0,1,74,71.8,7,77.4,Slider
ST,2026-07-24,"Rogers, Trevor",strikeout,called_strike,L,L,BAL,ATL,2,2,,,,78.4,Sweeper
CU,2026-07-24,"Cameron, Noah",,ball,R,L,DET,KC,0,2,,,,84.2,Curveball
CU,2026-07-24,"Cameron, Noah",,called_strike,R,L,DET,KC,0,1,,,,80.9,Curveball
SL,2026-07-24,"Lopez, Jacob",,called_strike,R,L,MIN,ATH,0,0,,,,77.4,Slider
CH,2026-07-24,"Rogers, Trevor",,blocked_ball,L,L,BAL,ATL,1,2,,,,88,Changeup
FF,2026-07-24,"Gore, MacKenzie",,called_strike,L,L,TEX,SEA,3,0,,,,96.7,4-Seam Fastball
FF,2026-07-24,"Rogers, Trevor",,called_strike,L,L,BAL,ATL,1,1,,,,95,4-Seam Fastball
CH,2026-07-24,"Lopez, Jacob",field_out,hit_into_play,R,L,MIN,ATH,0,1,285,77.7,31,84.1,Changeup
SI,2026-07-24,"Gore, MacKenzie",,ball,L,L,TEX,SEA,2,0,,,,96.2,Sinker
FC,2026-07-24,"Cameron, Noah",,foul,R,L,DET,KC,0,0,,,,91,Cutter
SL,2026-07-24,"Gore, MacKenzie",,ball,L,L,TEX,SEA,1,0,,,,85.7,Slider
FF,2026-07-24,"Lopez, Jacob",,called_strike,R,L,MIN,ATH,0,0,,,,90.6,4-Seam Fastball
ST,2026-07-24,"Rogers, Trevor",,ball,L,L,BAL,ATL,0,1,,,,78.8,Sweeper
SL,2026-07-24,"Cameron, Noah",grounded_into_double_play,hit_into_play,R,L,DET,KC,0,1,6,87,-20,88,Slider
SI,2026-07-24,"Gore, MacKenzie",,ball,L,L,TEX,SEA,0,0,,,,97.4,Sinker
SI,2026-07-24,"Rogers, Trevor",,foul,L,L,BAL,ATL,0,0,293,89.1,31,94,Sinker
FC,2026-07-24,"Lopez, Jacob",field_out,hit_into_play,R,L,MIN,ATH,0,0,44,73.6,87,87.3,Cutter
CH,2026-07-24,"Cameron, Noah",,swinging_strike,R,L,DET,KC,0,0,,,,81.6,Changeup
FF,2026-07-24,"Lopez, Jacob",strikeout,swinging_strike,R,L,MIN,ATH,1,2,,,,94.3,4-Seam Fastball
FF,2026-07-24,"Gore, MacKenzie",single,hit_into_play,R,L,TEX,SEA,2,1,207,107.7,8,98.1,4-Seam Fastball
CH,2026-07-24,"Rogers, Trevor",single,hit_into_play,R,L,BAL,ATL,0,0,243,92,14,87.1,Changeup
SI,2026-07-24,"Cameron, Noah",single,hit_into_play,L,L,DET,KC,0,0,167,85.5,11,92.5,Sinker
FC,2026-07-24,"Lopez, Jacob",,swinging_strike,R,L,MIN,ATH,1,1,,,,89.3,Cutter
ST,2026-07-24,"Rogers, Trevor",strikeout,called_strike,L,L,BAL,ATL,0,2,,,,80.3,Sweeper
CU,2026-07-24,"Gore, MacKenzie",,ball,R,L,TEX,SEA,1,1,,,,84.2,Curveball
SL,2026-07-24,"Cameron, Noah",field_out,hit_into_play,R,L,DET,KC,1,1,186,74.7,50,85.4,Slider
SI,2026-07-24,"Rogers, Trevor",,foul,L,L,BAL,ATL,0,2,186,66.1,40,95.9,Sinker
CH,2026-07-24,"Gore, MacKenzie",,blocked_ball,R,L,TEX,SEA,0,1,,,,88.6,Changeup
FF,2026-07-24,"Cameron, Noah",,called_strike,R,L,DET,KC,1,0,,,,94.2,4-Seam Fastball
CH,2026-07-24,"Lopez, Jacob",,ball,R,L,MIN,ATH,0,1,,,,85.3,Changeup
FF,2026-07-24,"Gore, MacKenzie",,foul,R,L,TEX,SEA,0,0,,,,96.7,4-Seam Fastball
FF,2026-07-24,"Cameron, Noah",,ball,R,L,DET,KC,0,0,,,,93.3,4-Seam Fastball
ST,2026-07-24,"Rogers, Trevor",,foul,L,L,BAL,ATL,0,1,143,60.8,20,78.7,Sweeper
SL,2026-07-24,"Lopez, Jacob",,called_strike,R,L,MIN,ATH,0,0,,,,76.2,Slider
FF,2026-07-24,"Rogers, Trevor",,swinging_strike,L,L,BAL,ATL,0,0,,,,94.9,4-Seam Fastball
SL,2026-07-24,"Lopez, Jacob",strikeout,swinging_strike,R,L,MIN,ATH,1,2,,,,76.8,Slider
CH,2026-07-24,"Cameron, Noah",strikeout,swinging_strike,R,L,DET,KC,1,2,,,,81.1,Changeup
FF,2026-07-24,"Gore, MacKenzie",strikeout,swinging_strike,R,L,TEX,SEA,1,2,,,,97.4,4-Seam Fastball
CU,2026-07-24,"Cameron, Noah",,called_strike,R,L,DET,KC,1,1,,,,82.5,Curveball
FF,2026-07-24,"Lopez, Jacob",,ball,R,L,MIN,ATH,0,2,,,,92.7,4-Seam Fastball
FF,2026-07-24,"Rogers, Trevor",field_out,hit_into_play,R,L,BAL,ATL,1,1,282,91.9,49,95.8,4-Seam Fastball
FF,2026-07-24,"Gore, MacKenzie",,called_strike,R,L,TEX,SEA,1,1,,,,97.4,4-Seam Fastball
FC,2026-07-24,"Cameron, Noah",,foul,R,L,DET,KC,1,0,63,100.1,2,92.1,Cutter
FF,2026-07-24,"Gore, MacKenzie",,called_strike,R,L,TEX,SEA,1,0,,,,96.9,4-Seam Fastball
FF,2026-07-24,"Lopez, Jacob",,called_strike,R,L,MIN,ATH,0,1,,,,92.4,4-Seam Fastball
CH,2026-07-24,"Rogers, Trevor",,ball,R,L,BAL,ATL,0,1,,,,87.1,Changeup
FF,2026-07-24,"Gore, MacKenzie",,ball,R,L,TEX,SEA,0,0,,,,97.4,4-Seam Fastball
CH,2026-07-24,"Rogers, Trevor",,swinging_strike,R,L,BAL,ATL,0,0,,,,87,Changeup
FC,2026-07-24,"Lopez, Jacob",,called_strike,R,L,MIN,ATH,0,0,,,,85.3,Cutter
FC,2026-07-24,"Cameron, Noah",,ball,R,L,DET,KC,0,0,,,,93.5,Cutter
FC,2026-07-24,"Cameron, Noah",strikeout,swinging_strike,L,L,DET,KC,3,2,,,,93.4,Cutter
SL,2026-07-24,"Gore, MacKenzie",single,hit_into_play,L,L,TEX,SEA,0,0,50,86.3,2,86.5,Slider
FF,2026-07-24,"Lopez, Jacob",strikeout,swinging_strike,R,L,MIN,ATH,2,2,,,,93.4,4-Seam Fastball
ST,2026-07-24,"Rogers, Trevor",double,hit_into_play,R,L,BAL,ATL,1,2,88,97.6,3,76.6,Sweeper
SL,2026-07-24,"Cameron, Noah",,ball,L,L,DET,KC,2,2,,,,87.5,Slider
FF,2026-07-24,"Rogers, Trevor",,foul,R,L,BAL,ATL,1,1,239,73,48,94.6,4-Seam Fastball
SL,2026-07-24,"Lopez, Jacob",,foul,R,L,MIN,ATH,2,2,250,91.8,17,75.9,Slider
SI,2026-07-24,"Gore, MacKenzie",walk,ball,L,L,TEX,SEA,3,1,,,,96.6,Sinker
CH,2026-07-24,"Cameron, Noah",,ball,L,L,DET,KC,1,2,,,,81.9,Changeup
FF,2026-07-24,"Gore, MacKenzie",,ball,L,L,TEX,SEA,2,1,,,,97.3,4-Seam Fastball
ST,2026-07-24,"Rogers, Trevor",,ball,R,L,BAL,ATL,0,1,,,,76.7,Sweeper
FF,2026-07-24,"Lopez, Jacob",,foul_tip,R,L,MIN,ATH,2,1,,,,92.3,4-Seam Fastball
ST,2026-07-24,"Rogers, Trevor",,called_strike,R,L,BAL,ATL,0,0,,,,76,Sweeper
CU,2026-07-24,"Gore, MacKenzie",,ball,L,L,TEX,SEA,1,1,,,,84.8,Curveball
FF,2026-07-24,"Cameron, Noah",,foul,L,L,DET,KC,1,1,168,76.3,16,95.7,4-Seam Fastball
FF,2026-07-24,"Lopez, Jacob",,foul,R,L,MIN,ATH,2,0,117,75.2,10,91.1,4-Seam Fastball
ST,2026-07-24,"Rogers, Trevor",field_out,hit_into_play,R,L,BAL,ATL,0,2,355,95.2,30,76.9,Sweeper
FC,2026-07-24,"Cameron, Noah",,foul,L,L,DET,KC,1,0,146,76.7,13,90.8,Cutter
SI,2026-07-24,"Gore, MacKenzie",,ball,L,L,TEX,SEA,0,1,,,,98.2,Sinker
CH,2026-07-24,"Lopez, Jacob",,ball,R,L,MIN,ATH,1,0,,,,83,Changeup
SL,2026-07-24,"Gore, MacKenzie",,called_strike,L,L,TEX,SEA,0,0,,,,86.3,Slider
FF,2026-07-24,"Cameron, Noah",,ball,L,L,DET,KC,0,0,,,,94.8,4-Seam Fastball
FF,2026-07-24,"Lopez, Jacob",,ball,R,L,MIN,ATH,0,0,,,,89.5,4-Seam Fastball
FF,2026-07-24,"Rogers, Trevor",,foul,R,L,BAL,ATL,0,1,395,108.4,34,93.3,4-Seam Fastball
FF,2026-07-24,"Rogers, Trevor",,called_strike,R,L,BAL,ATL,0,0,,,,92.9,4-Seam Fastball
FF,2026-07-24,"Cameron, Noah",strikeout,called_strike,R,L,DET,KC,1,2,,,,94.7,4-Seam Fastball
FF,2026-07-24,"Lopez, Jacob",field_out,hit_into_play,R,L,MIN,ATH,3,2,77,92.7,1,92.4,4-Seam Fastball
FF,2026-07-24,"Gore, MacKenzie",strikeout,swinging_strike,R,L,TEX,SEA,1,2,,,,96.8,4-Seam Fastball
SL,2026-07-24,"Lopez, Jacob",,ball,R,L,MIN,ATH,2,2,,,,76.6,Slider
CH,2026-07-24,"Rogers, Trevor",field_out,hit_into_play,R,L,BAL,ATL,1,0,195,92.9,62,86.7,Changeup
FF,2026-07-24,"Cameron, Noah",,ball,R,L,DET,KC,0,2,,,,94.3,4-Seam Fastball
FF,2026-07-24,"Gore, MacKenzie",,swinging_strike,R,L,TEX,SEA,1,1,,,,96.2,4-Seam Fastball
CH,2026-07-24,"Cameron, Noah",,foul,R,L,DET,KC,0,1,4,82.4,-31,82.1,Changeup
FF,2026-07-24,"Gore, MacKenzie",,called_strike,R,L,TEX,SEA,1,0,,,,95.7,4-Seam Fastball
FF,2026-07-24,"Lopez, Jacob",,swinging_strike,R,L,MIN,ATH,2,1,,,,91.8,4-Seam Fastball
SI,2026-07-24,"Rogers, Trevor",,ball,R,L,BAL,ATL,0,0,,,,95.4,Sinker
CH,2026-07-24,"Lopez, Jacob",,ball,R,L,MIN,ATH,1,1,,,,83.5,Changeup
ST,2026-07-24,"Rogers, Trevor",field_out,hit_into_play,R,L,BAL,ATL,0,2,126,62.6,18,78.2,Sweeper
CU,2026-07-24,"Gore, MacKenzie",,ball,R,L,TEX,SEA,0,0,,,,81.9,Curveball
FC,2026-07-24,"Cameron, Noah",,swinging_strike,R,L,DET,KC,0,0,,,,90.1,Cutter
SL,2026-07-24,"Gore, MacKenzie",strikeout,swinging_strike,L,L,TEX,SEA,0,2,,,,85.3,Slider
FF,2026-07-24,"Rogers, Trevor",,foul,R,L,BAL,ATL,0,2,,,,95.4,4-Seam Fastball
SL,2026-07-24,"Lopez, Jacob",,ball,R,L,MIN,ATH,0,1,,,,75,Slider
FC,2026-07-24,"Cameron, Noah",field_out,hit_into_play,R,L,DET,KC,2,1,7,96.3,-15,93.4,Cutter
SL,2026-07-24,"Gore, MacKenzie",,foul,L,L,TEX,SEA,0,1,139,78,70,86.7,Slider
CH,2026-07-24,"Cameron, Noah",,ball,R,L,DET,KC,1,1,,,,84.8,Changeup
SL,2026-07-24,"Lopez, Jacob",,called_strike,R,L,MIN,ATH,0,0,,,,76.3,Slider
CH,2026-07-24,"Rogers, Trevor",,foul,R,L,BAL,ATL,0,2,2,84.9,-51,88,Changeup
SL,2026-07-24,"Gore, MacKenzie",,called_strike,L,L,TEX,SEA,0,0,,,,85.6,Slider
ST,2026-07-24,"Rogers, Trevor",,foul,R,L,BAL,ATL,0,1,99,52.4,65,78.7,Sweeper
FC,2026-07-24,"Lopez, Jacob",field_out,hit_into_play,R,L,MIN,ATH,0,1,8,100,-19,87.9,Cutter
CU,2026-07-24,"Cameron, Noah",,ball,R,L,DET,KC,0,1,,,,82.7,Curveball
FC,2026-07-24,"Cameron, Noah",,called_strike,R,L,DET,KC,0,0,,,,92.5,Cutter
FF,2026-07-24,"Rogers, Trevor",,called_strike,R,L,BAL,ATL,0,0,,,,94,4-Seam Fastball
FC,2026-07-24,"Lopez, Jacob",,called_strike,R,L,MIN,ATH,0,0,,,,87.5,Cutter
FF,2026-07-24,"Gore, MacKenzie",field_out,hit_into_play,R,L,TEX,SEA,3,2,1,65.1,-55,97.4,4-Seam Fastball
ST,2026-07-24,"Rogers, Trevor",field_out,hit_into_play,L,L,BAL,ATL,0,1,101,64.2,68,77.7,Sweeper
FC,2026-07-24,"Cameron, Noah",field_out,hit_into_play,L,L,DET,KC,1,1,146,68.8,17,91.8,Cutter
FF,2026-07-24,"Lopez, Jacob",field_out,hit_into_play,R,L,MIN,ATH,3,2,374,99.4,26,92.7,4-Seam Fastball
FF,2026-07-24,"Gore, MacKenzie",,foul,R,L,TEX,SEA,3,2,238,78.6,26,98.1,4-Seam Fastball
SI,2026-07-24,"Cameron, Noah",,ball,L,L,DET,KC,0,1,,,,93.3,Sinker
CH,2026-07-24,"Gore, MacKenzie",,foul,R,L,TEX,SEA,3,2,229,87.6,54,87.2,Changeup
FF,2026-07-24,"Lopez, Jacob",,swinging_strike,R,L,MIN,ATH,3,1,,,,91.9,4-Seam Fastball
FF,2026-07-24,"Rogers, Trevor",,called_strike,L,L,BAL,ATL,0,0,,,,94.1,4-Seam Fastball
FC,2026-07-24,"Lopez, Jacob",,ball,R,L,MIN,ATH,2,1,,,,86.9,Cutter
CH,2026-07-24,"Gore, MacKenzie",,ball,R,L,TEX,SEA,2,2,,,,88,Changeup
SL,2026-07-24,"Cameron, Noah",,swinging_strike,L,L,DET,KC,0,0,,,,85.3,Slider
FF,2026-07-24,"Rogers, Trevor",strikeout,swinging_strike,L,L,BAL,ATL,0,2,,,,95.6,4-Seam Fastball
FF,2026-07-24,"Gore, MacKenzie",,foul,R,L,TEX,SEA,2,1,246,75.4,37,97.2,4-Seam Fastball
FF,2026-07-24,"Rogers, Trevor",,called_strike,L,L,BAL,ATL,0,1,,,,96.1,4-Seam Fastball
FC,2026-07-24,"Cameron, Noah",walk,ball,R,L,DET,KC,3,2,,,,92.6,Cutter
CH,2026-07-24,"Lopez, Jacob",,ball,R,L,MIN,ATH,1,1,,,,84.2,Changeup
CU,2026-07-24,"Cameron, Noah",,ball,R,L,DET,KC,2,2,,,,85.6,Curveball
SI,2026-07-24,"Rogers, Trevor",,called_strike,L,L,BAL,ATL,0,0,,,,95.7,Sinker
SL,2026-07-24,"Lopez, Jacob",,foul,R,L,MIN,ATH,1,0,226,96.6,14,76.7,Slider
FF,2026-07-24,"Gore, MacKenzie",,ball,R,L,TEX,SEA,1,1,,,,95.8,4-Seam Fastball
CH,2026-07-24,"Cameron, Noah",,swinging_strike,R,L,DET,KC,2,1,,,,82.1,Changeup
FC,2026-07-24,"Lopez, Jacob",,ball,R,L,MIN,ATH,0,0,,,,86.6,Cutter
ST,2026-07-24,"Rogers, Trevor",field_out,hit_into_play,R,L,BAL,ATL,0,2,261,74.7,27,78.7,Sweeper
FF,2026-07-24,"Gore, MacKenzie",,foul,R,L,TEX,SEA,1,0,187,72,22,97.1,4-Seam Fastball
CH,2026-07-24,"Rogers, Trevor",,foul,R,L,BAL,ATL,0,1,4,79,-26,87.5,Changeup
FC,2026-07-24,"Lopez, Jacob",walk,ball,R,L,MIN,ATH,3,2,,,,86.5,Cutter
FC,2026-07-24,"Cameron, Noah",,ball,R,L,DET,KC,1,1,,,,93.3,Cutter
CH,2026-07-24,"Gore, MacKenzie",,ball,R,L,TEX,SEA,0,0,,,,87.5,Changeup
FF,2026-07-24,"Gore, MacKenzie",field_out,hit_into_play,R,L,TEX,SEA,3,1,51,87,81,96.6,4-Seam Fastball
FC,2026-07-24,"Cameron, Noah",,foul,R,L,DET,KC,1,0,2,44.3,-58,92,Cutter
SI,2026-07-24,"Rogers, Trevor",,swinging_strike,R,L,BAL,ATL,0,0,,,,94.4,Sinker
FF,2026-07-24,"Lopez, Jacob",,ball,R,L,MIN,ATH,2,2,,,,93.8,4-Seam Fastball
CH,2026-07-24,"Cameron, Noah",,ball,R,L,DET,KC,0,0,,,,81.8,Changeup
SL,2026-07-24,"Lopez, Jacob",,ball,R,L,MIN,ATH,1,2,,,,77.7,Slider
SI,2026-07-24,"Rogers, Trevor",field_out,hit_into_play,L,L,BAL,ATL,2,1,6,85.7,-26,95.9,Sinker
FF,2026-07-24,"Gore, MacKenzie",,ball,R,L,TEX,SEA,2,1,,,,96.5,4-Seam Fastball
SL,2026-07-24,"Lopez, Jacob",,swinging_strike,R,L,MIN,ATH,1,1,,,,76.9,Slider
CH,2026-07-24,"Gore, MacKenzie",,ball,R,L,TEX,SEA,1,1,,,,87.1,Changeup
CH,2026-07-24,"Cameron, Noah",field_out,hit_into_play,R,L,DET,KC,1,1,265,76.2,37,82.2,Changeup
FF,2026-07-24,"Rogers, Trevor",,ball,L,L,BAL,ATL,1,1,,,,96.4,4-Seam Fastball
FF,2026-07-24,"Lopez, Jacob",,ball,R,L,MIN,ATH,0,1,,,,91.6,4-Seam Fastball
FF,2026-07-24,"Cameron, Noah",,foul,R,L,DET,KC,1,0,294,91.6,21,94.2,4-Seam Fastball
FF,2026-07-24,"Rogers, Trevor",,ball,L,L,BAL,ATL,0,1,,,,95.9,4-Seam Fastball
FF,2026-07-24,"Gore, MacKenzie",,ball,R,L,TEX,SEA,0,1,,,,95.7,4-Seam Fastball
FF,2026-07-24,"Cameron, Noah",,ball,R,L,DET,KC,0,0,,,,93.1,4-Seam Fastball
FF,2026-07-24,"Lopez, Jacob",,foul,R,L,MIN,ATH,0,0,214,70.2,48,93,4-Seam Fastball
FF,2026-07-24,"Rogers, Trevor",,foul,L,L,BAL,ATL,0,0,213,85.9,59,95.4,4-Seam Fastball
FF,2026-07-24,"Gore, MacKenzie",,swinging_strike,R,L,TEX,SEA,0,0,,,,96.8,4-Seam Fastball
FF,2026-07-22,"Scott, Christian",single,hit_into_play,R,R,MIL,NYM,1,0,129,97,6,96.1,4-Seam Fastball
ST,2026-07-22,"Scott, Christian",,ball,R,R,MIL,NYM,0,0,,,,82,Sweeper
FF,2026-07-22,"Hughes, Gabriel",single,hit_into_play,L,R,COL,WSH,3,1,51,85,2,94.2,4-Seam Fastball
FF,2026-07-22,"Kremer, Dean",field_out,hit_into_play,L,R,BOS,BAL,3,1,348,100.4,20,93,4-Seam Fastball
FF,2026-07-22,"Hughes, Gabriel",,ball,L,R,COL,WSH,2,1,,,,94.3,4-Seam Fastball
FF,2026-07-22,"Scott, Christian",strikeout,called_strike,R,R,MIL,NYM,2,2,,,,96.7,4-Seam Fastball
FF,2026-07-22,"Kremer, Dean",,ball,L,R,BOS,BAL,2,1,,,,94,4-Seam Fastball
CH,2026-07-22,"Hughes, Gabriel",,ball,L,R,COL,WSH,1,1,,,,85.8,Changeup
FF,2026-07-22,"Scott, Christian",,ball,R,R,MIL,NYM,1,2,,,,97.5,4-Seam Fastball
CU,2026-07-22,"Dobbins, Hunter",field_out,hit_into_play,L,R,LAA,STL,1,0,124,82.6,11,76.3,Curveball
FF,2026-07-22,"Kremer, Dean",,ball,L,R,BOS,BAL,1,1,,,,94.2,4-Seam Fastball
FF,2026-07-22,"Scott, Christian",,foul,R,R,MIL,NYM,1,1,,,,96,4-Seam Fastball
FS,2026-07-22,"Dobbins, Hunter",,ball,L,R,LAA,STL,0,0,,,,86.9,Split-Finger
FF,2026-07-22,"Hughes, Gabriel",,called_strike,L,R,COL,WSH,1,0,,,,92.4,4-Seam Fastball
FF,2026-07-22,"Detmers, Reid",home_run,hit_into_play,L,L,LAA,STL,0,1,409,104.8,25,92.5,4-Seam Fastball
CU,2026-07-22,"Detmers, Reid",,called_strike,L,L,LAA,STL,0,0,,,,71.9,Curveball
CU,2026-07-22,"Kremer, Dean",,ball,L,R,BOS,BAL,0,1,,,,77.8,Curveball
ST,2026-07-22,"Dobbins, Hunter",field_out,hit_into_play,R,R,LAA,STL,2,2,280,87.2,46,80.9,Sweeper
ST,2026-07-22,"Scott, Christian",,ball,R,R,MIL,NYM,0,1,,,,83.6,Sweeper
SL,2026-07-22,"Hughes, Gabriel",,ball,L,R,COL,WSH,0,0,,,,85.7,Slider
SI,2026-07-22,"Dobbins, Hunter",,ball,R,R,LAA,STL,1,2,,,,94.7,Sinker
FF,2026-07-22,"Detmers, Reid",strikeout,called_strike,L,L,LAA,STL,1,2,,,,93.2,4-Seam Fastball
FF,2026-07-22,"Scott, Christian",,called_strike,R,R,MIL,NYM,0,0,,,,94.9,4-Seam Fastball
FF,2026-07-22,"Hughes, Gabriel",field_out,hit_into_play,L,R,COL,WSH,0,1,2,84.4,-47,94.1,4-Seam Fastball
FF,2026-07-22,"Kremer, Dean",,swinging_strike,L,R,BOS,BAL,0,0,,,,94.8,4-Seam Fastball
CU,2026-07-22,"Scott, Christian",strikeout,called_strike,L,R,MIL,NYM,2,2,,,,82.9,Curveball
ST,2026-07-22,"Dobbins, Hunter",,foul,R,R,LAA,STL,1,2,99,50.4,30,81,Sweeper
FC,2026-07-22,"Kremer, Dean",field_out,hit_into_play,R,R,BOS,BAL,1,0,80,74.2,7,87.2,Cutter
SL,2026-07-22,"Detmers, Reid",,swinging_strike,L,L,LAA,STL,1,1,,,,86.2,Slider
FF,2026-07-22,"Hughes, Gabriel",,called_strike,L,R,COL,WSH,0,0,,,,92.8,4-Seam Fastball
SL,2026-07-22,"Detmers, Reid",,ball,L,L,LAA,STL,0,1,,,,83.8,Slider
FC,2026-07-22,"Kremer, Dean",,ball,R,R,BOS,BAL,0,0,,,,88.3,Cutter
ST,2026-07-22,"Dobbins, Hunter",,swinging_strike,R,R,LAA,STL,1,1,,,,80,Sweeper
FF,2026-07-22,"Scott, Christian",,called_strike,L,R,MIL,NYM,2,1,,,,94.9,4-Seam Fastball
CH,2026-07-22,"Hughes, Gabriel",sac_fly,hit_into_play,L,R,COL,WSH,1,1,388,100,38,89,Changeup
FF,2026-07-22,"Detmers, Reid",,called_strike,L,L,LAA,STL,0,0,,,,92.1,4-Seam Fastball
CU,2026-07-22,"Scott, Christian",,called_strike,L,R,MIL,NYM,2,0,,,,80.7,Curveball
FS,2026-07-22,"Kremer, Dean",field_out,hit_into_play,L,R,BOS,BAL,0,2,119,79.9,9,83.7,Split-Finger
ST,2026-07-22,"Dobbins, Hunter",,ball,R,R,LAA,STL,0,1,,,,81.5,Sweeper
CH,2026-07-22,"Hughes, Gabriel",,ball,L,R,COL,WSH,0,1,,,,87.5,Changeup
CH,2026-07-22,"Henderson, Logan",field_out,hit_into_play,L,R,MIL,NYM,1,2,161,62.4,20,82.6,Changeup
FF,2026-07-22,"Kremer, Dean",,foul,L,R,BOS,BAL,0,1,,,,94.4,4-Seam Fastball
FF,2026-07-22,"Henderson, Logan",,swinging_strike,L,R,MIL,NYM,1,1,,,,92.8,4-Seam Fastball
CU,2026-07-22,"Scott, Christian",,ball,L,R,MIL,NYM,1,0,,,,82.1,Curveball
SI,2026-07-22,"Dobbins, Hunter",,called_strike,R,R,LAA,STL,0,0,,,,93.2,Sinker
SL,2026-07-22,"Detmers, Reid",strikeout,foul_tip,R,L,LAA,STL,1,2,,,,85.2,Slider
FF,2026-07-22,"Hughes, Gabriel",,called_strike,L,R,COL,WSH,0,0,,,,94.4,4-Seam Fastball
FF,2026-07-22,"Henderson, Logan",,ball,L,R,MIL,NYM,0,1,,,,91.9,4-Seam Fastball
FF,2026-07-22,"Detmers, Reid",,foul,R,L,LAA,STL,1,1,98,52.3,66,92.6,4-Seam Fastball
FC,2026-07-22,"Scott, Christian",,ball,L,R,MIL,NYM,0,0,,,,91.7,Cutter
FF,2026-07-22,"Kremer, Dean",,called_strike,L,R,BOS,BAL,0,0,,,,93.9,4-Seam Fastball
FF,2026-07-22,"Hughes, Gabriel",field_out,hit_into_play,L,R,COL,WSH,0,1,34,71.5,-1,93.9,4-Seam Fastball
SI,2026-07-22,"Dobbins, Hunter",field_out,hit_into_play,R,R,LAA,STL,1,2,1,95.1,-44,93.3,Sinker
FF,2026-07-22,"Scott, Christian",walk,ball,R,R,MIL,NYM,3,2,,,,95.8,4-Seam Fastball
FF,2026-07-22,"Hughes, Gabriel",,called_strike,L,R,COL,WSH,0,0,,,,92.8,4-Seam Fastball
CH,2026-07-22,"Henderson, Logan",,swinging_strike,L,R,MIL,NYM,0,0,,,,82.5,Changeup
FS,2026-07-22,"Dobbins, Hunter",,ball,R,R,LAA,STL,0,2,,,,86.9,Split-Finger
SI,2026-07-22,"Kremer, Dean",field_out,hit_into_play,R,R,BOS,BAL,0,0,328,99.9,23,93.3,Sinker
CU,2026-07-22,"Detmers, Reid",,swinging_strike,R,L,LAA,STL,1,0,,,,69.2,Curveball
FC,2026-07-22,"Scott, Christian",,called_strike,R,R,MIL,NYM,3,1,,,,90.5,Cutter
SI,2026-07-22,"Kremer, Dean",field_out,hit_into_play,R,R,BOS,BAL,0,1,94,93.6,4,94,Sinker
CU,2026-07-22,"Hughes, Gabriel",triple,hit_into_play,L,R,COL,WSH,0,1,369,96.5,40,79.3,Curveball
CU,2026-07-22,"Detmers, Reid",,ball,R,L,LAA,STL,0,0,,,,70.4,Curveball
ST,2026-07-22,"Dobbins, Hunter",,foul,R,R,LAA,STL,0,2,131,67.8,16,83.6,Sweeper
FC,2026-07-22,"Henderson, Logan",double,hit_into_play,L,R,MIL,NYM,0,0,325,102.8,17,87.1,Cutter
FF,2026-07-22,"Henderson, Logan",strikeout,called_strike,R,R,MIL,NYM,0,2,,,,93.3,4-Seam Fastball
SI,2026-07-22,"Kremer, Dean",,foul,R,R,BOS,BAL,0,0,112,71.4,74,92.1,Sinker
FF,2026-07-22,"Hughes, Gabriel",,called_strike,L,R,COL,WSH,0,0,,,,93,4-Seam Fastball
ST,2026-07-22,"Dobbins, Hunter",,foul,R,R,LAA,STL,0,2,11,87.3,-10,81.7,Sweeper
SL,2026-07-22,"Detmers, Reid",grounded_into_double_play,hit_into_play,R,L,LAA,STL,2,2,57,96.6,1,87,Slider
FF,2026-07-22,"Scott, Christian",,ball,R,R,MIL,NYM,2,1,,,,95.6,4-Seam Fastball
FF,2026-07-22,"Hughes, Gabriel",field_out,hit_into_play,L,R,COL,WSH,0,1,236,95.5,60,95.3,4-Seam Fastball
FF,2026-07-22,"Henderson, Logan",,foul_tip,R,R,MIL,NYM,0,1,,,,93.1,4-Seam Fastball
SI,2026-07-22,"Kremer, Dean",field_out,hit_into_play,R,R,BOS,BAL,2,0,311,90.1,38,92.2,Sinker
SL,2026-07-22,"Detmers, Reid",,foul,R,L,LAA,STL,2,2,196,74,52,87.9,Slider
FC,2026-07-22,"Scott, Christian",,called_strike,R,R,MIL,NYM,2,0,,,,92.2,Cutter
FF,2026-07-22,"Dobbins, Hunter",,foul,R,R,LAA,STL,0,1,191,77.5,19,93.9,4-Seam Fastball
FC,2026-07-22,"Scott, Christian",,ball,R,R,MIL,NYM,1,0,,,,88.1,Cutter
FC,2026-07-22,"Kremer, Dean",,ball,R,R,BOS,BAL,1,0,,,,87.6,Cutter
FF,2026-07-22,"Detmers, Reid",,called_strike,R,L,LAA,STL,2,1,,,,92.6,4-Seam Fastball
FF,2026-07-22,"Hughes, Gabriel",,called_strike,L,R,COL,WSH,0,0,,,,95.6,4-Seam Fastball
FF,2026-07-22,"Dobbins, Hunter",,foul,R,R,LAA,STL,0,0,207,75.5,55,92.3,4-Seam Fastball
FC,2026-07-22,"Henderson, Logan",,foul,R,R,MIL,NYM,0,0,186,64.1,41,86.2,Cutter
FF,2026-07-22,"Hughes, Gabriel",field_out,hit_into_play,L,R,COL,WSH,1,2,300,88,48,95.9,4-Seam Fastball
FC,2026-07-22,"Kremer, Dean",,ball,R,R,BOS,BAL,0,0,,,,87.7,Cutter
ST,2026-07-22,"Scott, Christian",,ball,R,R,MIL,NYM,0,0,,,,80.8,Sweeper
SL,2026-07-22,"Detmers, Reid",,ball,R,L,LAA,STL,1,1,,,,86.2,Slider
FF,2026-07-22,"Dobbins, Hunter",double_play,hit_into_play,L,R,LAA,STL,0,0,156,102.7,8,93.6,4-Seam Fastball
CH,2026-07-22,"Henderson, Logan",home_run,hit_into_play,L,R,MIL,NYM,1,2,366,105.8,23,80,Changeup
CU,2026-07-22,"Scott, Christian",field_out,hit_into_play,L,R,MIL,NYM,3,2,6,93.4,-23,83,Curveball
FF,2026-07-22,"Detmers, Reid",,foul,R,L,LAA,STL,1,0,221,75.7,26,92.3,4-Seam Fastball
FS,2026-07-22,"Kremer, Dean",field_out,hit_into_play,L,R,BOS,BAL,1,1,1,25.6,-65,83.8,Split-Finger
FF,2026-07-22,"Hughes, Gabriel",,foul,L,R,COL,WSH,1,1,4,94.6,-21,95.5,4-Seam Fastball
SI,2026-07-22,"Dobbins, Hunter",single,hit_into_play,R,R,LAA,STL,2,1,14,109.8,-6,93.1,Sinker
CH,2026-07-22,"Henderson, Logan",,swinging_strike,L,R,MIL,NYM,1,1,,,,80,Changeup
FF,2026-07-22,"Scott, Christian",,foul,L,R,MIL,NYM,3,2,85,107.4,2,97,4-Seam Fastball
CU,2026-07-22,"Kremer, Dean",,called_strike,L,R,BOS,BAL,1,0,,,,76,Curveball
FF,2026-07-22,"Detmers, Reid",,ball,R,L,LAA,STL,0,0,,,,91.1,4-Seam Fastball
CH,2026-07-22,"Hughes, Gabriel",,called_strike,L,R,COL,WSH,1,0,,,,88.3,Changeup
FF,2026-07-22,"Henderson, Logan",,ball,L,R,MIL,NYM,0,1,,,,92.9,4-Seam Fastball
SI,2026-07-22,"Dobbins, Hunter",,ball,R,R,LAA,STL,1,1,,,,93.8,Sinker
FF,2026-07-22,"Detmers, Reid",walk,ball,R,L,LAA,STL,3,2,,,,93.5,4-Seam Fastball
FF,2026-07-22,"Hughes, Gabriel",,ball,L,R,COL,WSH,0,0,,,,94.9,4-Seam Fastball
FF,2026-07-22,"Scott, Christian",,foul,L,R,MIL,NYM,3,1,104,79.7,7,96.1,4-Seam Fastball
ST,2026-07-22,"Dobbins, Hunter",,called_strike,R,R,LAA,STL,1,0,,,,82.2,Sweeper
CH,2026-07-22,"Henderson, Logan",,swinging_strike,L,R,MIL,NYM,0,0,,,,81.2,Changeup
FF,2026-07-22,"Kremer, Dean",,ball,L,R,BOS,BAL,0,0,,,,94.2,4-Seam Fastball
FF,2026-07-22,"Hughes, Gabriel",walk,ball,R,R,COL,WSH,3,2,,,,95,4-Seam Fastball
FF,2026-07-22,"Dobbins, Hunter",,ball,R,R,LAA,STL,0,0,,,,94.6,4-Seam Fastball
ST,2026-07-22,"Henderson, Logan",field_out,hit_into_play,R,R,MIL,NYM,1,2,17,64.1,-5,81,Sweeper
CU,2026-07-22,"Kremer, Dean",home_run,hit_into_play,R,R,BOS,BAL,1,0,377,98.2,38,76.7,Curveball
FF,2026-07-22,"Detmers, Reid",,foul,R,L,LAA,STL,3,1,289,87.6,27,93.2,4-Seam Fastball
FF,2026-07-22,"Scott, Christian",,ball,L,R,MIL,NYM,2,1,,,,95.6,4-Seam Fastball
CU,2026-07-22,"Detmers, Reid",,ball,R,L,LAA,STL,2,1,,,,70.7,Curveball
CU,2026-07-22,"Kremer, Dean",,ball,R,R,BOS,BAL,0,0,,,,78,Curveball
FF,2026-07-22,"Scott, Christian",,ball,L,R,MIL,NYM,1,1,,,,95.1,4-Seam Fastball
FF,2026-07-22,"Hughes, Gabriel",,foul,R,R,COL,WSH,3,2,205,66.8,38,94.8,4-Seam Fastball
ST,2026-07-22,"Dobbins, Hunter",field_out,hit_into_play,R,R,LAA,STL,2,2,261,88.8,50,80,Sweeper
FC,2026-07-22,"Henderson, Logan",,ball,R,R,MIL,NYM,0,2,,,,88.2,Cutter
SL,2026-07-22,"Hughes, Gabriel",,ball,R,R,COL,WSH,2,2,,,,89.7,Slider
CU,2026-07-22,"Kremer, Dean",field_out,hit_into_play,L,R,BOS,BAL,0,0,227,88.1,56,76.7,Curveball
CH,2026-07-22,"Henderson, Logan",,foul,R,R,MIL,NYM,0,1,4,67.4,-33,79.8,Changeup
FF,2026-07-22,"Detmers, Reid",,called_strike,R,L,LAA,STL,2,0,,,,92.3,4-Seam Fastball
ST,2026-07-22,"Scott, Christian",,foul,L,R,MIL,NYM,1,0,253,91.5,55,82.5,Sweeper
FF,2026-07-22,"Dobbins, Hunter",,ball,R,R,LAA,STL,1,2,,,,92.8,4-Seam Fastball
FF,2026-07-22,"Detmers, Reid",,ball,R,L,LAA,STL,1,0,,,,92.2,4-Seam Fastball
FC,2026-07-22,"Henderson, Logan",,foul,R,R,MIL,NYM,0,0,129,73.2,71,86.2,Cutter
FF,2026-07-22,"Kremer, Dean",field_out,hit_into_play,L,R,BOS,BAL,3,2,12,85.5,-14,94.1,4-Seam Fastball
FF,2026-07-22,"Hughes, Gabriel",,foul,R,R,COL,WSH,2,2,294,83.9,28,95.7,4-Seam Fastball
FF,2026-07-22,"Scott, Christian",,ball,L,R,MIL,NYM,0,0,,,,95,4-Seam Fastball
ST,2026-07-22,"Dobbins, Hunter",,ball,R,R,LAA,STL,0,2,,,,81,Sweeper
FS,2026-07-22,"Kremer, Dean",,ball,L,R,BOS,BAL,2,2,,,,83,Split-Finger
FF,2026-07-22,"Hughes, Gabriel",,foul,R,R,COL,WSH,2,1,,,,94.9,4-Seam Fastball
FF,2026-07-22,"Henderson, Logan",strikeout,called_strike,L,R,MIL,NYM,2,2,,,,93.6,4-Seam Fastball
ST,2026-07-22,"Scott, Christian",strikeout,swinging_strike,R,R,MIL,NYM,2,2,,,,81.2,Sweeper
SL,2026-07-22,"Detmers, Reid",,ball,R,L,LAA,STL,0,0,,,,87.7,Slider
ST,2026-07-22,"Dobbins, Hunter",,foul,R,R,LAA,STL,0,2,184,71.7,55,81.9,Sweeper
CH,2026-07-22,"Henderson, Logan",,swinging_strike,L,R,MIL,NYM,2,1,,,,81,Changeup
ST,2026-07-22,"Hughes, Gabriel",,blocked_ball,R,R,COL,WSH,1,1,,,,87.3,Sweeper
FF,2026-07-22,"Dobbins, Hunter",,swinging_strike,R,R,LAA,STL,0,1,,,,93.8,4-Seam Fastball
FF,2026-07-22,"Detmers, Reid",walk,ball,R,L,LAA,STL,3,1,,,,92.8,4-Seam Fastball
ST,2026-07-22,"Scott, Christian",,ball,R,R,MIL,NYM,1,2,,,,81.9,Sweeper
FS,2026-07-22,"Kremer, Dean",,ball,L,R,BOS,BAL,1,2,,,,84.2,Split-Finger
FF,2026-07-22,"Hughes, Gabriel",,called_strike,R,R,COL,WSH,1,0,,,,95.7,4-Seam Fastball
CU,2026-07-22,"Dobbins, Hunter",,called_strike,R,R,LAA,STL,0,0,,,,79.1,Curveball
FF,2026-07-22,"Kremer, Dean",,foul,L,R,BOS,BAL,1,2,276,83.8,40,94.7,4-Seam Fastball
FF,2026-07-22,"Scott, Christian",,called_strike,R,R,MIL,NYM,1,1,,,,96.1,4-Seam Fastball
CH,2026-07-22,"Henderson, Logan",,foul,L,R,MIL,NYM,2,0,126,58.6,64,81.7,Changeup
CU,2026-07-22,"Detmers, Reid",,ball,R,L,LAA,STL,2,1,,,,71.4,Curveball
FF,2026-07-22,"Henderson, Logan",,ball,L,R,MIL,NYM,1,0,,,,91.8,4-Seam Fastball
FF,2026-07-22,"Hughes, Gabriel",,ball,R,R,COL,WSH,0,0,,,,94.3,4-Seam Fastball
FF,2026-07-22,"Detmers, Reid",,called_strike,R,L,LAA,STL,2,0,,,,92.6,4-Seam Fastball
ST,2026-07-22,"Dobbins, Hunter",field_out,hit_into_play,L,R,LAA,STL,1,2,88,73,78,81.4,Sweeper
FF,2026-07-22,"Kremer, Dean",,ball,L,R,BOS,BAL,0,2,,,,94.2,4-Seam Fastball
FF,2026-07-22,"Scott, Christian",,called_strike,R,R,MIL,NYM,1,0,,,,95.6,4-Seam Fastball
CU,2026-07-22,"Kremer, Dean",,foul,L,R,BOS,BAL,0,1,,,,76.8,Curveball
CH,2026-07-22,"Henderson, Logan",,ball,L,R,MIL,NYM,0,0,,,,81.3,Changeup
FF,2026-07-22,"Hughes, Gabriel",single,hit_into_play,L,R,COL,WSH,0,2,36,100.6,-1,95,4-Seam Fastball
ST,2026-07-22,"Dobbins, Hunter",,blocked_ball,L,R,LAA,STL,0,2,,,,82.2,Sweeper
ST,2026-07-22,"Scott, Christian",,ball,R,R,MIL,NYM,0,0,,,,81.2,Sweeper
FF,2026-07-22,"Detmers, Reid",,ball,R,L,LAA,STL,1,0,,,,93.5,4-Seam Fastball
CH,2026-07-22,"Henderson, Logan",strikeout,foul_tip,L,R,MIL,NYM,2,2,,,,81.8,Changeup
CU,2026-07-22,"Scott, Christian",field_out,hit_into_play,L,R,MIL,NYM,0,2,11,78.8,-14,81.5,Curveball
FF,2026-07-22,"Hughes, Gabriel",,foul,L,R,COL,WSH,0,2,141,68.1,31,95.4,4-Seam Fastball
FF,2026-07-22,"Dobbins, Hunter",,foul,L,R,LAA,STL,0,2,246,77.9,38,95.6,4-Seam Fastball
FF,2026-07-22,"Kremer, Dean",,called_strike,L,R,BOS,BAL,0,0,,,,93.7,4-Seam Fastball
FF,2026-07-22,"Detmers, Reid",,ball,R,L,LAA,STL,0,0,,,,92.8,4-Seam Fastball
SL,2026-07-22,"Detmers, Reid",field_out,hit_into_play,L,L,LAA,STL,2,2,54,100.3,1,85.5,Slider
FS,2026-07-22,"Dobbins, Hunter",,foul,L,R,LAA,STL,0,1,277,84.5,28,88,Split-Finger
ST,2026-07-22,"Henderson, Logan",,ball,L,R,MIL,NYM,1,2,,,,81.7,Sweeper
FC,2026-07-22,"Kremer, Dean",strikeout,swinging_strike,R,R,BOS,BAL,0,2,,,,88.4,Cutter
SL,2026-07-22,"Hughes, Gabriel",,called_strike,L,R,COL,WSH,0,1,,,,89.7,Slider
FF,2026-07-22,"Scott, Christian",,foul,L,R,MIL,NYM,0,2,284,83.2,35,94.5,4-Seam Fastball
FF,2026-07-22,"Henderson, Logan",,swinging_strike,L,R,MIL,NYM,1,1,,,,92.6,4-Seam Fastball
FC,2026-07-22,"Kremer, Dean",,swinging_strike,R,R,BOS,BAL,0,1,,,,88.3,Cutter
FF,2026-07-22,"Hughes, Gabriel",,called_strike,L,R,COL,WSH,0,0,,,,96.1,4-Seam Fastball
SL,2026-07-22,"Detmers, Reid",,ball,L,L,LAA,STL,1,2,,,,84.5,Slider
SL,2026-07-22,"Dobbins, Hunter",,called_strike,L,R,LAA,STL,0,0,,,,85.9,Slider
FF,2026-07-22,"Scott, Christian",,foul,L,R,MIL,NYM,0,1,345,95.7,31,94.7,4-Seam Fastball
FF,2026-07-22,"Dobbins, Hunter",single,hit_into_play,L,R,LAA,STL,1,1,242,98.3,19,94.7,4-Seam Fastball
FF,2026-07-22,"Hughes, Gabriel",strikeout,swinging_strike,L,R,COL,WSH,3,2,,,,96.9,4-Seam Fastball
FC,2026-07-22,"Kremer, Dean",,swinging_strike,R,R,BOS,BAL,0,0,,,,87.4,Cutter
FF,2026-07-22,"Detmers, Reid",,foul,L,L,LAA,STL,1,1,176,76.1,17,94.1,4-Seam Fastball
CH,2026-07-22,"Henderson, Logan",,foul_tip,L,R,MIL,NYM,1,0,,,,81.3,Changeup
ST,2026-07-22,"Scott, Christian",,called_strike,L,R,MIL,NYM,0,0,,,,80.4,Sweeper
FF,2026-07-22,"Henderson, Logan",,ball,L,R,MIL,NYM,0,0,,,,92,4-Seam Fastball
FF,2026-07-22,"Hughes, Gabriel",,ball,L,R,COL,WSH,2,2,,,,96.4,4-Seam Fastball
SI,2026-07-22,"Dobbins, Hunter",,ball,L,R,LAA,STL,0,1,,,,94.1,Sinker
FF,2026-07-22,"Scott, Christian",strikeout,swinging_strike,R,R,MIL,NYM,1,2,,,,97,4-Seam Fastball
CU,2026-07-22,"Detmers, Reid",,swinging_strike,L,L,LAA,STL,1,0,,,,70.3,Curveball
FF,2026-07-22,"Kremer, Dean",sac_fly,hit_into_play,L,R,BOS,BAL,0,0,343,98.6,20,94,4-Seam Fastball
FF,2026-07-22,"Henderson, Logan",field_out,hit_into_play,L,R,MIL,NYM,3,2,224,90.2,55,92.2,4-Seam Fastball
SL,2026-07-22,"Hughes, Gabriel",,ball,L,R,COL,WSH,1,2,,,,89,Slider
FF,2026-07-22,"Detmers, Reid",,ball,L,L,LAA,STL,0,0,,,,93.3,4-Seam Fastball
FS,2026-07-22,"Kremer, Dean",double,hit_into_play,R,R,BOS,BAL,0,2,268,106.4,14,84.1,Split-Finger
ST,2026-07-22,"Scott, Christian",,foul,R,R,MIL,NYM,1,1,188,68.9,37,82.8,Sweeper
ST,2026-07-22,"Dobbins, Hunter",,swinging_strike,L,R,LAA,STL,0,0,,,,81.3,Sweeper
FC,2026-07-22,"Kremer, Dean",,foul,R,R,BOS,BAL,0,2,314,89.4,40,88,Cutter
FC,2026-07-22,"Scott, Christian",,ball,R,R,MIL,NYM,0,1,,,,92.7,Cutter
FF,2026-07-22,"Detmers, Reid",field_out,hit_into_play,R,L,LAA,STL,2,2,22,107.6,-7,94.7,4-Seam Fastball
FF,2026-07-22,"Henderson, Logan",,foul,L,R,MIL,NYM,3,1,116,90.9,75,92,4-Seam Fastball
FF,2026-07-22,"Hughes, Gabriel",,foul,L,R,COL,WSH,1,2,230,79.1,57,95.8,4-Seam Fastball
ST,2026-07-22,"Dobbins, Hunter",field_out,hit_into_play,R,R,LAA,STL,1,0,261,95.7,54,80.2,Sweeper
SI,2026-07-22,"Dobbins, Hunter",,ball,R,R,LAA,STL,0,0,,,,91.6,Sinker
FF,2026-07-22,"Scott, Christian",,called_strike,R,R,MIL,NYM,0,0,,,,97.1,4-Seam Fastball
SL,2026-07-22,"Detmers, Reid",,ball,R,L,LAA,STL,1,2,,,,85,Slider
FC,2026-07-22,"Henderson, Logan",,ball,L,R,MIL,NYM,2,1,,,,88.1,Cutter
SI,2026-07-22,"Kremer, Dean",,called_strike,R,R,BOS,BAL,0,1,,,,94.1,Sinker
CU,2026-07-22,"Hughes, Gabriel",,foul,L,R,COL,WSH,1,2,,,,80.4,Curveball
FF,2026-07-22,"Dobbins, Hunter",single,hit_into_play,L,R,LAA,STL,3,1,127,79.6,11,93.6,4-Seam Fastball
FF,2026-07-22,"Henderson, Logan",,foul,L,R,MIL,NYM,2,0,115,76,14,90.8,4-Seam Fastball
SI,2026-07-22,"Kremer, Dean",,called_strike,R,R,BOS,BAL,0,0,,,,92.2,Sinker
FF,2026-07-22,"Detmers, Reid",,foul,R,L,LAA,STL,1,2,247,75.2,39,93.5,4-Seam Fastball
CH,2026-07-22,"Hughes, Gabriel",,foul,L,R,COL,WSH,1,2,85,68.2,8,87.2,Changeup
FF,2026-07-22,"Scott, Christian",single,hit_into_play,L,R,MIL,NYM,3,1,159,100,8,97.1,4-Seam Fastball
FC,2026-07-22,"Scott, Christian",,ball,L,R,MIL,NYM,2,1,,,,93.3,Cutter
FF,2026-07-22,"Dobbins, Hunter",,called_strike,L,R,LAA,STL,3,0,,,,93.3,4-Seam Fastball
SL,2026-07-22,"Detmers, Reid",,ball,R,L,LAA,STL,0,2,,,,84,Slider
FF,2026-07-22,"Henderson, Logan",,ball,L,R,MIL,NYM,1,0,,,,90.6,4-Seam Fastball
FS,2026-07-22,"Kremer, Dean",single,hit_into_play,R,R,BOS,BAL,2,2,1,64,-43,84,Split-Finger
FF,2026-07-22,"Hughes, Gabriel",,foul,L,R,COL,WSH,1,2,138,82.1,17,95.1,4-Seam Fastball
SL,2026-07-22,"Detmers, Reid",,swinging_strike,R,L,LAA,STL,0,1,,,,84.5,Slider
CH,2026-07-22,"Henderson, Logan",,ball,L,R,MIL,NYM,0,0,,,,81.4,Changeup
FF,2026-07-22,"Hughes, Gabriel",,foul,L,R,COL,WSH,1,2,2,62.7,-43,95.3,4-Seam Fastball
FS,2026-07-22,"Kremer, Dean",,ball,R,R,BOS,BAL,1,2,,,,84.2,Split-Finger
FF,2026-07-22,"Scott, Christian",,ball,L,R,MIL,NYM,1,1,,,,96.8,4-Seam Fastball
SL,2026-07-22,"Dobbins, Hunter",,ball,L,R,LAA,STL,2,0,,,,84.7,Slider
CU,2026-07-22,"Kremer, Dean",,foul,R,R,BOS,BAL,1,1,202,78,23,77.1,Curveball
CH,2026-07-22,"Henderson, Logan",strikeout,swinging_strike,R,R,MIL,NYM,2,2,,,,84.4,Changeup
FF,2026-07-22,"Dobbins, Hunter",,ball,L,R,LAA,STL,1,0,,,,91.9,4-Seam Fastball
CU,2026-07-22,"Hughes, Gabriel",,ball,L,R,COL,WSH,0,2,,,,80.6,Curveball
FC,2026-07-22,"Scott, Christian",,ball,L,R,MIL,NYM,0,1,,,,94.1,Cutter
SL,2026-07-22,"Detmers, Reid",,foul,R,L,LAA,STL,0,0,3,92.5,-32,85.3,Slider
FF,2026-07-22,"Detmers, Reid",strikeout,swinging_strike,R,L,LAA,STL,1,2,,,,93.3,4-Seam Fastball
CU,2026-07-22,"Dobbins, Hunter",,ball,L,R,LAA,STL,0,0,,,,78,Curveball
FC,2026-07-22,"Scott, Christian",,swinging_strike,L,R,MIL,NYM,0,0,,,,92.8,Cutter
FF,2026-07-22,"Hughes, Gabriel",,called_strike,L,R,COL,WSH,0,1,,,,94.5,4-Seam Fastball
FF,2026-07-22,"Henderson, Logan",,foul,R,R,MIL,NYM,2,2,191,66.9,48,94,4-Seam Fastball
SI,2026-07-22,"Kremer, Dean",,ball,R,R,BOS,BAL,0,1,,,,93,Sinker
FF,2026-07-22,"Scott, Christian",triple,hit_into_play,R,R,MIL,NYM,0,2,342,96.3,31,98.2,4-Seam Fastball
SI,2026-07-22,"Kremer, Dean",,foul,R,R,BOS,BAL,0,0,132,72,69,92.8,Sinker
CU,2026-07-22,"Hughes, Gabriel",,foul,L,R,COL,WSH,0,0,2,46.8,-48,78.6,Curveball
ST,2026-07-22,"Henderson, Logan",,foul,R,R,MIL,NYM,2,2,228,72.9,39,82.2,Sweeper
ST,2026-07-22,"Dobbins, Hunter",strikeout,swinging_strike,R,R,LAA,STL,0,2,,,,82.3,Sweeper
FF,2026-07-22,"Detmers, Reid",,swinging_strike,R,L,LAA,STL,1,1,,,,92.6,4-Seam Fastball
FF,2026-07-22,"Detmers, Reid",,ball,R,L,LAA,STL,0,1,,,,93,4-Seam Fastball
ST,2026-07-22,"Dobbins, Hunter",,swinging_strike,R,R,LAA,STL,0,1,,,,83.3,Sweeper
ST,2026-07-22,"Scott, Christian",,foul,R,R,MIL,NYM,0,1,,,,83.4,Sweeper
FS,2026-07-22,"Kremer, Dean",strikeout,swinging_strike,R,R,BOS,BAL,0,2,,,,83.5,Split-Finger
CU,2026-07-22,"Hughes, Gabriel",strikeout,swinging_strike,L,R,COL,WSH,3,2,,,,80.6,Curveball
FF,2026-07-22,"Henderson, Logan",,foul,R,R,MIL,NYM,2,2,23,71.4,-8,93.3,4-Seam Fastball
FF,2026-07-22,"Scott, Christian",,foul,R,R,MIL,NYM,0,0,264,77.7,39,97.4,4-Seam Fastball
ST,2026-07-22,"Dobbins, Hunter",,swinging_strike,R,R,LAA,STL,0,0,,,,80.6,Sweeper
CU,2026-07-22,"Detmers, Reid",,called_strike,R,L,LAA,STL,0,0,,,,71,Curveball
FF,2026-07-22,"Henderson, Logan",,foul,R,R,MIL,NYM,2,2,241,77.3,34,92.5,4-Seam Fastball
CU,2026-07-22,"Kremer, Dean",,foul,R,R,BOS,BAL,0,1,347,95.8,36,77.9,Curveball
FF,2026-07-22,"Hughes, Gabriel",,foul,L,R,COL,WSH,3,2,255,78.2,34,94.7,4-Seam Fastball
CU,2026-07-22,"Kremer, Dean",,swinging_strike,R,R,BOS,BAL,0,0,,,,76.3,Curveball
FS,2026-07-22,"Dobbins, Hunter",strikeout,swinging_strike,R,R,LAA,STL,2,2,,,,87,Split-Finger
FF,2026-07-22,"Hughes, Gabriel",,foul,L,R,COL,WSH,3,2,4,75.6,-30,94.2,4-Seam Fastball
FF,2026-07-22,"Detmers, Reid",field_out,hit_into_play,L,L,LAA,STL,3,2,270,85.7,48,94.2,4-Seam Fastball
CH,2026-07-22,"Henderson, Logan",,ball,R,R,MIL,NYM,1,2,,,,82.6,Changeup
FF,2026-07-22,"Scott, Christian",strikeout,swinging_strike,R,R,MIL,NYM,3,2,,,,97.4,4-Seam Fastball
SL,2026-07-22,"Dobbins, Hunter",,foul,R,R,LAA,STL,2,1,346,102.4,46,86.6,Slider
FF,2026-07-22,"Kremer, Dean",field_out,hit_into_play,L,R,BOS,BAL,0,0,112,74.7,73,93.5,4-Seam Fastball
FF,2026-07-22,"Henderson, Logan",,called_strike,R,R,MIL,NYM,1,1,,,,93,4-Seam Fastball
FF,2026-07-22,"Hughes, Gabriel",,ball,L,R,COL,WSH,2,2,,,,95.9,4-Seam Fastball
FF,2026-07-22,"Detmers, Reid",,foul,L,L,LAA,STL,3,1,127,80.2,10,93.5,4-Seam Fastball
FF,2026-07-22,"Scott, Christian",,swinging_strike,R,R,MIL,NYM,3,1,,,,97.3,4-Seam Fastball
CH,2026-07-22,"Hughes, Gabriel",,foul,L,R,COL,WSH,2,1,3,72.2,-37,89.5,Changeup
FF,2026-07-22,"Dobbins, Hunter",,called_strike,R,R,LAA,STL,2,0,,,,93.6,4-Seam Fastball
FC,2026-07-22,"Kremer, Dean",field_out,hit_into_play,R,R,BOS,BAL,1,2,353,95.4,35,87.2,Cutter
ST,2026-07-22,"Scott, Christian",,ball,R,R,MIL,NYM,2,1,,,,82.6,Sweeper
FC,2026-07-22,"Henderson, Logan",,ball,R,R,MIL,NYM,0,1,,,,87.3,Cutter
CU,2026-07-22,"Detmers, Reid",,ball,L,L,LAA,STL,2,1,,,,71.1,Curveball
FF,2026-07-22,"Scott, Christian",,called_strike,R,R,MIL,NYM,2,0,,,,96,4-Seam Fastball
FC,2026-07-22,"Henderson, Logan",,called_strike,R,R,MIL,NYM,0,0,,,,88.2,Cutter
SI,2026-07-22,"Kremer, Dean",,called_strike,R,R,BOS,BAL,1,1,,,,92.5,Sinker
ST,2026-07-22,"Dobbins, Hunter",,blocked_ball,R,R,LAA,STL,1,0,,,,81.5,Sweeper
SL,2026-07-22,"Detmers, Reid",,ball,L,L,LAA,STL,1,1,,,,84.6,Slider
FF,2026-07-22,"Hughes, Gabriel",,ball,L,R,COL,WSH,1,1,,,,96,4-Seam Fastball
SI,2026-07-22,"Dobbins, Hunter",,ball,R,R,LAA,STL,0,0,,,,93.7,Sinker
FF,2026-07-22,"Hughes, Gabriel",,foul,L,R,COL,WSH,1,0,3,85.8,-33,94.5,4-Seam Fastball
FF,2026-07-22,"Scott, Christian",,ball,R,R,MIL,NYM,1,0,,,,95.5,4-Seam Fastball
FF,2026-07-22,"Henderson, Logan",field_out,hit_into_play,L,R,MIL,NYM,1,2,349,99.6,35,93.3,4-Seam Fastball
FC,2026-07-22,"Kremer, Dean",,ball,R,R,BOS,BAL,0,1,,,,86.1,Cutter
FF,2026-07-22,"Detmers, Reid",,foul,L,L,LAA,STL,1,0,252,82.4,40,93.6,4-Seam Fastball
FC,2026-07-22,"Henderson, Logan",,swinging_strike,L,R,MIL,NYM,1,1,,,,88.3,Cutter
FF,2026-07-22,"Scott, Christian",,ball,R,R,MIL,NYM,0,0,,,,96.9,4-Seam Fastball
SL,2026-07-22,"Hughes, Gabriel",,ball,L,R,COL,WSH,0,0,,,,88.2,Slider
FC,2026-07-22,"Kremer, Dean",,swinging_strike,R,R,BOS,BAL,0,0,,,,87.1,Cutter
SL,2026-07-22,"Dobbins, Hunter",field_out,hit_into_play,L,R,LAA,STL,3,1,78,72.1,72,86.8,Slider
CU,2026-07-22,"Detmers, Reid",,ball,L,L,LAA,STL,0,0,,,,71.8,Curveball
FF,2026-07-22,"Hughes, Gabriel",field_out,hit_into_play,L,R,COL,WSH,3,1,164,94.1,8,94.2,4-Seam Fastball
CU,2026-07-22,"Kremer, Dean",walk,ball,L,R,BOS,BAL,3,2,,,,76.5,Curveball
CH,2026-07-22,"Henderson, Logan",,called_strike,L,R,MIL,NYM,1,0,,,,80.8,Changeup
FF,2026-07-22,"Detmers, Reid",field_out,hit_into_play,L,L,LAA,STL,0,2,296,89.3,45,94.5,4-Seam Fastball
SL,2026-07-22,"Dobbins, Hunter",,ball,L,R,LAA,STL,2,1,,,,85.4,Slider
CU,2026-07-22,"Scott, Christian",field_out,hit_into_play,L,R,MIL,NYM,1,2,51,70.4,77,82.7,Curveball
FF,2026-07-22,"Scott, Christian",,ball,L,R,MIL,NYM,0,2,,,,97.9,4-Seam Fastball
SL,2026-07-22,"Detmers, Reid",,foul,L,L,LAA,STL,0,1,171,98.9,12,85.5,Slider
CH,2026-07-22,"Henderson, Logan",,ball,L,R,MIL,NYM,0,0,,,,80.8,Changeup
FF,2026-07-22,"Hughes, Gabriel",,ball,L,R,COL,WSH,2,1,,,,94.9,4-Seam Fastball
FF,2026-07-22,"Dobbins, Hunter",,ball,L,R,LAA,STL,1,1,,,,94.3,4-Seam Fastball
FF,2026-07-22,"Kremer, Dean",,foul,L,R,BOS,BAL,3,2,324,93.8,27,93.4,4-Seam Fastball
FC,2026-07-22,"Henderson, Logan",single,hit_into_play,L,R,MIL,NYM,0,1,206,102.7,12,87.7,Cutter
FS,2026-07-22,"Kremer, Dean",,foul,L,R,BOS,BAL,3,2,288,83.8,33,84.7,Split-Finger
CH,2026-07-22,"Hughes, Gabriel",,foul,L,R,COL,WSH,2,0,,,,89.1,Changeup
ST,2026-07-22,"Dobbins, Hunter",,ball,L,R,LAA,STL,0,1,,,,80.3,Sweeper
SI,2026-07-22,"Scott, Christian",,swinging_strike,L,R,MIL,NYM,0,1,,,,93.9,Sinker
SL,2026-07-22,"Detmers, Reid",,called_strike,L,L,LAA,STL,0,0,,,,86,Slider
CH,2026-07-22,"Hughes, Gabriel",,ball,L,R,COL,WSH,1,0,,,,87.4,Changeup
FF,2026-07-22,"Detmers, Reid",single,hit_into_play,R,L,LAA,STL,0,1,227,93,14,93.7,4-Seam Fastball
CH,2026-07-22,"Henderson, Logan",,foul,L,R,MIL,NYM,0,0,193,82.5,18,80.3,Changeup
FS,2026-07-22,"Dobbins, Hunter",,called_strike,L,R,LAA,STL,0,0,,,,88.4,Split-Finger
FF,2026-07-22,"Kremer, Dean",,foul,L,R,BOS,BAL,3,2,251,75,42,93.5,4-Seam Fastball
ST,2026-07-22,"Scott, Christian",,called_strike,L,R,MIL,NYM,0,0,,,,81.2,Sweeper
ST,2026-07-22,"Scott, Christian",single,hit_into_play,R,R,MIL,NYM,2,2,245,81.5,22,83.3,Sweeper
FF,2026-07-22,"Kremer, Dean",,called_strike,L,R,BOS,BAL,3,1,,,,93.8,4-Seam Fastball
SI,2026-07-22,"Dobbins, Hunter",hit_by_pitch,hit_by_pitch,R,R,LAA,STL,1,0,,,,94.6,Sinker
FF,2026-07-22,"Henderson, Logan",strikeout,foul_tip,R,R,MIL,NYM,1,2,,,,93.8,4-Seam Fastball
FF,2026-07-22,"Detmers, Reid",,called_strike,R,L,LAA,STL,0,0,,,,93.1,4-Seam Fastball
FF,2026-07-22,"Hughes, Gabriel",,ball,L,R,COL,WSH,0,0,,,,93.7,4-Seam Fastball
CH,2026-07-22,"Henderson, Logan",,foul,R,R,MIL,NYM,1,1,385,102.5,32,81.5,Changeup
SI,2026-07-22,"Dobbins, Hunter",,ball,R,R,LAA,STL,0,0,,,,94.4,Sinker
FF,2026-07-22,"Scott, Christian",,foul,R,R,MIL,NYM,2,1,213,74.1,50,95.8,4-Seam Fastball
FF,2026-07-22,"Detmers, Reid",strikeout,swinging_strike,R,L,LAA,STL,1,2,,,,93.9,4-Seam Fastball
CH,2026-07-22,"Hughes, Gabriel",field_out,hit_into_play,L,R,COL,WSH,2,2,15,93.1,-7,88.2,Changeup
FS,2026-07-22,"Kremer, Dean",,ball,L,R,BOS,BAL,2,1,,,,82.8,Split-Finger
FC,2026-07-22,"Scott, Christian",,called_strike,R,R,MIL,NYM,2,0,,,,90.3,Cutter
ST,2026-07-22,"Dobbins, Hunter",double,hit_into_play,R,R,LAA,STL,0,0,89,73.1,9,83.3,Sweeper
FF,2026-07-22,"Detmers, Reid",,ball,R,L,LAA,STL,0,2,,,,94.7,4-Seam Fastball
FF,2026-07-22,"Hughes, Gabriel",,foul,L,R,COL,WSH,2,1,209,72.8,52,93.4,4-Seam Fastball
FS,2026-07-22,"Kremer, Dean",,ball,L,R,BOS,BAL,1,1,,,,83.4,Split-Finger
FC,2026-07-22,"Henderson, Logan",,ball,R,R,MIL,NYM,0,1,,,,86.8,Cutter
SL,2026-07-22,"Dobbins, Hunter",field_out,hit_into_play,L,R,LAA,STL,1,2,284,77.2,27,88.4,Slider
CU,2026-07-22,"Kremer, Dean",,foul,L,R,BOS,BAL,1,0,181,80.8,17,76.6,Curveball
CU,2026-07-22,"Detmers, Reid",,called_strike,R,L,LAA,STL,0,1,,,,71,Curveball
FF,2026-07-22,"Scott, Christian",,ball,R,R,MIL,NYM,1,0,,,,96.7,4-Seam Fastball
FC,2026-07-22,"Henderson, Logan",,called_strike,R,R,MIL,NYM,0,0,,,,86.9,Cutter
FF,2026-07-22,"Hughes, Gabriel",,ball,L,R,COL,WSH,1,1,,,,94.2,4-Seam Fastball
FC,2026-07-22,"Scott, Christian",,ball,R,R,MIL,NYM,0,0,,,,91.3,Cutter
CU,2026-07-22,"Dobbins, Hunter",,ball,L,R,LAA,STL,0,2,,,,79.7,Curveball
FF,2026-07-22,"Henderson, Logan",field_out,hit_into_play,L,R,MIL,NYM,0,0,275,95.9,56,92.5,4-Seam Fastball
CU,2026-07-22,"Hughes, Gabriel",,ball,L,R,COL,WSH,0,1,,,,78.8,Curveball
CU,2026-07-22,"Kremer, Dean",,ball,L,R,BOS,BAL,0,0,,,,76.5,Curveball
SL,2026-07-22,"Detmers, Reid",,called_strike,R,L,LAA,STL,0,0,,,,84.8,Slider
SL,2026-07-22,"Detmers, Reid",strikeout,swinging_strike,R,L,LAA,STL,3,2,,,,86.4,Slider
FF,2026-07-22,"Hughes, Gabriel",,called_strike,L,R,COL,WSH,0,0,,,,93,4-Seam Fastball
FS,2026-07-22,"Kremer, Dean",strikeout,swinging_strike,L,R,BOS,BAL,0,2,,,,83.6,Split-Finger
CU,2026-07-22,"Scott, Christian",walk,ball,L,R,MIL,NYM,3,2,,,,82.1,Curveball
FF,2026-07-22,"Henderson, Logan",home_run,hit_into_play,R,R,MIL,NYM,3,2,377,99.5,33,93.1,4-Seam Fastball
FS,2026-07-22,"Dobbins, Hunter",,foul,L,R,LAA,STL,0,1,179,92.6,13,87.7,Split-Finger
CU,2026-07-22,"Hughes, Gabriel",strikeout,swinging_strike_blocked,L,R,COL,WSH,1,2,,,,81,Curveball
FF,2026-07-22,"Scott, Christian",,foul,L,R,MIL,NYM,3,2,,,,96.7,4-Seam Fastball
CH,2026-07-22,"Henderson, Logan",,ball,R,R,MIL,NYM,2,2,,,,82.7,Changeup
FF,2026-07-22,"Detmers, Reid",,ball,R,L,LAA,STL,2,2,,,,95.4,4-Seam Fastball
FF,2026-07-22,"Dobbins, Hunter",,called_strike,L,R,LAA,STL,0,0,,,,94.6,4-Seam Fastball
CU,2026-07-22,"Kremer, Dean",,foul,L,R,BOS,BAL,0,2,6,67.4,-22,76.9,Curveball
FF,2026-07-22,"Henderson, Logan",,ball,R,R,MIL,NYM,1,2,,,,93.6,4-Seam Fastball
SL,2026-07-22,"Dobbins, Hunter",field_out,hit_into_play,L,R,LAA,STL,0,0,31,99.2,-4,87.8,Slider
CU,2026-07-22,"Scott, Christian",,ball,L,R,MIL,NYM,2,2,,,,82.1,Curveball
FF,2026-07-22,"Kremer, Dean",,foul,L,R,BOS,BAL,0,1,99,87.9,83,92.9,4-Seam Fastball
FF,2026-07-22,"Hughes, Gabriel",,ball,L,R,COL,WSH,0,2,,,,95.1,4-Seam Fastball
FF,2026-07-22,"Detmers, Reid",,ball,R,L,LAA,STL,1,2,,,,95.8,4-Seam Fastball
FF,2026-07-22,"Dobbins, Hunter",single,hit_into_play,R,R,LAA,STL,1,2,13,95.9,-9,95.4,4-Seam Fastball
CH,2026-07-22,"Henderson, Logan",,ball,R,R,MIL,NYM,0,2,,,,82.8,Changeup
SL,2026-07-22,"Detmers, Reid",,foul,R,L,LAA,STL,1,1,4,75.4,-24,87.5,Slider
FF,2026-07-22,"Hughes, Gabriel",,foul,L,R,COL,WSH,0,1,45,31.2,19,94.1,4-Seam Fastball
CU,2026-07-22,"Scott, Christian",,swinging_strike,L,R,MIL,NYM,2,1,,,,82.5,Curveball
CU,2026-07-22,"Kremer, Dean",,swinging_strike,L,R,BOS,BAL,0,0,,,,75.4,Curveball
FF,2026-07-22,"Hughes, Gabriel",,swinging_strike,L,R,COL,WSH,0,0,,,,94.5,4-Seam Fastball
ST,2026-07-22,"Dobbins, Hunter",,foul,R,R,LAA,STL,1,1,18,49.9,-4,82.2,Sweeper
FF,2026-07-22,"Henderson, Logan",,foul,R,R,MIL,NYM,0,2,231,75,29,93.4,4-Seam Fastball
CU,2026-07-22,"Detmers, Reid",,called_strike,R,L,LAA,STL,1,0,,,,72.5,Curveball
FS,2026-07-22,"Scott, Christian",,ball,L,R,MIL,NYM,1,1,,,,86.3,Split-Finger
FC,2026-07-22,"Kremer, Dean",strikeout,foul_tip,R,R,BOS,BAL,3,2,,,,89.5,Cutter
FS,2026-07-22,"Kremer, Dean",,ball,R,R,BOS,BAL,2,2,,,,85.1,Split-Finger
FF,2026-07-22,"Detmers, Reid",,ball,R,L,LAA,STL,0,0,,,,93.7,4-Seam Fastball
ST,2026-07-22,"Dobbins, Hunter",,ball,R,R,LAA,STL,0,1,,,,81.7,Sweeper
SI,2026-07-22,"Scott, Christian",,foul,L,R,MIL,NYM,1,0,300,89.6,41,91.9,Sinker
FF,2026-07-22,"Hughes, Gabriel",field_out,hit_into_play,L,R,COL,WSH,0,2,122,50.3,54,94.7,4-Seam Fastball
FF,2026-07-22,"Henderson, Logan",,called_strike,R,R,MIL,NYM,0,1,,,,93,4-Seam Fastball
SL,2026-07-22,"Detmers, Reid",field_out,hit_into_play,R,L,LAA,STL,1,1,9,89.7,-16,84.3,Slider
FC,2026-07-22,"Kremer, Dean",,swinging_strike,R,R,BOS,BAL,2,1,,,,89.6,Cutter
FF,2026-07-22,"Henderson, Logan",,called_strike,R,R,MIL,NYM,0,0,,,,92.9,4-Seam Fastball
FF,2026-07-22,"Hughes, Gabriel",,foul,L,R,COL,WSH,0,1,74,89,2,95,4-Seam Fastball
SL,2026-07-22,"Dobbins, Hunter",,called_strike,R,R,LAA,STL,0,0,,,,87.8,Slider
ST,2026-07-22,"Scott, Christian",,ball,L,R,MIL,NYM,0,0,,,,81.1,Sweeper
FF,2026-07-22,"Detmers, Reid",,foul,R,L,LAA,STL,1,0,214,81.5,56,94.6,4-Seam Fastball
FF,2026-07-22,"Dobbins, Hunter",single,hit_into_play,L,R,LAA,STL,1,0,108,96.2,6,93.5,4-Seam Fastball
FF,2026-07-22,"Kremer, Dean",,foul,R,R,BOS,BAL,2,0,146,84.9,71,93.3,4-Seam Fastball
ST,2026-07-22,"Scott, Christian",field_out,hit_into_play,R,R,MIL,NYM,0,1,71,75.9,73,83.1,Sweeper
CH,2026-07-22,"Hughes, Gabriel",,called_strike,L,R,COL,WSH,0,0,,,,88.7,Changeup
FF,2026-07-22,"Dobbins, Hunter",,ball,L,R,LAA,STL,0,0,,,,95,4-Seam Fastball
CH,2026-07-22,"Henderson, Logan",strikeout,swinging_strike,L,R,MIL,NYM,2,2,,,,82.4,Changeup
FF,2026-07-22,"Detmers, Reid",,ball,R,L,LAA,STL,0,0,,,,93.8,4-Seam Fastball
FF,2026-07-22,"Hughes, Gabriel",force_out,hit_into_play,L,R,COL,WSH,0,0,11,65.7,-13,94.8,4-Seam Fastball
SI,2026-07-22,"Kremer, Dean",,ball,R,R,BOS,BAL,1,0,,,,92.7,Sinker
FF,2026-07-22,"Scott, Christian",,foul,R,R,MIL,NYM,0,0,259,77.1,36,97.7,4-Seam Fastball
SI,2026-07-22,"Kremer, Dean",,ball,R,R,BOS,BAL,0,0,,,,93.6,Sinker
FF,2026-07-22,"Hughes, Gabriel",single,hit_into_play,R,R,COL,WSH,1,0,220,79.8,55,93.6,4-Seam Fastball
FF,2026-07-22,"Detmers, Reid",field_out,hit_into_play,L,L,LAA,STL,0,0,306,98,18,93.2,4-Seam Fastball
ST,2026-07-22,"Dobbins, Hunter",strikeout,swinging_strike,R,R,LAA,STL,1,2,,,,84.3,Sweeper
FF,2026-07-22,"Scott, Christian",walk,ball,L,R,MIL,NYM,3,1,,,,97,4-Seam Fastball
FF,2026-07-22,"Henderson, Logan",,foul,L,R,MIL,NYM,2,2,216,73.7,48,93.6,4-Seam Fastball
FF,2026-07-22,"Dobbins, Hunter",,foul,R,R,LAA,STL,1,1,220,75.4,48,95.7,4-Seam Fastball
FS,2026-07-22,"Kremer, Dean",triple,hit_into_play,L,R,BOS,BAL,0,1,273,96.4,19,84.7,Split-Finger
FF,2026-07-22,"Hughes, Gabriel",,ball,R,R,COL,WSH,0,0,,,,93.3,4-Seam Fastball
FF,2026-07-22,"Scott, Christian",,ball,L,R,MIL,NYM,2,1,,,,97.2,4-Seam Fastball
FF,2026-07-22,"Detmers, Reid",strikeout,called_strike,R,L,LAA,STL,3,2,,,,94,4-Seam Fastball
FF,2026-07-22,"Henderson, Logan",,called_strike,L,R,MIL,NYM,2,1,,,,92.5,4-Seam Fastball
FF,2026-07-22,"Henderson, Logan",,called_strike,L,R,MIL,NYM,2,0,,,,91,4-Seam Fastball
CU,2026-07-22,"Detmers, Reid",,foul,R,L,LAA,STL,3,2,10,89.6,-17,72.7,Curveball
SL,2026-07-22,"Dobbins, Hunter",,ball,R,R,LAA,STL,0,1,,,,88.7,Slider
FF,2026-07-22,"Scott, Christian",,foul_tip,L,R,MIL,NYM,2,0,,,,96.8,4-Seam Fastball
FF,2026-07-22,"Kremer, Dean",,called_strike,L,R,BOS,BAL,0,0,,,,93.5,4-Seam Fastball
FF,2026-07-22,"Hughes, Gabriel",single,hit_into_play,L,R,COL,WSH,1,1,63,91.2,2,95.4,4-Seam Fastball
FF,2026-07-22,"Detmers, Reid",,foul,R,L,LAA,STL,3,2,212,76.9,57,94.9,4-Seam Fastball
CH,2026-07-22,"Henderson, Logan",,ball,L,R,MIL,NYM,1,0,,,,79.1,Changeup
FS,2026-07-22,"Kremer, Dean",strikeout,swinging_strike,R,R,BOS,BAL,1,2,,,,83.4,Split-Finger
FF,2026-07-22,"Dobbins, Hunter",,called_strike,R,R,LAA,STL,0,0,,,,96.6,4-Seam Fastball
FF,2026-07-22,"Scott, Christian",,ball,L,R,MIL,NYM,1,0,,,,97,4-Seam Fastball
FF,2026-07-22,"Hughes, Gabriel",,foul,L,R,COL,WSH,1,0,2,62.9,-46,94.2,4-Seam Fastball
FF,2026-07-22,"Detmers, Reid",,ball,R,L,LAA,STL,2,2,,,,95,4-Seam Fastball
CH,2026-07-22,"Henderson, Logan",,ball,L,R,MIL,NYM,0,0,,,,79.8,Changeup
FF,2026-07-22,"Hughes, Gabriel",,ball,L,R,COL,WSH,0,0,,,,93.4,4-Seam Fastball
FF,2026-07-22,"Dobbins, Hunter",strikeout,swinging_strike,R,R,LAA,STL,0,2,,,,95.9,4-Seam Fastball
SI,2026-07-22,"Scott, Christian",,ball,L,R,MIL,NYM,0,0,,,,94.4,Sinker
SI,2026-07-22,"Kremer, Dean",,foul,R,R,BOS,BAL,1,1,240,74.4,34,93.5,Sinker
SI,2026-07-22,"Dobbins, Hunter",,foul,R,R,LAA,STL,0,1,124,100.4,7,93.6,Sinker
SL,2026-07-22,"Detmers, Reid",,foul,R,L,LAA,STL,2,1,24,87.7,-5,85.8,Slider
ST,2026-07-22,"Scott, Christian",strikeout,swinging_strike,R,R,MIL,NYM,1,2,,,,82.1,Sweeper
FC,2026-07-22,"Kremer, Dean",,ball,R,R,BOS,BAL,0,1,,,,87.5,Cutter
FF,2026-07-22,"Hughes, Gabriel",strikeout,swinging_strike,L,R,COL,WSH,0,2,,,,95.4,4-Seam Fastball
FF,2026-07-22,"Henderson, Logan",strikeout,swinging_strike,L,R,MIL,NYM,1,2,,,,94.4,4-Seam Fastball
FF,2026-07-22,"Henderson, Logan",,called_strike,L,R,MIL,NYM,1,1,,,,93.2,4-Seam Fastball
SL,2026-07-22,"Detmers, Reid",,ball,R,L,LAA,STL,1,1,,,,87.6,Slider
SI,2026-07-22,"Dobbins, Hunter",,called_strike,R,R,LAA,STL,0,0,,,,94.4,Sinker
CU,2026-07-22,"Hughes, Gabriel",,foul,L,R,COL,WSH,0,1,5,66.6,-21,79.2,Curveball
FF,2026-07-22,"Scott, Christian",,ball,R,R,MIL,NYM,0,2,,,,98.4,4-Seam Fastball
FC,2026-07-22,"Kremer, Dean",,swinging_strike,R,R,BOS,BAL,0,0,,,,88.1,Cutter
FF,2026-07-22,"Dobbins, Hunter",field_out,hit_into_play,L,R,LAA,STL,1,2,11,61.9,-14,96.1,4-Seam Fastball
FF,2026-07-22,"Hughes, Gabriel",,foul,L,R,COL,WSH,0,0,213,73.2,35,94.7,4-Seam Fastball
FC,2026-07-22,"Kremer, Dean",single,hit_into_play,R,R,BOS,BAL,0,1,217,71.8,22,88,Cutter
FF,2026-07-22,"Scott, Christian",,foul,R,R,MIL,NYM,0,2,245,78.6,43,98.3,4-Seam Fastball
FF,2026-07-22,"Detmers, Reid",,foul,R,L,LAA,STL,1,0,195,74.7,20,93.6,4-Seam Fastball
CH,2026-07-22,"Henderson, Logan",,ball,L,R,MIL,NYM,0,1,,,,82.3,Changeup
FF,2026-07-22,"Scott, Christian",,swinging_strike,R,R,MIL,NYM,0,1,,,,98.4,4-Seam Fastball
SI,2026-07-22,"Kremer, Dean",,foul,R,R,BOS,BAL,0,0,215,76.4,24,93.6,Sinker
FF,2026-07-22,"Dobbins, Hunter",,foul,L,R,LAA,STL,1,1,292,66.6,23,94.4,4-Seam Fastball
FF,2026-07-22,"Hughes, Gabriel",strikeout,swinging_strike,L,R,COL,WSH,2,2,,,,95.2,4-Seam Fastball
FF,2026-07-22,"Detmers, Reid",,ball,R,L,LAA,STL,0,0,,,,94,4-Seam Fastball
CH,2026-07-22,"Henderson, Logan",,foul,L,R,MIL,NYM,0,0,3,54.2,-45,82.4,Changeup
FC,2026-07-22,"Henderson, Logan",single,hit_into_play,R,R,MIL,NYM,1,0,21,73.4,-4,88.6,Cutter
SI,2026-07-22,"Kremer, Dean",single,hit_into_play,R,R,BOS,BAL,0,0,156,86.6,11,91.1,Sinker
SL,2026-07-22,"Hughes, Gabriel",,ball,L,R,COL,WSH,1,2,,,,89.3,Slider
FF,2026-07-22,"Scott, Christian",,called_strike,R,R,MIL,NYM,0,0,,,,97.7,4-Seam Fastball
ST,2026-07-22,"Dobbins, Hunter",,ball,L,R,LAA,STL,0,1,,,,81,Sweeper
CU,2026-07-22,"Detmers, Reid",field_out,hit_into_play,R,L,LAA,STL,3,2,60,80.9,3,71.4,Curveball
SL,2026-07-22,"Hughes, Gabriel",,foul,L,R,COL,WSH,1,1,3,98.8,-27,88.9,Slider
FC,2026-07-22,"Scott, Christian",field_out,hit_into_play,L,R,MIL,NYM,3,2,141,73.5,68,91.8,Cutter
SL,2026-07-22,"Dobbins, Hunter",,called_strike,L,R,LAA,STL,0,0,,,,88.4,Slider
FS,2026-07-22,"Kremer, Dean",field_out,hit_into_play,L,R,BOS,BAL,2,1,167,104.5,9,83,Split-Finger
FF,2026-07-22,"Detmers, Reid",,foul,R,L,LAA,STL,3,2,210,71.1,29,94.6,4-Seam Fastball
FF,2026-07-22,"Henderson, Logan",,ball,R,R,MIL,NYM,0,0,,,,93.3,4-Seam Fastball
SL,2026-07-22,"Detmers, Reid",,ball,R,L,LAA,STL,2,2,,,,84.7,Slider
FF,2026-07-22,"Scott, Christian",,foul,L,R,MIL,NYM,3,2,,,,97,4-Seam Fastball
FF,2026-07-22,"Henderson, Logan",strikeout,foul_tip,L,R,MIL,NYM,0,2,,,,93.2,4-Seam Fastball
FF,2026-07-22,"Hughes, Gabriel",,ball,L,R,COL,WSH,0,1,,,,95.9,4-Seam Fastball
CU,2026-07-22,"Kremer, Dean",,blocked_ball,L,R,BOS,BAL,1,1,,,,76.7,Curveball
CU,2026-07-22,"Dobbins, Hunter",field_out,hit_into_play,R,R,LAA,STL,2,2,4,71.5,-20,80.9,Curveball
FS,2026-07-22,"Kremer, Dean",,ball,L,R,BOS,BAL,0,1,,,,82.2,Split-Finger
SI,2026-07-22,"Dobbins, Hunter",,foul_tip,R,R,LAA,STL,2,1,,,,94.9,Sinker
FF,2026-07-22,"Detmers, Reid",,ball,R,L,LAA,STL,1,2,,,,94.7,4-Seam Fastball
FF,2026-07-22,"Henderson, Logan",,foul,L,R,MIL,NYM,0,1,261,89.6,53,93.5,4-Seam Fastball
FF,2026-07-22,"Hughes, Gabriel",,called_strike,L,R,COL,WSH,0,0,,,,93.5,4-Seam Fastball
FF,2026-07-22,"Scott, Christian",,foul,L,R,MIL,NYM,3,2,254,75.4,46,96.5,4-Seam Fastball
CU,2026-07-22,"Scott, Christian",,ball,L,R,MIL,NYM,2,2,,,,81.3,Curveball
FF,2026-07-22,"Hughes, Gabriel",field_out,hit_into_play,L,R,COL,WSH,3,2,22,94.1,-6,95.2,4-Seam Fastball
FF,2026-07-22,"Dobbins, Hunter",,ball,R,R,LAA,STL,1,1,,,,96.1,4-Seam Fastball
FS,2026-07-22,"Kremer, Dean",,called_strike,L,R,BOS,BAL,0,0,,,,83.5,Split-Finger
FF,2026-07-22,"Detmers, Reid",,foul,R,L,LAA,STL,1,2,218,80.5,20,95.4,4-Seam Fastball
FF,2026-07-22,"Henderson, Logan",,called_strike,L,R,MIL,NYM,0,0,,,,93,4-Seam Fastball
FF,2026-07-22,"Scott, Christian",,foul,L,R,MIL,NYM,2,2,181,79.8,16,96.4,4-Seam Fastball
FF,2026-07-22,"Hughes, Gabriel",,called_strike,L,R,COL,WSH,3,1,,,,94.2,4-Seam Fastball
FC,2026-07-22,"Kremer, Dean",single,hit_into_play,R,R,BOS,BAL,1,1,3,76.8,-36,87.9,Cutter
SI,2026-07-22,"Dobbins, Hunter",,called_strike,R,R,LAA,STL,1,0,,,,95,Sinker
FC,2026-07-22,"Henderson, Logan",strikeout,swinging_strike,L,R,MIL,NYM,1,2,,,,86.5,Cutter
CH,2026-07-22,"Detmers, Reid",,called_strike,R,L,LAA,STL,1,1,,,,84.4,Changeup
ST,2026-07-22,"Dobbins, Hunter",,ball,R,R,LAA,STL,0,0,,,,83.9,Sweeper
FF,2026-07-22,"Scott, Christian",,ball,L,R,MIL,NYM,1,2,,,,97.9,4-Seam Fastball
ST,2026-07-22,"Hughes, Gabriel",,ball,L,R,COL,WSH,2,1,,,,86.7,Sweeper
SI,2026-07-22,"Kremer, Dean",,foul,R,R,BOS,BAL,1,0,249,80.2,46,91.6,Sinker
FF,2026-07-22,"Detmers, Reid",,ball,R,L,LAA,STL,0,1,,,,93.1,4-Seam Fastball
FF,2026-07-22,"Henderson, Logan",,ball,L,R,MIL,NYM,0,2,,,,93.5,4-Seam Fastball
SI,2026-07-22,"Kremer, Dean",,blocked_ball,R,R,BOS,BAL,0,0,,,,92.1,Sinker
FF,2026-07-22,"Detmers, Reid",,called_strike,R,L,LAA,STL,0,0,,,,93.5,4-Seam Fastball
FF,2026-07-22,"Hughes, Gabriel",,ball,L,R,COL,WSH,1,1,,,,94.4,4-Seam Fastball
FF,2026-07-22,"Scott, Christian",,called_strike,L,R,MIL,NYM,1,1,,,,96.1,4-Seam Fastball
ST,2026-07-22,"Dobbins, Hunter",strikeout,swinging_strike,R,R,LAA,STL,0,2,,,,84.4,Sweeper
FF,2026-07-22,"Henderson, Logan",,foul,L,R,MIL,NYM,0,2,174,75.4,64,93.4,4-Seam Fastball
FF,2026-07-22,"Kremer, Dean",single,hit_into_play,L,R,BOS,BAL,0,1,267,81.5,22,92.9,4-Seam Fastball
CH,2026-07-22,"Hughes, Gabriel",,ball,L,R,COL,WSH,0,1,,,,87.9,Changeup
ST,2026-07-22,"Dobbins, Hunter",,swinging_strike,R,R,LAA,STL,0,1,,,,84.1,Sweeper
CH,2026-07-22,"Henderson, Logan",,swinging_strike,L,R,MIL,NYM,0,1,,,,82.6,Changeup
FF,2026-07-22,"Detmers, Reid",field_out,hit_into_play,L,L,LAA,STL,0,1,34,98.7,-2,94.3,4-Seam Fastball
FF,2026-07-22,"Scott, Christian",,ball,L,R,MIL,NYM,0,1,,,,95.6,4-Seam Fastball
FF,2026-07-22,"Hughes, Gabriel",,foul,L,R,COL,WSH,0,0,218,70,33,93,4-Seam Fastball
SI,2026-07-22,"Dobbins, Hunter",,foul,R,R,LAA,STL,0,0,2,67.9,-35,94.8,Sinker
FF,2026-07-22,"Henderson, Logan",,called_strike,L,R,MIL,NYM,0,0,,,,92,4-Seam Fastball
FF,2026-07-22,"Kremer, Dean",,called_strike,L,R,BOS,BAL,0,0,,,,93.4,4-Seam Fastball
FF,2026-07-22,"Scott, Christian",,called_strike,L,R,MIL,NYM,0,0,,,,96,4-Seam Fastball
FF,2026-07-22,"Detmers, Reid",,swinging_strike,L,L,LAA,STL,0,0,,,,94,4-Seam Fastball
FF,2026-07-20,"Peralta, Freddy",single,hit_into_play,R,R,MIL,NYM,3,2,283,87.6,19,95,4-Seam Fastball
FF,2026-07-20,"Peralta, Freddy",,ball,R,R,MIL,NYM,2,2,,,,95.8,4-Seam Fastball
FF,2026-07-20,"Peralta, Freddy",,foul,R,R,MIL,NYM,2,1,34,76.7,-1,95,4-Seam Fastball
FF,2026-07-20,"Peralta, Freddy",,called_strike,R,R,MIL,NYM,2,0,,,,94.5,4-Seam Fastball
ST,2026-07-20,"Peralta, Freddy",,blocked_ball,R,R,MIL,NYM,1,0,,,,84.6,Sweeper
FF,2026-07-20,"Peralta, Freddy",,ball,R,R,MIL,NYM,0,0,,,,94.4,4-Seam Fastball
CH,2026-07-20,"Peralta, Freddy",walk,ball,L,R,MIL,NYM,3,1,,,,85,Changeup
CU,2026-07-20,"Peralta, Freddy",,ball,L,R,MIL,NYM,2,1,,,,79.8,Curveball
CH,2026-07-20,"Peralta, Freddy",,called_strike,L,R,MIL,NYM,2,0,,,,84.9,Changeup
CH,2026-07-20,"Peralta, Freddy",,ball,L,R,MIL,NYM,1,0,,,,85.8,Changeup
FF,2026-07-20,"Peralta, Freddy",,ball,L,R,MIL,NYM,0,0,,,,95.4,4-Seam Fastball
CH,2026-07-20,"Peralta, Freddy",field_out,hit_into_play,R,R,MIL,NYM,2,2,308,84.5,23,87.1,Changeup
FF,2026-07-20,"Peralta, Freddy",,called_strike,R,R,MIL,NYM,2,1,,,,93,4-Seam Fastball
CH,2026-07-20,"Peralta, Freddy",,ball,R,R,MIL,NYM,1,1,,,,87.5,Changeup
SL,2026-07-20,"Peralta, Freddy",,foul,R,R,MIL,NYM,1,0,12,95,-10,81.7,Slider
CU,2026-07-20,"Peralta, Freddy",,ball,R,R,MIL,NYM,0,0,,,,77.1,Curveball
FF,2026-07-20,"Peralta, Freddy",field_out,hit_into_play,L,R,MIL,NYM,0,2,234,88.6,58,94.2,4-Seam Fastball
FF,2026-07-20,"Peralta, Freddy",,foul,L,R,MIL,NYM,0,2,,,,92.9,4-Seam Fastball
ST,2026-07-20,"Peralta, Freddy",,foul,L,R,MIL,NYM,0,1,110,83.8,84,79.4,Sweeper
FF,2026-07-20,"Peralta, Freddy",,called_strike,L,R,MIL,NYM,0,0,,,,92.9,4-Seam Fastball
FF,2026-07-20,"Peralta, Freddy",strikeout,called_strike,R,R,MIL,NYM,1,2,,,,95.1,4-Seam Fastball
CS,2026-07-20,"Peralta, Freddy",,ball,R,R,MIL,NYM,0,2,,,,74.4,Slow Curve
ST,2026-07-20,"Peralta, Freddy",,foul,R,R,MIL,NYM,0,1,2,68.1,-52,80.5,Sweeper
CH,2026-07-20,"Peralta, Freddy",,foul_tip,R,R,MIL,NYM,0,0,,,,86.3,Changeup
CH,2026-07-20,"Peralta, Freddy",field_out,hit_into_play,L,R,MIL,NYM,1,0,292,80.1,39,84.2,Changeup
CH,2026-07-20,"Peralta, Freddy",,ball,L,R,MIL,NYM,0,0,,,,82.6,Changeup
CH,2026-07-20,"Peralta, Freddy",strikeout,swinging_strike,R,R,MIL,NYM,3,2,,,,88.6,Changeup
FF,2026-07-20,"Peralta, Freddy",,ball,R,R,MIL,NYM,2,2,,,,96.7,4-Seam Fastball
CH,2026-07-20,"Peralta, Freddy",,called_strike,R,R,MIL,NYM,2,1,,,,87,Changeup
FF,2026-07-20,"Peralta, Freddy",,ball,R,R,MIL,NYM,1,1,,,,93.7,4-Seam Fastball
CS,2026-07-20,"Peralta, Freddy",,swinging_strike,R,R,MIL,NYM,1,0,,,,74.8,Slow Curve
SI,2026-07-20,"Elder, Bryce",home_run,hit_into_play,R,R,ATL,SD,0,0,397,100.3,31,90.8,Sinker
FF,2026-07-20,"Elder, Bryce",field_out,hit_into_play,R,R,ATL,SD,2,2,382,102.1,34,93.4,4-Seam Fastball
ST,2026-07-20,"Peralta, Freddy",,blocked_ball,R,R,MIL,NYM,0,0,,,,84,Sweeper
SL,2026-07-20,"Peralta, Freddy",field_out,hit_into_play,L,R,MIL,NYM,3,2,3,73.1,-31,82,Slider
SI,2026-07-20,"Elder, Bryce",,ball,R,R,ATL,SD,1,2,,,,91.8,Sinker
FF,2026-07-20,"Elder, Bryce",,called_strike,R,R,ATL,SD,1,1,,,,92.2,4-Seam Fastball
FF,2026-07-20,"Peralta, Freddy",,foul,L,R,MIL,NYM,3,1,2,78.1,-45,95.5,4-Seam Fastball
FF,2026-07-20,"Peralta, Freddy",,foul,L,R,MIL,NYM,3,0,3,81.6,-39,94.8,4-Seam Fastball
SI,2026-07-20,"Elder, Bryce",,called_strike,R,R,ATL,SD,1,0,,,,91.4,Sinker
CU,2026-07-20,"Peralta, Freddy",,ball,L,R,MIL,NYM,2,0,,,,81.6,Curveball
FF,2026-07-20,"Elder, Bryce",,ball,R,R,ATL,SD,0,0,,,,94.4,4-Seam Fastball
SI,2026-07-20,"Elder, Bryce",strikeout,called_strike,L,R,ATL,SD,2,2,,,,92,Sinker
CH,2026-07-20,"Peralta, Freddy",,ball,L,R,MIL,NYM,1,0,,,,86.4,Changeup
FF,2026-07-20,"Elder, Bryce",,ball,L,R,ATL,SD,1,2,,,,94,4-Seam Fastball
CU,2026-07-20,"Peralta, Freddy",,ball,L,R,MIL,NYM,0,0,,,,79.5,Curveball
ST,2026-07-20,"Peralta, Freddy",strikeout,swinging_strike,R,R,MIL,NYM,2,2,,,,81.2,Sweeper
FC,2026-07-20,"Elder, Bryce",,foul,L,R,ATL,SD,1,2,215,74.8,25,90.2,Cutter
CU,2026-07-20,"Peralta, Freddy",,blocked_ball,R,R,MIL,NYM,1,2,,,,81,Curveball
FF,2026-07-20,"Elder, Bryce",,foul,L,R,ATL,SD,1,2,312,89.8,41,93.9,4-Seam Fastball
FC,2026-07-20,"Elder, Bryce",,swinging_strike,L,R,ATL,SD,1,1,,,,89.8,Cutter
FF,2026-07-20,"Peralta, Freddy",,foul,R,R,MIL,NYM,1,2,281,90.2,44,93.9,4-Seam Fastball
CU,2026-07-20,"Peralta, Freddy",,swinging_strike,R,R,MIL,NYM,1,1,,,,80.2,Curveball
CH,2026-07-20,"Elder, Bryce",,foul,L,R,ATL,SD,1,0,207,72.1,26,85,Changeup
FC,2026-07-20,"Elder, Bryce",,ball,L,R,ATL,SD,0,0,,,,88.5,Cutter
FF,2026-07-20,"Peralta, Freddy",,ball,R,R,MIL,NYM,0,1,,,,94.3,4-Seam Fastball
FC,2026-07-20,"Elder, Bryce",field_out,hit_into_play,R,R,ATL,SD,3,2,7,102.6,-15,89.4,Cutter
CU,2026-07-20,"Peralta, Freddy",,swinging_strike,R,R,MIL,NYM,0,0,,,,80,Curveball
SI,2026-07-20,"Elder, Bryce",,foul,R,R,ATL,SD,3,2,1,71.1,-50,93.5,Sinker
ST,2026-07-20,"Peralta, Freddy",single,hit_into_play,R,R,MIL,NYM,0,2,193,79.7,16,81,Sweeper
FF,2026-07-20,"Peralta, Freddy",,foul,R,R,MIL,NYM,0,1,217,77.5,52,95.3,4-Seam Fastball
SI,2026-07-20,"Elder, Bryce",,ball,R,R,ATL,SD,2,2,,,,91.3,Sinker
FF,2026-07-20,"Peralta, Freddy",,swinging_strike,R,R,MIL,NYM,0,0,,,,94.2,4-Seam Fastball
SL,2026-07-20,"Elder, Bryce",,ball,R,R,ATL,SD,1,2,,,,84,Slider
FF,2026-07-20,"Peralta, Freddy",field_out,hit_into_play,L,R,MIL,NYM,2,2,63,107.2,1,93.7,4-Seam Fastball
CH,2026-07-20,"Elder, Bryce",,ball,R,R,ATL,SD,0,2,,,,84.5,Changeup
SI,2026-07-20,"Elder, Bryce",,foul,R,R,ATL,SD,0,1,207,71.9,51,91.5,Sinker
CU,2026-07-20,"Peralta, Freddy",,foul,L,R,MIL,NYM,2,2,121,62.7,24,76.4,Curveball
FC,2026-07-20,"Elder, Bryce",,foul_tip,R,R,ATL,SD,0,0,,,,88.4,Cutter
CU,2026-07-20,"Peralta, Freddy",,swinging_strike,L,R,MIL,NYM,2,1,,,,79.1,Curveball
FF,2026-07-20,"Elder, Bryce",grounded_into_double_play,hit_into_play,L,R,ATL,SD,0,1,7,71.8,-20,92.5,4-Seam Fastball
CH,2026-07-20,"Peralta, Freddy",,ball,L,R,MIL,NYM,1,1,,,,85.6,Changeup
SI,2026-07-20,"Elder, Bryce",,called_strike,L,R,ATL,SD,0,0,,,,89.4,Sinker
FF,2026-07-20,"Peralta, Freddy",,foul,L,R,MIL,NYM,1,0,249,75,37,93.1,4-Seam Fastball
SI,2026-07-20,"Elder, Bryce",single,hit_into_play,R,R,ATL,SD,0,0,265,81,24,92.1,Sinker
ST,2026-07-20,"Peralta, Freddy",,ball,L,R,MIL,NYM,0,0,,,,80.5,Sweeper
SI,2026-07-20,"Elder, Bryce",field_out,hit_into_play,L,R,ATL,SD,2,0,129,74.8,11,89.8,Sinker
FF,2026-07-20,"Peralta, Freddy",home_run,hit_into_play,R,R,MIL,NYM,0,0,393,104.9,21,96.4,4-Seam Fastball
FF,2026-07-20,"Peralta, Freddy",double,hit_into_play,L,R,MIL,NYM,1,0,336,101.2,21,94.2,4-Seam Fastball
SI,2026-07-20,"Elder, Bryce",,ball,L,R,ATL,SD,1,0,,,,89.2,Sinker
FF,2026-07-20,"Peralta, Freddy",,ball,L,R,MIL,NYM,0,0,,,,94.2,4-Seam Fastball
FC,2026-07-20,"Elder, Bryce",,ball,L,R,ATL,SD,0,0,,,,90.3,Cutter
SL,2026-07-20,"Elder, Bryce",force_out,hit_into_play,R,R,ATL,SD,1,2,4,60,-26,84.2,Slider
FF,2026-07-20,"Peralta, Freddy",field_out,hit_into_play,R,R,MIL,NYM,1,0,13,100.4,-11,94.4,4-Seam Fastball
FF,2026-07-20,"Peralta, Freddy",,ball,R,R,MIL,NYM,0,0,,,,94.2,4-Seam Fastball
FF,2026-07-20,"Elder, Bryce",,foul,R,R,ATL,SD,1,2,248,74.9,50,94.7,4-Seam Fastball
SI,2026-07-20,"Elder, Bryce",,foul,R,R,ATL,SD,1,2,,,,93.2,Sinker
CU,2026-07-20,"Peralta, Freddy",field_out,hit_into_play,L,R,MIL,NYM,1,2,9,68.1,-8,79.6,Curveball
SL,2026-07-20,"Elder, Bryce",,called_strike,R,R,ATL,SD,1,1,,,,83.9,Slider
CH,2026-07-20,"Peralta, Freddy",,ball,L,R,MIL,NYM,0,2,,,,86.2,Changeup
SI,2026-07-20,"Elder, Bryce",,ball,R,R,ATL,SD,0,1,,,,92,Sinker
FF,2026-07-20,"Peralta, Freddy",,foul,L,R,MIL,NYM,0,2,254,90.9,57,93.8,4-Seam Fastball
FC,2026-07-20,"Elder, Bryce",,called_strike,R,R,ATL,SD,0,0,,,,90,Cutter
CH,2026-07-20,"Peralta, Freddy",,foul,L,R,MIL,NYM,0,2,226,72.2,33,85.9,Changeup
FF,2026-07-20,"Peralta, Freddy",,foul,L,R,MIL,NYM,0,1,230,77.7,36,94.8,4-Seam Fastball
CH,2026-07-20,"Elder, Bryce",field_out,hit_into_play,L,R,ATL,SD,0,0,274,88.1,47,86.6,Changeup
FF,2026-07-20,"Peralta, Freddy",,called_strike,L,R,MIL,NYM,0,0,,,,93.6,4-Seam Fastball
FF,2026-07-20,"Elder, Bryce",single,hit_into_play,R,R,ATL,SD,2,2,31,102,-3,94.1,4-Seam Fastball
FF,2026-07-20,"Peralta, Freddy",field_out,hit_into_play,R,R,MIL,NYM,3,2,8,80.6,-20,96.6,4-Seam Fastball
FF,2026-07-20,"Elder, Bryce",,ball,R,R,ATL,SD,1,2,,,,93.8,4-Seam Fastball
FC,2026-07-20,"Elder, Bryce",,swinging_strike,R,R,ATL,SD,1,1,,,,90.6,Cutter
SL,2026-07-20,"Peralta, Freddy",,blocked_ball,R,R,MIL,NYM,2,2,,,,84.2,Slider
SI,2026-07-20,"Elder, Bryce",,ball,R,R,ATL,SD,0,1,,,,92.3,Sinker
FF,2026-07-20,"Peralta, Freddy",,ball,R,R,MIL,NYM,1,2,,,,97.5,4-Seam Fastball
FF,2026-07-20,"Elder, Bryce",,swinging_strike,R,R,ATL,SD,0,0,,,,92.7,4-Seam Fastball
ST,2026-07-20,"Peralta, Freddy",,swinging_strike,R,R,MIL,NYM,1,1,,,,82.7,Sweeper
FF,2026-07-20,"Peralta, Freddy",,called_strike,R,R,MIL,NYM,1,0,,,,95.5,4-Seam Fastball
SL,2026-07-20,"Elder, Bryce",home_run,hit_into_play,R,R,ATL,SD,0,0,402,103.9,29,82.2,Slider
SL,2026-07-20,"Elder, Bryce",field_out,hit_into_play,L,R,ATL,SD,1,1,18,101.5,-5,83,Slider
FF,2026-07-20,"Peralta, Freddy",,ball,R,R,MIL,NYM,0,0,,,,93.6,4-Seam Fastball
CH,2026-07-20,"Peralta, Freddy",double,hit_into_play,L,R,MIL,NYM,2,1,364,97.3,24,87.1,Changeup
FF,2026-07-20,"Elder, Bryce",,swinging_strike,L,R,ATL,SD,1,0,,,,94,4-Seam Fastball
CH,2026-07-20,"Elder, Bryce",,ball,L,R,ATL,SD,0,0,,,,83.5,Changeup
FF,2026-07-20,"Peralta, Freddy",,ball,L,R,MIL,NYM,1,1,,,,93.7,4-Seam Fastball
FF,2026-07-20,"Peralta, Freddy",,foul,L,R,MIL,NYM,1,0,232,77.9,27,95.6,4-Seam Fastball
SI,2026-07-20,"Elder, Bryce",field_out,hit_into_play,R,R,ATL,SD,2,1,177,92.7,62,92,Sinker
FF,2026-07-20,"Elder, Bryce",,ball,R,R,ATL,SD,1,1,,,,93.6,4-Seam Fastball
FF,2026-07-20,"Peralta, Freddy",,ball,L,R,MIL,NYM,0,0,,,,94.9,4-Seam Fastball
FF,2026-07-20,"Peralta, Freddy",strikeout,called_strike,R,R,MIL,NYM,1,2,,,,96.1,4-Seam Fastball
SI,2026-07-20,"Elder, Bryce",,ball,R,R,ATL,SD,0,1,,,,92.1,Sinker
FF,2026-07-20,"Peralta, Freddy",,called_strike,R,R,MIL,NYM,1,1,,,,94.3,4-Seam Fastball
SL,2026-07-20,"Elder, Bryce",,called_strike,R,R,ATL,SD,0,0,,,,83.3,Slider
FF,2026-07-20,"Peralta, Freddy",,called_strike,R,R,MIL,NYM,1,0,,,,94.6,4-Seam Fastball
CH,2026-07-20,"Elder, Bryce",strikeout,swinging_strike,L,R,ATL,SD,2,2,,,,86.7,Changeup
FF,2026-07-20,"Peralta, Freddy",,ball,R,R,MIL,NYM,0,0,,,,94.8,4-Seam Fastball
SL,2026-07-20,"Elder, Bryce",,foul,L,R,ATL,SD,2,2,3,53.3,-33,84.4,Slider
ST,2026-07-20,"Peralta, Freddy",home_run,hit_into_play,R,R,MIL,NYM,0,1,393,96.7,30,81.5,Sweeper
SI,2026-07-20,"Elder, Bryce",,foul,L,R,ATL,SD,2,1,1,70.9,-71,91.4,Sinker
SI,2026-07-20,"Elder, Bryce",,ball,L,R,ATL,SD,1,1,,,,91.3,Sinker
FF,2026-07-20,"Peralta, Freddy",,called_strike,R,R,MIL,NYM,0,0,,,,94.8,4-Seam Fastball
FF,2026-07-20,"Peralta, Freddy",strikeout,called_strike,L,R,MIL,NYM,0,2,,,,94.4,4-Seam Fastball
FC,2026-07-20,"Elder, Bryce",,ball,L,R,ATL,SD,0,1,,,,90.6,Cutter
SI,2026-07-20,"Elder, Bryce",,missed_bunt,L,R,ATL,SD,0,0,,,,91.1,Sinker
CH,2026-07-20,"Peralta, Freddy",,called_strike,L,R,MIL,NYM,0,1,,,,86.1,Changeup
SL,2026-07-20,"Elder, Bryce",strikeout,swinging_strike,R,R,ATL,SD,1,2,,,,83.4,Slider
FF,2026-07-20,"Peralta, Freddy",,called_strike,L,R,MIL,NYM,0,0,,,,92.7,4-Seam Fastball
SL,2026-07-20,"Elder, Bryce",,ball,R,R,ATL,SD,0,2,,,,83.1,Slider
ST,2026-07-20,"Peralta, Freddy",field_out,hit_into_play,R,R,MIL,NYM,1,1,243,91.7,55,82.3,Sweeper
SI,2026-07-20,"Elder, Bryce",,foul,R,R,ATL,SD,0,1,185,74.5,64,92.3,Sinker
FF,2026-07-20,"Peralta, Freddy",,called_strike,R,R,MIL,NYM,1,0,,,,95.7,4-Seam Fastball
FF,2026-07-20,"Peralta, Freddy",,ball,R,R,MIL,NYM,0,0,,,,96.1,4-Seam Fastball
SI,2026-07-20,"Elder, Bryce",,foul,R,R,ATL,SD,0,0,,,,92.2,Sinker
FF,2026-07-20,"Elder, Bryce",field_out,hit_into_play,L,R,ATL,SD,0,0,326,102.2,19,93.4,4-Seam Fastball
ST,2026-07-20,"Peralta, Freddy",single,hit_into_play,L,R,MIL,NYM,1,0,239,85.8,17,82,Sweeper
FF,2026-07-20,"Peralta, Freddy",,ball,L,R,MIL,NYM,0,0,,,,96,4-Seam Fastball
SI,2026-07-20,"Elder, Bryce",field_out,hit_into_play,R,R,ATL,SD,2,0,14,68.2,-9,91.9,Sinker
FF,2026-07-20,"Peralta, Freddy",strikeout,called_strike,R,R,MIL,NYM,1,2,,,,96.2,4-Seam Fastball
SI,2026-07-20,"Elder, Bryce",,ball,R,R,ATL,SD,1,0,,,,90.5,Sinker
ST,2026-07-20,"Peralta, Freddy",,blocked_ball,R,R,MIL,NYM,0,2,,,,82.1,Sweeper
FC,2026-07-20,"Elder, Bryce",,ball,R,R,ATL,SD,0,0,,,,89.6,Cutter
FF,2026-07-20,"Peralta, Freddy",,foul,R,R,MIL,NYM,0,1,222,76.5,36,96.1,4-Seam Fastball
CH,2026-07-20,"Elder, Bryce",field_out,hit_into_play,L,R,ATL,SD,2,2,304,89.9,23,87.1,Changeup
ST,2026-07-20,"Peralta, Freddy",,swinging_strike,R,R,MIL,NYM,0,0,,,,83.4,Sweeper
SI,2026-07-20,"Elder, Bryce",,called_strike,L,R,ATL,SD,2,1,,,,92.6,Sinker
FC,2026-07-20,"Elder, Bryce",,foul,L,R,ATL,SD,2,0,47,102.2,-1,89.1,Cutter
CU,2026-07-20,"Peralta, Freddy",double,hit_into_play,L,R,MIL,NYM,2,2,157,82.1,14,79.2,Curveball
FF,2026-07-20,"Elder, Bryce",,ball,L,R,ATL,SD,1,0,,,,92.4,4-Seam Fastball
CH,2026-07-20,"Peralta, Freddy",,ball,L,R,MIL,NYM,1,2,,,,87.6,Changeup
CH,2026-07-20,"Peralta, Freddy",,swinging_strike,L,R,MIL,NYM,1,1,,,,87.5,Changeup
FF,2026-07-20,"Elder, Bryce",,ball,L,R,ATL,SD,0,0,,,,93.7,4-Seam Fastball
SI,2026-07-20,"Elder, Bryce",field_out,hit_into_play,R,R,ATL,SD,1,0,52,90.9,1,92.2,Sinker
FF,2026-07-20,"Peralta, Freddy",,called_strike,L,R,MIL,NYM,1,0,,,,95.9,4-Seam Fastball
FF,2026-07-20,"Peralta, Freddy",,ball,L,R,MIL,NYM,0,0,,,,93,4-Seam Fastball
FF,2026-07-20,"Elder, Bryce",,ball,R,R,ATL,SD,0,0,,,,92.6,4-Seam Fastball
FF,2026-07-20,"Peralta, Freddy",walk,ball,R,R,MIL,NYM,3,0,,,,95.2,4-Seam Fastball
FF,2026-07-20,"Peralta, Freddy",,ball,R,R,MIL,NYM,2,0,,,,95,4-Seam Fastball
FC,2026-07-20,"Elder, Bryce",strikeout,swinging_strike,L,R,ATL,SD,0,2,,,,91.4,Cutter
FF,2026-07-20,"Elder, Bryce",,called_strike,L,R,ATL,SD,0,1,,,,93.9,4-Seam Fastball
FF,2026-07-20,"Peralta, Freddy",,ball,R,R,MIL,NYM,1,0,,,,95.6,4-Seam Fastball
FF,2026-07-20,"Peralta, Freddy",,ball,R,R,MIL,NYM,0,0,,,,95.9,4-Seam Fastball
FC,2026-07-20,"Elder, Bryce",,foul,L,R,ATL,SD,0,0,202,69.4,44,90.8,Cutter
FF,2026-07-20,"Peralta, Freddy",field_out,hit_into_play,L,R,MIL,NYM,3,2,13,80.2,-10,96.9,4-Seam Fastball
FC,2026-07-20,"Elder, Bryce",walk,ball,R,R,ATL,SD,3,2,,,,91,Cutter
SI,2026-07-20,"Elder, Bryce",,ball,R,R,ATL,SD,2,2,,,,93.6,Sinker
CU,2026-07-20,"Peralta, Freddy",,ball,L,R,MIL,NYM,2,2,,,,78.8,Curveball
FC,2026-07-20,"Elder, Bryce",,swinging_strike,R,R,ATL,SD,2,1,,,,89.4,Cutter
CU,2026-07-20,"Peralta, Freddy",,ball,L,R,MIL,NYM,1,2,,,,78.6,Curveball
FF,2026-07-20,"Peralta, Freddy",,foul,L,R,MIL,NYM,1,1,112,48.7,47,95.5,4-Seam Fastball
FF,2026-07-20,"Elder, Bryce",,ball,R,R,ATL,SD,1,1,,,,93.3,4-Seam Fastball
FF,2026-07-20,"Elder, Bryce",,ball,R,R,ATL,SD,0,1,,,,93,4-Seam Fastball
FF,2026-07-20,"Peralta, Freddy",,foul,L,R,MIL,NYM,1,0,213,76.9,52,93.7,4-Seam Fastball
SI,2026-07-20,"Elder, Bryce",,called_strike,R,R,ATL,SD,0,0,,,,91.9,Sinker
FF,2026-07-20,"Peralta, Freddy",,ball,L,R,MIL,NYM,0,0,,,,94.1,4-Seam Fastball
SI,2026-07-19,"Gray, Sonny",grounded_into_double_play,hit_into_play,L,R,BOS,TB,2,2,11,91.9,-14,92.2,Sinker
FC,2026-07-19,"Cameron, Noah",field_out,hit_into_play,R,L,KC,SD,1,0,11,81.1,-11,90.2,Cutter
SI,2026-07-19,"Gray, Sonny",,swinging_strike,L,R,BOS,TB,2,1,,,,90.6,Sinker
CH,2026-07-19,"Cameron, Noah",,ball,R,L,KC,SD,0,0,,,,80.1,Changeup
CH,2026-07-19,"Gray, Sonny",,blocked_ball,L,R,BOS,TB,1,1,,,,87.3,Changeup
FF,2026-07-19,"Cameron, Noah",strikeout,foul_tip,R,L,KC,SD,3,2,,,,93.4,4-Seam Fastball
SI,2026-07-19,"Gray, Sonny",,foul,L,R,BOS,TB,1,0,4,69.9,-29,91.2,Sinker
SI,2026-07-19,"Gray, Sonny",,ball,L,R,BOS,TB,0,0,,,,90.7,Sinker
CH,2026-07-19,"Cameron, Noah",,foul,R,L,KC,SD,3,2,194,63.9,35,79.7,Changeup
FC,2026-07-19,"Cameron, Noah",,foul,R,L,KC,SD,3,2,183,67.8,23,92.6,Cutter
FF,2026-07-19,"Gray, Sonny",walk,ball,L,R,BOS,TB,3,0,,,,90.9,4-Seam Fastball
SI,2026-07-19,"Gray, Sonny",,ball,L,R,BOS,TB,2,0,,,,90.8,Sinker
CH,2026-07-19,"Cameron, Noah",,foul,R,L,KC,SD,3,2,111,79.8,80,81.4,Changeup
FF,2026-07-19,"Lopez, Jacob",field_out,hit_into_play,L,L,ATH,WSH,3,1,173,108.2,8,88.7,4-Seam Fastball
CH,2026-07-19,"Gray, Sonny",,ball,L,R,BOS,TB,1,0,,,,85,Changeup
CU,2026-07-19,"Cameron, Noah",,ball,R,L,KC,SD,2,2,,,,78.8,Curveball
FC,2026-07-19,"Gray, Sonny",,ball,L,R,BOS,TB,0,0,,,,89,Cutter
SL,2026-07-19,"Lopez, Jacob",,ball,L,L,ATH,WSH,2,1,,,,75.6,Slider
FF,2026-07-19,"Cameron, Noah",,foul,R,L,KC,SD,2,1,176,73.5,19,90.3,4-Seam Fastball
FF,2026-07-19,"Lopez, Jacob",,ball,L,L,ATH,WSH,1,1,,,,90.4,4-Seam Fastball
CU,2026-07-19,"Gray, Sonny",field_out,hit_into_play,L,R,BOS,TB,0,1,290,86.8,19,80.2,Curveball
FF,2026-07-19,"Cameron, Noah",,ball,R,L,KC,SD,1,1,,,,92.1,4-Seam Fastball
SI,2026-07-19,"Gray, Sonny",,called_strike,L,R,BOS,TB,0,0,,,,89.8,Sinker
SL,2026-07-19,"Lopez, Jacob",,swinging_strike,L,L,ATH,WSH,1,0,,,,73.7,Slider
CU,2026-07-19,"Cameron, Noah",,ball,R,L,KC,SD,0,1,,,,79.8,Curveball
SI,2026-07-19,"Gray, Sonny",field_out,hit_into_play,L,R,BOS,TB,1,0,60,79.8,2,91,Sinker
CH,2026-07-19,"Cameron, Noah",,swinging_strike,R,L,KC,SD,0,0,,,,79.8,Changeup
SL,2026-07-19,"Lopez, Jacob",,ball,L,L,ATH,WSH,0,0,,,,75.3,Slider
FF,2026-07-19,"Cameron, Noah",field_out,hit_into_play,R,L,KC,SD,2,0,7,94,-21,91.1,4-Seam Fastball
CU,2026-07-19,"Gray, Sonny",,blocked_ball,L,R,BOS,TB,0,0,,,,79.5,Curveball
SL,2026-07-19,"Lopez, Jacob",field_out,hit_into_play,R,L,ATH,WSH,1,1,270,86.2,40,76.8,Slider
CH,2026-07-19,"Cameron, Noah",,ball,R,L,KC,SD,1,0,,,,80,Changeup
CH,2026-07-19,"Gray, Sonny",field_out,hit_into_play,L,R,BOS,TB,0,1,2,60.6,-56,86,Changeup
FF,2026-07-19,"Lopez, Jacob",,called_strike,R,L,ATH,WSH,1,0,,,,90,4-Seam Fastball
FC,2026-07-19,"Gray, Sonny",,swinging_strike,L,R,BOS,TB,0,0,,,,89.1,Cutter
FF,2026-07-19,"Lopez, Jacob",,ball,R,L,ATH,WSH,0,0,,,,90.2,4-Seam Fastball
FF,2026-07-19,"Cameron, Noah",,ball,R,L,KC,SD,0,0,,,,90.1,4-Seam Fastball
ST,2026-07-19,"Gray, Sonny",force_out,hit_into_play,R,R,BOS,TB,0,2,19,77.9,-3,84.7,Sweeper
SL,2026-07-19,"Lopez, Jacob",hit_by_pitch,hit_by_pitch,R,L,ATH,WSH,1,2,,,,76.5,Slider
CU,2026-07-19,"Cameron, Noah",field_out,hit_into_play,R,L,KC,SD,1,1,358,100.3,38,78.2,Curveball
SI,2026-07-19,"Gray, Sonny",,foul,R,R,BOS,TB,0,1,3,92.7,-28,92.4,Sinker
SL,2026-07-19,"Lopez, Jacob",,swinging_strike,R,L,ATH,WSH,1,1,,,,76.1,Slider
SL,2026-07-19,"Cameron, Noah",,ball,R,L,KC,SD,0,1,,,,81.9,Slider
CH,2026-07-19,"Cameron, Noah",,called_strike,R,L,KC,SD,0,0,,,,81.6,Changeup
FF,2026-07-19,"Lopez, Jacob",,ball,R,L,ATH,WSH,0,1,,,,90.4,4-Seam Fastball
SI,2026-07-19,"Gray, Sonny",,foul,R,R,BOS,TB,0,0,1,71,-62,91.3,Sinker
FF,2026-07-19,"Cameron, Noah",field_out,hit_into_play,R,L,KC,SD,1,0,263,80.7,45,92.2,4-Seam Fastball
FF,2026-07-19,"Gray, Sonny",single,hit_into_play,L,R,BOS,TB,0,0,14,101.7,-9,91.3,4-Seam Fastball
SL,2026-07-19,"Lopez, Jacob",,called_strike,R,L,ATH,WSH,0,0,,,,76.1,Slider
FC,2026-07-19,"Gray, Sonny",strikeout,swinging_strike,R,R,BOS,TB,3,2,,,,88.3,Cutter
FF,2026-07-19,"Cameron, Noah",,ball,R,L,KC,SD,0,0,,,,90,4-Seam Fastball
SL,2026-07-19,"Lopez, Jacob",strikeout,swinging_strike,L,L,ATH,WSH,1,2,,,,75.2,Slider
SL,2026-07-19,"Lopez, Jacob",,foul,L,L,ATH,WSH,1,2,159,60.4,56,74.6,Slider
FC,2026-07-19,"Cameron, Noah",field_out,hit_into_play,R,L,KC,SD,1,0,19,106.9,-6,89.9,Cutter
FF,2026-07-19,"Gray, Sonny",,called_strike,R,R,BOS,TB,3,1,,,,90.7,4-Seam Fastball
SL,2026-07-19,"Lopez, Jacob",,foul_tip,L,L,ATH,WSH,1,1,,,,74.6,Slider
CU,2026-07-19,"Cameron, Noah",,ball,R,L,KC,SD,0,0,,,,77.3,Curveball
FC,2026-07-19,"Gray, Sonny",,ball,R,R,BOS,TB,2,1,,,,88.6,Cutter
FF,2026-07-19,"Lopez, Jacob",,ball,L,L,ATH,WSH,0,1,,,,92.1,4-Seam Fastball
FC,2026-07-19,"Cameron, Noah",home_run,hit_into_play,L,L,KC,SD,1,1,405,101.9,27,87.9,Cutter
SI,2026-07-19,"Gray, Sonny",,ball,R,R,BOS,TB,1,1,,,,93.1,Sinker
FF,2026-07-19,"Lopez, Jacob",,foul,L,L,ATH,WSH,0,0,,,,91.3,4-Seam Fastball
CH,2026-07-19,"Cameron, Noah",,ball,L,L,KC,SD,0,1,,,,79.5,Changeup
ST,2026-07-19,"Gray, Sonny",,foul,R,R,BOS,TB,1,0,278,87.2,46,86.6,Sweeper
CU,2026-07-19,"Gray, Sonny",,ball,R,R,BOS,TB,0,0,,,,79.8,Curveball
SL,2026-07-19,"Cameron, Noah",,called_strike,L,L,KC,SD,0,0,,,,80.8,Slider
FF,2026-07-19,"Lopez, Jacob",double,hit_into_play,R,L,ATH,WSH,3,2,359,101.2,25,89.2,4-Seam Fastball
CH,2026-07-19,"Cameron, Noah",field_out,hit_into_play,R,L,KC,SD,1,2,19,96.6,-6,79.3,Changeup
SI,2026-07-19,"Gray, Sonny",field_out,hit_into_play,L,R,BOS,TB,3,1,28,79.6,-2,89.9,Sinker
FF,2026-07-19,"Lopez, Jacob",,swinging_strike,R,L,ATH,WSH,3,1,,,,91.7,4-Seam Fastball
SL,2026-07-19,"Lopez, Jacob",,ball,R,L,ATH,WSH,2,1,,,,77.9,Slider
SI,2026-07-19,"Gray, Sonny",,ball,L,R,BOS,TB,2,1,,,,90.8,Sinker
SL,2026-07-19,"Cameron, Noah",,ball,R,L,KC,SD,0,2,,,,84.1,Slider
FF,2026-07-19,"Gray, Sonny",,ball,L,R,BOS,TB,1,1,,,,91.5,4-Seam Fastball
FF,2026-07-19,"Lopez, Jacob",,ball,R,L,ATH,WSH,1,1,,,,89.3,4-Seam Fastball
FC,2026-07-19,"Cameron, Noah",,called_strike,R,L,KC,SD,0,1,,,,90.7,Cutter
CU,2026-07-19,"Cameron, Noah",,foul,R,L,KC,SD,0,0,1,69,-49,79.2,Curveball
CU,2026-07-19,"Gray, Sonny",,ball,L,R,BOS,TB,0,1,,,,79.5,Curveball
FF,2026-07-19,"Lopez, Jacob",,ball,R,L,ATH,WSH,0,1,,,,88.7,4-Seam Fastball
CU,2026-07-19,"Gray, Sonny",,called_strike,L,R,BOS,TB,0,0,,,,77.6,Curveball
FF,2026-07-19,"Cameron, Noah",single,hit_into_play,R,L,KC,SD,0,1,177,99.9,8,93,4-Seam Fastball
FF,2026-07-19,"Lopez, Jacob",,called_strike,R,L,ATH,WSH,0,0,,,,89.3,4-Seam Fastball
SL,2026-07-19,"Lopez, Jacob",hit_by_pitch,hit_by_pitch,R,L,ATH,WSH,0,1,,,,79.4,Slider
CU,2026-07-19,"Cameron, Noah",,called_strike,R,L,KC,SD,0,0,,,,79.8,Curveball
FF,2026-07-19,"Gray, Sonny",field_out,hit_into_play,L,R,BOS,TB,3,1,178,97.7,8,91.3,4-Seam Fastball
FF,2026-07-19,"Cameron, Noah",double,hit_into_play,R,L,KC,SD,0,0,27,96.4,-5,91.3,4-Seam Fastball
SI,2026-07-19,"Gray, Sonny",,ball,L,R,BOS,TB,2,1,,,,89.6,Sinker
FF,2026-07-19,"Lopez, Jacob",,called_strike,R,L,ATH,WSH,0,0,,,,91.2,4-Seam Fastball
CU,2026-07-19,"Cameron, Noah",field_out,hit_into_play,R,L,KC,SD,1,2,324,97,20,83.5,Curveball
FF,2026-07-19,"Lopez, Jacob",strikeout,called_strike,L,L,ATH,WSH,1,2,,,,92.8,4-Seam Fastball
CH,2026-07-19,"Gray, Sonny",,ball,L,R,BOS,TB,1,1,,,,84.5,Changeup
FF,2026-07-19,"Lopez, Jacob",,called_strike,L,L,ATH,WSH,1,1,,,,91.9,4-Seam Fastball
FC,2026-07-19,"Gray, Sonny",,ball,L,R,BOS,TB,0,1,,,,87.5,Cutter
FF,2026-07-19,"Cameron, Noah",,foul,R,L,KC,SD,1,2,221,70.8,32,93.2,4-Seam Fastball
FF,2026-07-19,"Cameron, Noah",,ball,R,L,KC,SD,0,2,,,,94,4-Seam Fastball
SL,2026-07-19,"Lopez, Jacob",,called_strike,L,L,ATH,WSH,1,0,,,,76.6,Slider
FF,2026-07-19,"Gray, Sonny",,called_strike,L,R,BOS,TB,0,0,,,,90.6,4-Seam Fastball
FC,2026-07-19,"Cameron, Noah",,called_strike,R,L,KC,SD,0,1,,,,91.2,Cutter
CH,2026-07-19,"Gray, Sonny",field_out,hit_into_play,L,R,BOS,TB,2,0,208,84.1,56,86,Changeup
SL,2026-07-19,"Lopez, Jacob",,ball,L,L,ATH,WSH,0,0,,,,75.7,Slider
SL,2026-07-19,"Lopez, Jacob",strikeout,swinging_strike,R,L,ATH,WSH,1,2,,,,74.4,Slider
FF,2026-07-19,"Cameron, Noah",,swinging_strike,R,L,KC,SD,0,0,,,,93.1,4-Seam Fastball
SI,2026-07-19,"Gray, Sonny",,blocked_ball,L,R,BOS,TB,1,0,,,,91.9,Sinker
CU,2026-07-19,"Cameron, Noah",field_out,hit_into_play,R,L,KC,SD,1,2,24,105.6,-2,80.6,Curveball
FF,2026-07-19,"Lopez, Jacob",,foul,R,L,ATH,WSH,1,1,197,75.8,64,90.3,4-Seam Fastball
FC,2026-07-19,"Gray, Sonny",,ball,L,R,BOS,TB,0,0,,,,87.9,Cutter
FF,2026-07-19,"Cameron, Noah",,foul,R,L,KC,SD,1,1,194,77.3,19,93.5,4-Seam Fastball
SI,2026-07-19,"Gray, Sonny",strikeout,called_strike,L,R,BOS,TB,1,2,,,,92.8,Sinker
FC,2026-07-19,"Lopez, Jacob",,ball,R,L,ATH,WSH,0,1,,,,86.4,Cutter
SL,2026-07-19,"Lopez, Jacob",,called_strike,R,L,ATH,WSH,0,0,,,,76.3,Slider
SI,2026-07-19,"Gray, Sonny",,foul,L,R,BOS,TB,1,1,2,64.7,-36,91.7,Sinker
FF,2026-07-19,"Cameron, Noah",,foul,R,L,KC,SD,1,0,270,81.9,31,91.7,4-Seam Fastball
CH,2026-07-19,"Gray, Sonny",,ball,L,R,BOS,TB,0,1,,,,87.6,Changeup
FF,2026-07-19,"Lopez, Jacob",field_out,hit_into_play,R,L,ATH,WSH,1,2,6,87.9,-25,92.6,4-Seam Fastball
CH,2026-07-19,"Cameron, Noah",,ball,R,L,KC,SD,0,0,,,,81.2,Changeup
FC,2026-07-19,"Cameron, Noah",double,hit_into_play,R,L,KC,SD,0,0,163,111,7,89.4,Cutter
SI,2026-07-19,"Gray, Sonny",,foul,L,R,BOS,TB,0,0,1,83.7,-69,90.8,Sinker
SL,2026-07-19,"Lopez, Jacob",,foul,R,L,ATH,WSH,1,2,261,80.3,26,78.2,Slider
FF,2026-07-19,"Lopez, Jacob",,foul,R,L,ATH,WSH,1,1,141,90.3,9,90.7,4-Seam Fastball
CU,2026-07-19,"Cameron, Noah",field_out,hit_into_play,R,L,KC,SD,1,2,320,101.3,19,83.9,Curveball
FF,2026-07-19,"Gray, Sonny",double,hit_into_play,L,R,BOS,TB,1,0,84,95.9,4,91.4,4-Seam Fastball
FF,2026-07-19,"Cameron, Noah",,ball,R,L,KC,SD,0,2,,,,92.5,4-Seam Fastball
SL,2026-07-19,"Lopez, Jacob",,ball,R,L,ATH,WSH,0,1,,,,75.9,Slider
FC,2026-07-19,"Gray, Sonny",,ball,L,R,BOS,TB,0,0,,,,88.5,Cutter
SI,2026-07-19,"Gray, Sonny",walk,ball,L,R,BOS,TB,3,2,,,,91.5,Sinker
CH,2026-07-19,"Cameron, Noah",,foul,R,L,KC,SD,0,1,192,69.7,46,83,Changeup
FC,2026-07-19,"Lopez, Jacob",,called_strike,R,L,ATH,WSH,0,0,,,,89.5,Cutter
FF,2026-07-19,"Lopez, Jacob",strikeout,called_strike,L,L,ATH,WSH,2,2,,,,91.9,4-Seam Fastball
SI,2026-07-19,"Gray, Sonny",,swinging_strike,L,R,BOS,TB,3,1,,,,90.8,Sinker
FC,2026-07-19,"Cameron, Noah",,swinging_strike,R,L,KC,SD,0,0,,,,91.7,Cutter
CH,2026-07-19,"Cameron, Noah",sac_fly,hit_into_play,R,L,KC,SD,1,0,297,89.2,22,81.2,Changeup
FF,2026-07-19,"Lopez, Jacob",,ball,L,L,ATH,WSH,1,2,,,,91.9,4-Seam Fastball
CH,2026-07-19,"Gray, Sonny",,ball,L,R,BOS,TB,2,1,,,,86.6,Changeup
SI,2026-07-19,"Gray, Sonny",,foul,L,R,BOS,TB,2,0,,,,89.7,Sinker
SL,2026-07-19,"Lopez, Jacob",,foul,L,L,ATH,WSH,1,1,,,,75.6,Slider
CU,2026-07-19,"Cameron, Noah",,blocked_ball,R,L,KC,SD,0,0,,,,80.9,Curveball
SI,2026-07-19,"Cameron, Noah",single,hit_into_play,L,L,KC,SD,1,0,63,87,3,92.1,Sinker
FF,2026-07-19,"Gray, Sonny",,ball,L,R,BOS,TB,1,0,,,,91.4,4-Seam Fastball
SL,2026-07-19,"Lopez, Jacob",,swinging_strike,L,L,ATH,WSH,1,0,,,,74.3,Slider
FF,2026-07-19,"Lopez, Jacob",,ball,L,L,ATH,WSH,0,0,,,,90.2,4-Seam Fastball
FC,2026-07-19,"Cameron, Noah",,ball,L,L,KC,SD,0,0,,,,93.3,Cutter
CH,2026-07-19,"Gray, Sonny",,ball,L,R,BOS,TB,0,0,,,,85.9,Changeup
SL,2026-07-19,"Lopez, Jacob",single,hit_into_play,R,L,ATH,WSH,2,2,132,95.5,8,77.3,Slider
CU,2026-07-19,"Cameron, Noah",single,hit_into_play,R,L,KC,SD,2,2,213,93.1,13,85.7,Curveball
SI,2026-07-19,"Gray, Sonny",strikeout,swinging_strike,R,R,BOS,TB,2,2,,,,92.6,Sinker
ST,2026-07-19,"Gray, Sonny",,ball,R,R,BOS,TB,1,2,,,,85,Sweeper
FF,2026-07-19,"Lopez, Jacob",,foul,R,L,ATH,WSH,2,2,179,76.7,63,89.8,4-Seam Fastball
FF,2026-07-19,"Cameron, Noah",,foul,R,L,KC,SD,2,2,292,84.7,40,95.3,4-Seam Fastball
FC,2026-07-19,"Cameron, Noah",,swinging_strike,R,L,KC,SD,2,1,,,,93.1,Cutter
SI,2026-07-19,"Gray, Sonny",,ball,R,R,BOS,TB,0,2,,,,91.8,Sinker
FF,2026-07-19,"Lopez, Jacob",,ball,R,L,ATH,WSH,1,2,,,,92.2,4-Seam Fastball
CH,2026-07-19,"Cameron, Noah",,called_strike,R,L,KC,SD,2,0,,,,83.7,Changeup
SL,2026-07-19,"Lopez, Jacob",,ball,R,L,ATH,WSH,0,2,,,,76.9,Slider
ST,2026-07-19,"Gray, Sonny",,foul,R,R,BOS,TB,0,1,1,62.7,-61,83.5,Sweeper
SL,2026-07-19,"Lopez, Jacob",,foul,R,L,ATH,WSH,0,1,133,61.5,61,75.7,Slider
FF,2026-07-19,"Gray, Sonny",,called_strike,R,R,BOS,TB,0,0,,,,91.2,4-Seam Fastball
FC,2026-07-19,"Cameron, Noah",,ball,R,L,KC,SD,1,0,,,,92.8,Cutter
CU,2026-07-19,"Cameron, Noah",,ball,R,L,KC,SD,0,0,,,,82.4,Curveball
FF,2026-07-19,"Lopez, Jacob",,called_strike,R,L,ATH,WSH,0,0,,,,89.1,4-Seam Fastball
CH,2026-07-19,"Gray, Sonny",field_out,hit_into_play,L,R,BOS,TB,0,0,307,92,37,86,Changeup
SI,2026-07-19,"Gray, Sonny",field_out,hit_into_play,R,R,BOS,TB,1,1,280,86.4,45,91.7,Sinker
CU,2026-07-19,"Cameron, Noah",walk,blocked_ball,R,L,KC,SD,3,2,,,,81.7,Curveball
FC,2026-07-19,"Cameron, Noah",,foul,R,L,KC,SD,3,1,100,54.5,72,91.7,Cutter
CH,2026-07-19,"Lopez, Jacob",,ball,R,L,ATH,WSH,0,1,,,,82.9,Changeup
ST,2026-07-19,"Gray, Sonny",,blocked_ball,R,R,BOS,TB,0,1,,,,83.3,Sweeper
FF,2026-07-19,"Cameron, Noah",,ball,R,L,KC,SD,2,1,,,,94.3,4-Seam Fastball
SI,2026-07-19,"Gray, Sonny",,called_strike,R,R,BOS,TB,0,0,,,,91.6,Sinker
FF,2026-07-19,"Lopez, Jacob",,called_strike,R,L,ATH,WSH,0,0,,,,91.4,4-Seam Fastball
CU,2026-07-19,"Cameron, Noah",,ball,R,L,KC,SD,1,1,,,,81,Curveball
SI,2026-07-19,"Gray, Sonny",strikeout,called_strike,L,R,BOS,TB,1,2,,,,91.3,Sinker
FF,2026-07-19,"Lopez, Jacob",field_out,hit_into_play,L,L,ATH,WSH,1,1,272,98,55,91.5,4-Seam Fastball
CH,2026-07-19,"Gray, Sonny",,foul_bunt,L,R,BOS,TB,1,1,,,,86.7,Changeup
SL,2026-07-19,"Lopez, Jacob",,ball,L,L,ATH,WSH,0,1,,,,77.2,Slider
CH,2026-07-19,"Cameron, Noah",,ball,R,L,KC,SD,0,1,,,,83.4,Changeup
SL,2026-07-19,"Lopez, Jacob",,foul,L,L,ATH,WSH,0,0,7,72.5,-18,77.2,Slider
FF,2026-07-19,"Gray, Sonny",,ball,L,R,BOS,TB,0,1,,,,91.6,4-Seam Fastball
FC,2026-07-19,"Cameron, Noah",,swinging_strike,R,L,KC,SD,0,0,,,,91.4,Cutter
FC,2026-07-19,"Gray, Sonny",,foul_bunt,L,R,BOS,TB,0,0,,,,87.9,Cutter
FF,2026-07-19,"Lopez, Jacob",field_out,hit_into_play,R,L,ATH,WSH,1,2,86,61.9,10,91.5,4-Seam Fastball
SL,2026-07-19,"Lopez, Jacob",,swinging_strike,R,L,ATH,WSH,1,1,,,,75.8,Slider
SI,2026-07-19,"Gray, Sonny",walk,ball,L,R,BOS,TB,3,1,,,,90.7,Sinker
CH,2026-07-19,"Cameron, Noah",single,hit_into_play,R,L,KC,SD,1,2,16,100.6,-6,81,Changeup
CU,2026-07-19,"Gray, Sonny",,ball,L,R,BOS,TB,2,1,,,,78.8,Curveball
FF,2026-07-19,"Cameron, Noah",,ball,R,L,KC,SD,0,2,,,,93,4-Seam Fastball
FF,2026-07-19,"Lopez, Jacob",,ball,R,L,ATH,WSH,0,1,,,,89.8,4-Seam Fastball
FC,2026-07-19,"Cameron, Noah",,swinging_strike,R,L,KC,SD,0,1,,,,90.2,Cutter
FF,2026-07-19,"Lopez, Jacob",,foul,R,L,ATH,WSH,0,0,123,77.3,10,89.2,4-Seam Fastball
FF,2026-07-19,"Gray, Sonny",,called_strike,L,R,BOS,TB,2,0,,,,91.2,4-Seam Fastball
SL,2026-07-19,"Lopez, Jacob",field_out,hit_into_play,R,L,ATH,WSH,1,2,246,82.4,49,75.3,Slider
FF,2026-07-19,"Cameron, Noah",,called_strike,R,L,KC,SD,0,0,,,,93.5,4-Seam Fastball
CU,2026-07-19,"Gray, Sonny",,ball,L,R,BOS,TB,1,0,,,,77.6,Curveball
SL,2026-07-19,"Lopez, Jacob",,swinging_strike,R,L,ATH,WSH,1,1,,,,75.2,Slider
FC,2026-07-19,"Cameron, Noah",field_out,hit_into_play,R,L,KC,SD,2,1,269,87.4,49,91.4,Cutter
FC,2026-07-19,"Gray, Sonny",,ball,L,R,BOS,TB,0,0,,,,89,Cutter
FF,2026-07-19,"Lopez, Jacob",,ball,R,L,ATH,WSH,0,1,,,,91.1,4-Seam Fastball
FC,2026-07-19,"Gray, Sonny",single,hit_into_play,L,R,BOS,TB,3,2,191,74.3,15,87.8,Cutter
CH,2026-07-19,"Cameron, Noah",,ball,R,L,KC,SD,1,1,,,,81.3,Changeup
CU,2026-07-19,"Cameron, Noah",,ball,R,L,KC,SD,0,1,,,,80.3,Curveball
FF,2026-07-19,"Gray, Sonny",,called_strike,L,R,BOS,TB,3,1,,,,90.8,4-Seam Fastball
SL,2026-07-19,"Lopez, Jacob",,called_strike,R,L,ATH,WSH,0,0,,,,74.1,Slider
SL,2026-07-19,"Lopez, Jacob",strikeout,swinging_strike,L,L,ATH,WSH,1,2,,,,75.1,Slider
FC,2026-07-19,"Cameron, Noah",,called_strike,R,L,KC,SD,0,0,,,,90.3,Cutter
FC,2026-07-19,"Gray, Sonny",,ball,L,R,BOS,TB,2,1,,,,87.8,Cutter
FF,2026-07-19,"Lopez, Jacob",,foul,L,L,ATH,WSH,1,2,98,53.9,69,93,4-Seam Fastball
CH,2026-07-19,"Cameron, Noah",field_out,hit_into_play,R,L,KC,SD,0,1,182,87.9,63,84,Changeup
CH,2026-07-19,"Gray, Sonny",,ball,L,R,BOS,TB,1,1,,,,85.2,Changeup
FF,2026-07-19,"Lopez, Jacob",,foul,L,L,ATH,WSH,1,1,125,75.4,11,92,4-Seam Fastball
CU,2026-07-19,"Cameron, Noah",,called_strike,R,L,KC,SD,0,0,,,,80.5,Curveball
FF,2026-07-19,"Gray, Sonny",,called_strike,L,R,BOS,TB,1,0,,,,91,4-Seam Fastball
FC,2026-07-19,"Cameron, Noah",field_out,hit_into_play,R,L,KC,SD,1,1,321,92.3,24,91.9,Cutter
SL,2026-07-19,"Lopez, Jacob",,ball,L,L,ATH,WSH,0,1,,,,75.8,Slider
SI,2026-07-19,"Gray, Sonny",,ball,L,R,BOS,TB,0,0,,,,90.8,Sinker
FC,2026-07-19,"Gray, Sonny",home_run,hit_into_play,L,R,BOS,TB,1,0,317,108.8,15,88.4,Cutter
CH,2026-07-19,"Cameron, Noah",,foul,R,L,KC,SD,1,0,5,82.8,-28,82.8,Changeup
SI,2026-07-19,"Lopez, Jacob",,called_strike,L,L,ATH,WSH,0,0,,,,90.1,Sinker
CH,2026-07-19,"Cameron, Noah",,ball,R,L,KC,SD,0,0,,,,82.6,Changeup
CU,2026-07-19,"Gray, Sonny",,ball,L,R,BOS,TB,0,0,,,,77.7,Curveball
SL,2026-07-19,"Lopez, Jacob",walk,ball,R,L,ATH,WSH,3,2,,,,76.8,Slider
SI,2026-07-19,"Gray, Sonny",field_out,hit_into_play,L,R,BOS,TB,1,1,255,82.9,47,91.6,Sinker
FC,2026-07-19,"Cameron, Noah",walk,ball,R,L,KC,SD,3,1,,,,89.7,Cutter
FF,2026-07-19,"Lopez, Jacob",,swinging_strike,R,L,ATH,WSH,3,1,,,,90.8,4-Seam Fastball
FF,2026-07-19,"Lopez, Jacob",,called_strike,R,L,ATH,WSH,3,0,,,,90.4,4-Seam Fastball
FF,2026-07-19,"Cameron, Noah",,called_strike,R,L,KC,SD,3,0,,,,93.6,4-Seam Fastball
CU,2026-07-19,"Gray, Sonny",,blocked_ball,L,R,BOS,TB,0,1,,,,80,Curveball
FC,2026-07-19,"Cameron, Noah",,ball,R,L,KC,SD,2,0,,,,91.9,Cutter
FC,2026-07-19,"Gray, Sonny",,called_strike,L,R,BOS,TB,0,0,,,,88.3,Cutter
FF,2026-07-19,"Lopez, Jacob",,ball,R,L,ATH,WSH,2,0,,,,91.6,4-Seam Fastball
ST,2026-07-19,"Gray, Sonny",strikeout,swinging_strike,L,R,BOS,TB,0,2,,,,83.5,Sweeper
CH,2026-07-19,"Cameron, Noah",,ball,R,L,KC,SD,1,0,,,,82.4,Changeup
FF,2026-07-19,"Lopez, Jacob",,ball,R,L,ATH,WSH,1,0,,,,90.4,4-Seam Fastball
FC,2026-07-19,"Cameron, Noah",,ball,R,L,KC,SD,0,0,,,,90.1,Cutter
FC,2026-07-19,"Lopez, Jacob",,ball,R,L,ATH,WSH,0,0,,,,87.5,Cutter
CU,2026-07-19,"Gray, Sonny",,called_strike,L,R,BOS,TB,0,1,,,,78.5,Curveball
SL,2026-07-19,"Cameron, Noah",single,hit_into_play,L,L,KC,SD,1,2,269,93.1,18,84.1,Slider
CU,2026-07-19,"Gray, Sonny",,swinging_strike_blocked,L,R,BOS,TB,0,0,,,,79.6,Curveball
SL,2026-07-19,"Lopez, Jacob",walk,ball,R,L,ATH,WSH,3,2,,,,75.4,Slider
SI,2026-07-19,"Gray, Sonny",single,hit_into_play,R,R,BOS,TB,1,1,8,95.7,-17,92.4,Sinker
FF,2026-07-19,"Cameron, Noah",,foul,L,L,KC,SD,1,2,182,65.2,50,93.1,4-Seam Fastball
SL,2026-07-19,"Lopez, Jacob",,ball,R,L,ATH,WSH,2,2,,,,75.2,Slider
FF,2026-07-19,"Cameron, Noah",,ball,L,L,KC,SD,0,2,,,,94.8,4-Seam Fastball
ST,2026-07-19,"Gray, Sonny",,ball,R,R,BOS,TB,0,1,,,,83.5,Sweeper
FF,2026-07-19,"Lopez, Jacob",,ball,R,L,ATH,WSH,1,2,,,,93.6,4-Seam Fastball
FF,2026-07-19,"Cameron, Noah",,swinging_strike,L,L,KC,SD,0,1,,,,93.9,4-Seam Fastball
FC,2026-07-19,"Gray, Sonny",,swinging_strike,R,R,BOS,TB,0,0,,,,88.1,Cutter
SL,2026-07-19,"Lopez, Jacob",,ball,R,L,ATH,WSH,0,2,,,,77.7,Slider
FC,2026-07-19,"Gray, Sonny",walk,ball,L,R,BOS,TB,3,1,,,,87.7,Cutter
SL,2026-07-19,"Cameron, Noah",,swinging_strike,L,L,KC,SD,0,0,,,,84.5,Slider
SL,2026-07-19,"Lopez, Jacob",,swinging_strike,R,L,ATH,WSH,0,1,,,,75.7,Slider
SL,2026-07-19,"Lopez, Jacob",,called_strike,R,L,ATH,WSH,0,0,,,,77.1,Slider
SI,2026-07-19,"Gray, Sonny",,ball,L,R,BOS,TB,2,1,,,,90.6,Sinker
CH,2026-07-19,"Cameron, Noah",field_out,hit_into_play,R,L,KC,SD,2,2,2,64.4,-54,80.1,Changeup
FC,2026-07-19,"Gray, Sonny",,called_strike,L,R,BOS,TB,2,0,,,,87.6,Cutter
CU,2026-07-19,"Cameron, Noah",,ball,R,L,KC,SD,1,2,,,,81.9,Curveball
SL,2026-07-19,"Lopez, Jacob",strikeout,swinging_strike,L,L,ATH,WSH,1,2,,,,78.1,Slider
SL,2026-07-19,"Lopez, Jacob",,swinging_strike,L,L,ATH,WSH,1,1,,,,75.1,Slider
CU,2026-07-19,"Gray, Sonny",,ball,L,R,BOS,TB,1,0,,,,76.8,Curveball
FC,2026-07-19,"Cameron, Noah",,foul,R,L,KC,SD,1,1,127,77.3,72,89.7,Cutter
FF,2026-07-19,"Lopez, Jacob",,called_strike,L,L,ATH,WSH,1,0,,,,91.2,4-Seam Fastball
FC,2026-07-19,"Gray, Sonny",,ball,L,R,BOS,TB,0,0,,,,87,Cutter
FC,2026-07-19,"Cameron, Noah",,called_strike,R,L,KC,SD,1,0,,,,87.7,Cutter
FF,2026-07-19,"Lopez, Jacob",,ball,L,L,ATH,WSH,0,0,,,,91.9,4-Seam Fastball
FF,2026-07-19,"Gray, Sonny",field_out,hit_into_play,R,R,BOS,TB,0,0,17,88.3,-6,91.1,4-Seam Fastball
FF,2026-07-19,"Cameron, Noah",,ball,R,L,KC,SD,0,0,,,,92.3,4-Seam Fastball
FC,2026-07-18,"Rogers, Trevor",single,hit_into_play,L,L,HOU,BAL,0,0,214,79.7,18,84.9,Cutter
FF,2026-07-18,"Rogers, Trevor",single,hit_into_play,R,L,HOU,BAL,1,2,230,85.2,18,94,4-Seam Fastball
FF,2026-07-18,"Rogers, Trevor",,foul,R,L,HOU,BAL,1,2,239,78.5,41,94.8,4-Seam Fastball
ST,2026-07-18,"Rogers, Trevor",,foul,R,L,HOU,BAL,1,1,6,77.7,-20,77.2,Sweeper
FF,2026-07-18,"Rogers, Trevor",,ball,R,L,HOU,BAL,0,1,,,,93.8,4-Seam Fastball
FF,2026-07-18,"Rogers, Trevor",,foul,R,L,HOU,BAL,0,0,,,,95,4-Seam Fastball
ST,2026-07-18,"Rogers, Trevor",field_out,hit_into_play,R,L,HOU,BAL,2,2,28,75.4,-1,78.1,Sweeper
CH,2026-07-18,"Rogers, Trevor",,foul,R,L,HOU,BAL,2,2,7,56.8,-14,85.7,Changeup
FF,2026-07-18,"Rogers, Trevor",,ball,R,L,HOU,BAL,1,2,,,,94.1,4-Seam Fastball
FC,2026-07-18,"Rogers, Trevor",,ball,R,L,HOU,BAL,0,2,,,,83.1,Cutter
ST,2026-07-18,"Rogers, Trevor",,swinging_strike,R,L,HOU,BAL,0,1,,,,76.3,Sweeper
CH,2026-07-18,"Rogers, Trevor",,called_strike,R,L,HOU,BAL,0,0,,,,86,Changeup
FF,2026-07-18,"Rogers, Trevor",strikeout,swinging_strike,R,L,HOU,BAL,0,2,,,,94.5,4-Seam Fastball
SI,2026-07-18,"Gore, MacKenzie",hit_by_pitch,hit_by_pitch,L,L,ATL,TEX,0,0,,,,95.3,Sinker
FF,2026-07-18,"Gore, MacKenzie",hit_by_pitch,hit_by_pitch,R,L,ATL,TEX,0,0,,,,95.8,4-Seam Fastball
FF,2026-07-18,"Rogers, Trevor",,foul,R,L,HOU,BAL,0,1,167,57.8,43,94.6,4-Seam Fastball
FF,2026-07-18,"Gore, MacKenzie",field_out,hit_into_play,R,L,ATL,TEX,0,0,275,77.8,40,94.6,4-Seam Fastball
FF,2026-07-18,"Rogers, Trevor",,foul,R,L,HOU,BAL,0,0,186,73.3,31,94.6,4-Seam Fastball
FF,2026-07-18,"Rogers, Trevor",walk,ball,L,L,HOU,BAL,3,1,,,,94.9,4-Seam Fastball
CU,2026-07-18,"Gore, MacKenzie",strikeout,swinging_strike,R,L,ATL,TEX,2,2,,,,84,Curveball
FF,2026-07-18,"Gore, MacKenzie",,ball,R,L,ATL,TEX,1,2,,,,94.6,4-Seam Fastball
SI,2026-07-18,"Rogers, Trevor",,ball,L,L,HOU,BAL,2,1,,,,93.7,Sinker
FF,2026-07-18,"Gore, MacKenzie",,called_strike,R,L,ATL,TEX,1,1,,,,95.2,4-Seam Fastball
FF,2026-07-18,"Rogers, Trevor",,called_strike,L,L,HOU,BAL,2,0,,,,94,4-Seam Fastball
CH,2026-07-18,"Gore, MacKenzie",,ball,R,L,ATL,TEX,0,1,,,,87,Changeup
ST,2026-07-18,"Rogers, Trevor",,ball,L,L,HOU,BAL,1,0,,,,79.2,Sweeper
FF,2026-07-18,"Gore, MacKenzie",,foul,R,L,ATL,TEX,0,0,233,71.1,46,94.4,4-Seam Fastball
FF,2026-07-18,"Rogers, Trevor",,ball,L,L,HOU,BAL,0,0,,,,93.2,4-Seam Fastball
FF,2026-07-18,"Rogers, Trevor",field_out,hit_into_play,R,L,HOU,BAL,0,0,253,81,47,93.7,4-Seam Fastball
FF,2026-07-18,"Gore, MacKenzie",strikeout,foul_tip,R,L,ATL,TEX,3,2,,,,96.3,4-Seam Fastball
FF,2026-07-18,"Rogers, Trevor",field_out,hit_into_play,R,L,HOU,BAL,0,2,310,84.6,39,93.3,4-Seam Fastball
FF,2026-07-18,"Gore, MacKenzie",,foul,R,L,ATL,TEX,3,2,176,66.1,52,96.9,4-Seam Fastball
CU,2026-07-18,"Gore, MacKenzie",,ball,R,L,ATL,TEX,2,2,,,,83.2,Curveball
FF,2026-07-18,"Rogers, Trevor",,foul,R,L,HOU,BAL,0,2,177,66.1,52,93.3,4-Seam Fastball
FF,2026-07-18,"Gore, MacKenzie",,foul,R,L,ATL,TEX,2,1,181,68.5,36,95,4-Seam Fastball
FC,2026-07-18,"Rogers, Trevor",,foul,R,L,HOU,BAL,0,1,339,100.3,44,83.4,Cutter
FF,2026-07-18,"Rogers, Trevor",,foul,R,L,HOU,BAL,0,0,216,99.7,14,92.5,4-Seam Fastball
CH,2026-07-18,"Gore, MacKenzie",,ball,R,L,ATL,TEX,1,1,,,,87.2,Changeup
FF,2026-07-18,"Gore, MacKenzie",,foul,R,L,ATL,TEX,1,0,116,78.9,79,96.3,4-Seam Fastball
SI,2026-07-18,"Rogers, Trevor",force_out,hit_into_play,L,L,HOU,BAL,2,1,110,82.3,7,95.4,Sinker
CH,2026-07-18,"Rogers, Trevor",,foul,L,L,HOU,BAL,2,0,6,87.4,-22,87.2,Changeup
CU,2026-07-18,"Gore, MacKenzie",,ball,R,L,ATL,TEX,0,0,,,,81.3,Curveball
FF,2026-07-18,"Rogers, Trevor",,ball,L,L,HOU,BAL,1,0,,,,95,4-Seam Fastball
FF,2026-07-18,"Gore, MacKenzie",field_out,hit_into_play,L,L,ATL,TEX,1,0,155,82.1,67,95.4,4-Seam Fastball
CH,2026-07-18,"Rogers, Trevor",,ball,L,L,HOU,BAL,0,0,,,,89.5,Changeup
SI,2026-07-18,"Gore, MacKenzie",,ball,L,L,ATL,TEX,0,0,,,,95.9,Sinker
ST,2026-07-18,"Rogers, Trevor",strikeout,swinging_strike,R,L,HOU,BAL,1,2,,,,78.8,Sweeper
FF,2026-07-18,"Gore, MacKenzie",field_out,hit_into_play,L,L,ATL,TEX,0,0,5,110.1,-22,95.4,4-Seam Fastball
FF,2026-07-18,"Gore, MacKenzie",field_out,hit_into_play,R,L,ATL,TEX,1,0,166,55.6,42,96.3,4-Seam Fastball
CH,2026-07-18,"Rogers, Trevor",,foul,R,L,HOU,BAL,1,1,219,78.9,20,89.1,Changeup
CH,2026-07-18,"Gore, MacKenzie",,ball,R,L,ATL,TEX,0,0,,,,87.8,Changeup
CH,2026-07-18,"Rogers, Trevor",,blocked_ball,R,L,HOU,BAL,0,1,,,,89.3,Changeup
FF,2026-07-18,"Gore, MacKenzie",field_out,hit_into_play,L,L,ATL,TEX,0,2,1,63.7,-66,96.7,4-Seam Fastball
FF,2026-07-18,"Rogers, Trevor",,called_strike,R,L,HOU,BAL,0,0,,,,94.2,4-Seam Fastball
FF,2026-07-18,"Rogers, Trevor",single,hit_into_play,L,L,HOU,BAL,1,0,163,106.9,7,94.3,4-Seam Fastball
SI,2026-07-18,"Gore, MacKenzie",,foul,L,L,ATL,TEX,0,1,,,,96.4,Sinker
SL,2026-07-18,"Gore, MacKenzie",,foul,L,L,ATL,TEX,0,0,183,67.3,37,84.6,Slider
FF,2026-07-18,"Rogers, Trevor",,ball,L,L,HOU,BAL,0,0,,,,93.7,4-Seam Fastball
FF,2026-07-18,"Rogers, Trevor",single,hit_into_play,R,L,HOU,BAL,1,1,126,95.2,8,93.1,4-Seam Fastball
SL,2026-07-18,"Gore, MacKenzie",strikeout,swinging_strike,L,L,ATL,TEX,1,2,,,,86.1,Slider
CH,2026-07-18,"Rogers, Trevor",,ball,R,L,HOU,BAL,0,1,,,,86.3,Changeup
SL,2026-07-18,"Gore, MacKenzie",,foul,L,L,ATL,TEX,1,2,2,66.4,-40,85.8,Slider
SL,2026-07-18,"Gore, MacKenzie",,ball,L,L,ATL,TEX,0,2,,,,85,Slider
FF,2026-07-18,"Rogers, Trevor",,called_strike,R,L,HOU,BAL,0,0,,,,93.7,4-Seam Fastball
FF,2026-07-18,"Rogers, Trevor",strikeout,called_strike,R,L,HOU,BAL,2,2,,,,94.7,4-Seam Fastball
FF,2026-07-18,"Gore, MacKenzie",,called_strike,L,L,ATL,TEX,0,1,,,,95.2,4-Seam Fastball
ST,2026-07-18,"Rogers, Trevor",,called_strike,R,L,HOU,BAL,2,1,,,,79.3,Sweeper
SL,2026-07-18,"Gore, MacKenzie",,called_strike,L,L,ATL,TEX,0,0,,,,83.6,Slider
FF,2026-07-18,"Gore, MacKenzie",field_out,hit_into_play,R,L,ATL,TEX,1,1,26,55.6,-2,95.9,4-Seam Fastball
FF,2026-07-18,"Rogers, Trevor",,ball,R,L,HOU,BAL,1,1,,,,93,4-Seam Fastball
FF,2026-07-18,"Gore, MacKenzie",,ball,R,L,ATL,TEX,0,1,,,,95.6,4-Seam Fastball
FC,2026-07-18,"Rogers, Trevor",,ball,R,L,HOU,BAL,0,1,,,,82.5,Cutter
FF,2026-07-18,"Gore, MacKenzie",,swinging_strike,R,L,ATL,TEX,0,0,,,,95.3,4-Seam Fastball
FF,2026-07-18,"Rogers, Trevor",,called_strike,R,L,HOU,BAL,0,0,,,,93.3,4-Seam Fastball
CH,2026-07-18,"Rogers, Trevor",field_out,hit_into_play,R,L,HOU,BAL,0,0,328,96.3,41,87.9,Changeup
FC,2026-07-18,"Gore, MacKenzie",hit_by_pitch,hit_by_pitch,R,L,ATL,TEX,1,0,,,,89.9,Cutter
CU,2026-07-18,"Gore, MacKenzie",,ball,R,L,ATL,TEX,0,0,,,,81.9,Curveball
FF,2026-07-18,"Rogers, Trevor",field_error,hit_into_play,L,L,HOU,BAL,1,2,93,98.5,3,94.2,4-Seam Fastball
CH,2026-07-18,"Gore, MacKenzie",strikeout,swinging_strike,R,L,ATL,TEX,1,2,,,,87,Changeup
ST,2026-07-18,"Rogers, Trevor",,ball,L,L,HOU,BAL,0,2,,,,78.2,Sweeper
FF,2026-07-18,"Rogers, Trevor",,foul,L,L,HOU,BAL,0,2,94,78.7,79,94.3,4-Seam Fastball
FF,2026-07-18,"Gore, MacKenzie",,foul,R,L,ATL,TEX,1,1,210,73.5,42,95.7,4-Seam Fastball
FF,2026-07-18,"Rogers, Trevor",,swinging_strike,L,L,HOU,BAL,0,1,,,,94.6,4-Seam Fastball
FF,2026-07-18,"Gore, MacKenzie",,ball,R,L,ATL,TEX,0,1,,,,95.5,4-Seam Fastball
FF,2026-07-18,"Rogers, Trevor",,swinging_strike,R,L,HOU,BAL,0,0,,,,95.2,4-Seam Fastball
CU,2026-07-18,"Gore, MacKenzie",,called_strike,R,L,ATL,TEX,0,0,,,,82.2,Curveball
FF,2026-07-18,"Gore, MacKenzie",strikeout,swinging_strike,R,L,ATL,TEX,2,2,,,,95.5,4-Seam Fastball
FF,2026-07-18,"Rogers, Trevor",field_out,hit_into_play,R,L,HOU,BAL,1,0,28,88,-2,96.1,4-Seam Fastball
CH,2026-07-18,"Gore, MacKenzie",,ball,R,L,ATL,TEX,1,2,,,,86.9,Changeup
CH,2026-07-18,"Rogers, Trevor",,ball,R,L,HOU,BAL,0,0,,,,88.8,Changeup
CH,2026-07-18,"Rogers, Trevor",field_out,hit_into_play,R,L,HOU,BAL,3,2,317,98.6,20,89.5,Changeup
CH,2026-07-18,"Gore, MacKenzie",,ball,R,L,ATL,TEX,0,2,,,,85.8,Changeup
FF,2026-07-18,"Gore, MacKenzie",,foul,R,L,ATL,TEX,0,1,148,75.6,13,94.7,4-Seam Fastball
FF,2026-07-18,"Rogers, Trevor",,foul,R,L,HOU,BAL,3,2,148,79.9,76,94.6,4-Seam Fastball
ST,2026-07-18,"Rogers, Trevor",,foul,R,L,HOU,BAL,3,2,88,77.5,75,77.7,Sweeper
CU,2026-07-18,"Gore, MacKenzie",,called_strike,R,L,ATL,TEX,0,0,,,,81.7,Curveball
FF,2026-07-18,"Rogers, Trevor",,foul,R,L,HOU,BAL,3,2,78,76.4,34,95.6,4-Seam Fastball
SL,2026-07-18,"Gore, MacKenzie",home_run,hit_into_play,L,L,ATL,TEX,1,0,405,104.5,37,84.5,Slider
CH,2026-07-18,"Rogers, Trevor",,foul,R,L,HOU,BAL,3,2,6,63.3,-24,85.9,Changeup
FF,2026-07-18,"Gore, MacKenzie",,ball,L,L,ATL,TEX,0,0,,,,96,4-Seam Fastball
SL,2026-07-18,"Gore, MacKenzie",strikeout,swinging_strike,L,L,ATL,TEX,2,2,,,,86.3,Slider
ST,2026-07-18,"Rogers, Trevor",,foul,R,L,HOU,BAL,3,2,4,61.3,-23,78.2,Sweeper
SI,2026-07-18,"Rogers, Trevor",,ball,R,L,HOU,BAL,2,2,,,,93.5,Sinker
SL,2026-07-18,"Gore, MacKenzie",,foul,L,L,ATL,TEX,2,2,154,71.3,17,85.3,Slider
CH,2026-07-18,"Rogers, Trevor",,ball,R,L,HOU,BAL,1,2,,,,86.2,Changeup
FF,2026-07-18,"Gore, MacKenzie",,foul,L,L,ATL,TEX,2,1,194,76.3,59,96.7,4-Seam Fastball
SL,2026-07-18,"Gore, MacKenzie",,swinging_strike,L,L,ATL,TEX,2,0,,,,85.7,Slider
FC,2026-07-18,"Rogers, Trevor",,foul,R,L,HOU,BAL,1,1,3,91.8,-25,83.4,Cutter
SL,2026-07-18,"Gore, MacKenzie",,ball,L,L,ATL,TEX,1,0,,,,83.6,Slider
FF,2026-07-18,"Rogers, Trevor",,called_strike,R,L,HOU,BAL,1,0,,,,92.9,4-Seam Fastball
SL,2026-07-18,"Gore, MacKenzie",,ball,L,L,ATL,TEX,0,0,,,,86.1,Slider
FF,2026-07-18,"Rogers, Trevor",,ball,R,L,HOU,BAL,0,0,,,,92.1,4-Seam Fastball
SI,2026-07-18,"Rogers, Trevor",strikeout,called_strike,L,L,HOU,BAL,1,2,,,,94.2,Sinker
FF,2026-07-18,"Gore, MacKenzie",sac_fly,hit_into_play,R,L,ATL,TEX,1,1,316,84.9,27,97.1,4-Seam Fastball
FC,2026-07-18,"Gore, MacKenzie",,swinging_strike,R,L,ATL,TEX,1,0,,,,91,Cutter
FF,2026-07-18,"Rogers, Trevor",,ball,L,L,HOU,BAL,0,2,,,,95.3,4-Seam Fastball
FF,2026-07-18,"Gore, MacKenzie",,ball,R,L,ATL,TEX,0,0,,,,96.9,4-Seam Fastball
ST,2026-07-18,"Rogers, Trevor",,called_strike,L,L,HOU,BAL,0,1,,,,78.6,Sweeper
SL,2026-07-18,"Gore, MacKenzie",single,hit_into_play,L,L,ATL,TEX,1,0,121,103.3,6,86.4,Slider
FF,2026-07-18,"Rogers, Trevor",,foul,L,L,HOU,BAL,0,0,,,,94.4,4-Seam Fastball
FF,2026-07-18,"Rogers, Trevor",strikeout,swinging_strike,R,L,HOU,BAL,0,2,,,,95.4,4-Seam Fastball
FF,2026-07-18,"Gore, MacKenzie",,ball,L,L,ATL,TEX,0,0,,,,97.2,4-Seam Fastball
CH,2026-07-18,"Rogers, Trevor",,foul,R,L,HOU,BAL,0,1,2,71.8,-47,86.4,Changeup
SL,2026-07-18,"Gore, MacKenzie",force_out,hit_into_play,L,L,ATL,TEX,1,2,58,63.2,4,85.8,Slider
CH,2026-07-18,"Rogers, Trevor",,called_strike,R,L,HOU,BAL,0,0,,,,87.2,Changeup
SL,2026-07-18,"Gore, MacKenzie",,foul,L,L,ATL,TEX,1,1,2,65,-59,84.5,Slider
SI,2026-07-18,"Gore, MacKenzie",,ball,L,L,ATL,TEX,0,1,,,,96.4,Sinker
FF,2026-07-18,"Rogers, Trevor",strikeout,swinging_strike,L,L,HOU,BAL,3,2,,,,94.1,4-Seam Fastball
SI,2026-07-18,"Gore, MacKenzie",,called_strike,L,L,ATL,TEX,0,0,,,,96.6,Sinker
ST,2026-07-18,"Rogers, Trevor",,ball,L,L,HOU,BAL,2,2,,,,77.3,Sweeper
CU,2026-07-18,"Gore, MacKenzie",walk,blocked_ball,R,L,ATL,TEX,3,2,,,,82.2,Curveball
FF,2026-07-18,"Rogers, Trevor",,swinging_strike,L,L,HOU,BAL,2,1,,,,94.1,4-Seam Fastball
FC,2026-07-18,"Gore, MacKenzie",,swinging_strike_blocked,R,L,ATL,TEX,3,1,,,,88.6,Cutter
FF,2026-07-18,"Rogers, Trevor",,ball,L,L,HOU,BAL,1,1,,,,93.2,4-Seam Fastball
FF,2026-07-18,"Gore, MacKenzie",,ball,R,L,ATL,TEX,2,1,,,,95.7,4-Seam Fastball
FF,2026-07-18,"Rogers, Trevor",,called_strike,L,L,HOU,BAL,1,0,,,,93.5,4-Seam Fastball
CH,2026-07-18,"Gore, MacKenzie",,ball,R,L,ATL,TEX,1,1,,,,87.1,Changeup
FC,2026-07-18,"Rogers, Trevor",,ball,L,L,HOU,BAL,0,0,,,,82.4,Cutter
FF,2026-07-18,"Rogers, Trevor",field_out,hit_into_play,R,L,HOU,BAL,0,2,124,97.3,75,94.2,4-Seam Fastball
CU,2026-07-18,"Gore, MacKenzie",,called_strike,R,L,ATL,TEX,1,0,,,,81.7,Curveball
FF,2026-07-18,"Rogers, Trevor",,swinging_strike,R,L,HOU,BAL,0,1,,,,94.6,4-Seam Fastball
CU,2026-07-18,"Gore, MacKenzie",,ball,R,L,ATL,TEX,0,0,,,,81.3,Curveball
FF,2026-07-18,"Gore, MacKenzie",single,hit_into_play,R,L,ATL,TEX,1,0,304,107.9,12,96.4,4-Seam Fastball
FF,2026-07-18,"Rogers, Trevor",,called_strike,R,L,HOU,BAL,0,0,,,,94.6,4-Seam Fastball
ST,2026-07-18,"Rogers, Trevor",strikeout,swinging_strike_blocked,R,L,HOU,BAL,2,2,,,,79.7,Sweeper
FF,2026-07-18,"Gore, MacKenzie",,ball,R,L,ATL,TEX,0,0,,,,96,4-Seam Fastball
FF,2026-07-18,"Rogers, Trevor",,foul,R,L,HOU,BAL,2,1,151,80.3,11,94.1,4-Seam Fastball
FC,2026-07-18,"Gore, MacKenzie",home_run,hit_into_play,R,L,ATL,TEX,1,1,406,104.1,39,89.1,Cutter
FF,2026-07-18,"Rogers, Trevor",,swinging_strike,R,L,HOU,BAL,2,0,,,,95.4,4-Seam Fastball
FF,2026-07-18,"Gore, MacKenzie",,swinging_strike,R,L,ATL,TEX,1,0,,,,95.7,4-Seam Fastball
FF,2026-07-18,"Rogers, Trevor",,ball,R,L,HOU,BAL,1,0,,,,94.5,4-Seam Fastball
CU,2026-07-18,"Gore, MacKenzie",,ball,R,L,ATL,TEX,0,0,,,,79.5,Curveball
ST,2026-07-18,"Rogers, Trevor",,ball,R,L,HOU,BAL,0,0,,,,75.6,Sweeper
FF,2026-07-18,"Gore, MacKenzie",single,hit_into_play,R,L,ATL,TEX,1,1,240,81.6,19,96.1,4-Seam Fastball
FF,2026-07-18,"Gore, MacKenzie",,ball,R,L,ATL,TEX,0,1,,,,95.9,4-Seam Fastball
CH,2026-07-18,"Rogers, Trevor",field_out,hit_into_play,R,L,HOU,BAL,0,0,4,93.1,-26,85.7,Changeup
FF,2026-07-18,"Gore, MacKenzie",,foul,R,L,ATL,TEX,0,0,219,75.2,26,95.3,4-Seam Fastball
CH,2026-07-18,"Rogers, Trevor",strikeout,swinging_strike,R,L,HOU,BAL,1,2,,,,89.9,Changeup
SI,2026-07-18,"Gore, MacKenzie",field_out,hit_into_play,L,L,ATL,TEX,2,2,139,70.4,14,97.2,Sinker
FF,2026-07-18,"Rogers, Trevor",,ball,R,L,HOU,BAL,0,2,,,,95.8,4-Seam Fastball
FF,2026-07-18,"Rogers, Trevor",,foul,R,L,HOU,BAL,0,2,279,86.3,40,96,4-Seam Fastball
SL,2026-07-18,"Gore, MacKenzie",,foul,L,L,ATL,TEX,2,2,7,94.2,-20,86.3,Slider
FF,2026-07-18,"Gore, MacKenzie",,ball,L,L,ATL,TEX,1,2,,,,96.8,4-Seam Fastball
FF,2026-07-18,"Rogers, Trevor",,called_strike,R,L,HOU,BAL,0,1,,,,96,4-Seam Fastball
FF,2026-07-18,"Rogers, Trevor",,called_strike,R,L,HOU,BAL,0,0,,,,95.2,4-Seam Fastball
SL,2026-07-18,"Gore, MacKenzie",,foul,L,L,ATL,TEX,1,1,101,58.4,69,85.9,Slider
ST,2026-07-18,"Rogers, Trevor",single,hit_into_play,R,L,HOU,BAL,0,2,290,94.5,18,78.5,Sweeper
FF,2026-07-18,"Gore, MacKenzie",,swinging_strike,L,L,ATL,TEX,1,0,,,,96.7,4-Seam Fastball
ST,2026-07-18,"Rogers, Trevor",,called_strike,R,L,HOU,BAL,0,1,,,,77.2,Sweeper
FF,2026-07-18,"Gore, MacKenzie",,ball,L,L,ATL,TEX,0,0,,,,96.1,4-Seam Fastball
FF,2026-07-18,"Gore, MacKenzie",strikeout,called_strike,L,L,ATL,TEX,0,2,,,,96.7,4-Seam Fastball
ST,2026-07-18,"Rogers, Trevor",,called_strike,R,L,HOU,BAL,0,0,,,,77.1,Sweeper
FF,2026-07-18,"Gore, MacKenzie",,foul,L,L,ATL,TEX,0,1,,,,96.2,4-Seam Fastball
CH,2026-07-18,"Rogers, Trevor",single,hit_into_play,R,L,HOU,BAL,0,1,96,106.8,5,90,Changeup
CH,2026-07-18,"Rogers, Trevor",,called_strike,R,L,HOU,BAL,0,0,,,,88.3,Changeup
SL,2026-07-18,"Gore, MacKenzie",,called_strike,L,L,ATL,TEX,0,0,,,,84.5,Slider
FC,2026-07-18,"Rogers, Trevor",grounded_into_double_play,hit_into_play,L,L,HOU,BAL,1,1,6,66.8,-22,86,Cutter
FC,2026-07-18,"Gore, MacKenzie",field_out,hit_into_play,R,L,ATL,TEX,0,2,163,55.1,41,89.6,Cutter
FF,2026-07-18,"Rogers, Trevor",,called_strike,L,L,HOU,BAL,1,0,,,,95,4-Seam Fastball
FF,2026-07-18,"Gore, MacKenzie",,foul,R,L,ATL,TEX,0,2,216,72.5,49,95,4-Seam Fastball
FC,2026-07-18,"Gore, MacKenzie",,swinging_strike,R,L,ATL,TEX,0,1,,,,90,Cutter
FF,2026-07-18,"Rogers, Trevor",,ball,L,L,HOU,BAL,0,0,,,,94.4,4-Seam Fastball
FF,2026-07-18,"Gore, MacKenzie",,called_strike,R,L,ATL,TEX,0,0,,,,96.3,4-Seam Fastball
FF,2026-07-18,"Rogers, Trevor",single,hit_into_play,R,L,HOU,BAL,0,1,237,88.6,17,93.6,4-Seam Fastball
FF,2026-07-18,"Gore, MacKenzie",single,hit_into_play,L,L,ATL,TEX,0,0,261,94.4,15,95.3,4-Seam Fastball
FF,2026-07-18,"Rogers, Trevor",,called_strike,R,L,HOU,BAL,0,0,,,,93.7,4-Seam Fastball
CU,2026-07-17,"Detmers, Reid",field_out,hit_into_play,R,L,LAA,DET,2,2,1,53.1,-64,71.5,Curveball
FF,2026-07-17,"Detmers, Reid",,foul,R,L,LAA,DET,2,2,20,91.2,-5,95.4,4-Seam Fastball
CU,2026-07-17,"Detmers, Reid",,foul,R,L,LAA,DET,2,2,279,83.5,29,71.3,Curveball
CU,2026-07-17,"Kremer, Dean",field_out,hit_into_play,L,R,HOU,BAL,1,1,98,75.9,9,76.5,Curveball
SL,2026-07-17,"Detmers, Reid",,ball,R,L,LAA,DET,1,2,,,,83.7,Slider
CU,2026-07-17,"Kremer, Dean",,called_strike,L,R,HOU,BAL,1,0,,,,76.1,Curveball
FF,2026-07-17,"Hughes, Gabriel",walk,ball,L,R,COL,CIN,3,2,,,,94.4,4-Seam Fastball
FF,2026-07-17,"Detmers, Reid",,foul,R,L,LAA,DET,1,1,212,78,58,94.8,4-Seam Fastball
SL,2026-07-17,"Detmers, Reid",,ball,R,L,LAA,DET,0,1,,,,85.3,Slider
SL,2026-07-17,"Hughes, Gabriel",,ball,L,R,COL,CIN,2,2,,,,89.1,Slider
FF,2026-07-17,"Kremer, Dean",,ball,L,R,HOU,BAL,0,0,,,,91.4,4-Seam Fastball
FS,2026-07-17,"Kremer, Dean",strikeout,swinging_strike,R,R,HOU,BAL,0,2,,,,82.7,Split-Finger
FF,2026-07-17,"Hughes, Gabriel",,foul,L,R,COL,CIN,2,2,187,77.4,19,94.4,4-Seam Fastball
FF,2026-07-17,"Detmers, Reid",,foul,R,L,LAA,DET,0,0,268,80.8,36,94.2,4-Seam Fastball
FF,2026-07-17,"Detmers, Reid",field_out,hit_into_play,R,L,LAA,DET,1,0,320,88.9,26,93.9,4-Seam Fastball
FS,2026-07-17,"Kremer, Dean",,swinging_strike,R,R,HOU,BAL,0,1,,,,82.3,Split-Finger
CH,2026-07-17,"Hughes, Gabriel",,ball,L,R,COL,CIN,1,2,,,,87,Changeup
FF,2026-07-17,"Detmers, Reid",,ball,R,L,LAA,DET,0,0,,,,93.6,4-Seam Fastball
FF,2026-07-17,"Hughes, Gabriel",,ball,L,R,COL,CIN,0,2,,,,93.6,4-Seam Fastball
CU,2026-07-17,"Kremer, Dean",,called_strike,R,R,HOU,BAL,0,0,,,,75.6,Curveball
CU,2026-07-17,"Hughes, Gabriel",,called_strike,L,R,COL,CIN,0,1,,,,77.1,Curveball
SL,2026-07-17,"Detmers, Reid",field_out,hit_into_play,L,L,LAA,DET,0,0,10,69.4,-11,85.9,Slider
CU,2026-07-17,"Kremer, Dean",field_out,hit_into_play,L,R,HOU,BAL,3,2,11,54.2,-9,76.1,Curveball
FF,2026-07-17,"Hughes, Gabriel",,foul,L,R,COL,CIN,0,0,174,68.4,60,92.5,4-Seam Fastball
SL,2026-07-17,"Detmers, Reid",field_out,hit_into_play,R,L,LAA,DET,1,2,227,88.7,55,84.9,Slider
SI,2026-07-17,"Kremer, Dean",,called_strike,L,R,HOU,BAL,3,1,,,,91.9,Sinker
FS,2026-07-17,"Kremer, Dean",,ball,L,R,HOU,BAL,2,1,,,,81.9,Split-Finger
FF,2026-07-17,"Detmers, Reid",,ball,R,L,LAA,DET,0,2,,,,93.8,4-Seam Fastball
ST,2026-07-17,"Hughes, Gabriel",strikeout,swinging_strike,R,R,COL,CIN,0,2,,,,86,Sweeper
FF,2026-07-17,"Hughes, Gabriel",,foul,R,R,COL,CIN,0,2,192,82.7,16,94.3,4-Seam Fastball
CU,2026-07-17,"Kremer, Dean",,called_strike,L,R,HOU,BAL,2,0,,,,75,Curveball
CU,2026-07-17,"Detmers, Reid",,called_strike,R,L,LAA,DET,0,1,,,,71.2,Curveball
SL,2026-07-17,"Detmers, Reid",,foul,R,L,LAA,DET,0,0,3,85.8,-28,87.2,Slider
SL,2026-07-17,"Hughes, Gabriel",,foul,R,R,COL,CIN,0,1,214,71.8,42,87.7,Slider
CH,2026-07-17,"Henderson, Logan",field_out,hit_into_play,L,R,MIL,MIA,0,0,14,53.6,-9,82.3,Changeup
FS,2026-07-17,"Kremer, Dean",,ball,L,R,HOU,BAL,1,0,,,,82.7,Split-Finger
FC,2026-07-17,"Henderson, Logan",field_out,hit_into_play,L,R,MIL,MIA,1,0,153,85.7,71,87.2,Cutter
SL,2026-07-17,"Detmers, Reid",strikeout,swinging_strike_blocked,L,L,LAA,DET,0,2,,,,85.3,Slider
FF,2026-07-17,"Kremer, Dean",,ball,L,R,HOU,BAL,0,0,,,,90.4,4-Seam Fastball
FF,2026-07-17,"Hughes, Gabriel",,called_strike,R,R,COL,CIN,0,0,,,,92.8,4-Seam Fastball
FS,2026-07-17,"Kremer, Dean",field_out,hit_into_play,R,R,HOU,BAL,1,2,388,102.6,39,82.9,Split-Finger
SL,2026-07-17,"Detmers, Reid",,foul_tip,L,L,LAA,DET,0,1,,,,86.4,Slider
FC,2026-07-17,"Henderson, Logan",,ball,L,R,MIL,MIA,0,0,,,,86.6,Cutter
FF,2026-07-17,"Hughes, Gabriel",single,hit_into_play,L,R,COL,CIN,0,0,99,103.5,5,95.6,4-Seam Fastball
CH,2026-07-17,"Henderson, Logan",home_run,hit_into_play,L,R,MIL,MIA,3,2,398,102,24,80.1,Changeup
FC,2026-07-17,"Kremer, Dean",,foul,R,R,HOU,BAL,1,1,1,51.5,-59,87,Cutter
SL,2026-07-17,"Detmers, Reid",,called_strike,L,L,LAA,DET,0,0,,,,85.3,Slider
FF,2026-07-17,"Hughes, Gabriel",field_out,hit_into_play,R,R,COL,CIN,0,0,10,93.6,-14,94.6,4-Seam Fastball
SL,2026-07-17,"Detmers, Reid",double,hit_into_play,R,L,LAA,DET,0,0,284,89.3,28,87,Slider
SI,2026-07-17,"Kremer, Dean",,called_strike,R,R,HOU,BAL,1,0,,,,92.1,Sinker
FF,2026-07-17,"Hughes, Gabriel",field_out,hit_into_play,L,R,COL,CIN,2,2,287,85.9,22,94,4-Seam Fastball
FF,2026-07-17,"Henderson, Logan",,foul,L,R,MIL,MIA,3,2,222,75,26,91.8,4-Seam Fastball
FF,2026-07-17,"Hughes, Gabriel",,swinging_strike,L,R,COL,CIN,2,1,,,,93.1,4-Seam Fastball
FF,2026-07-17,"Detmers, Reid",field_out,hit_into_play,R,L,LAA,DET,3,2,348,100.5,21,94.2,4-Seam Fastball
FC,2026-07-17,"Kremer, Dean",,ball,R,R,HOU,BAL,0,0,,,,86.9,Cutter
FC,2026-07-17,"Henderson, Logan",,foul,L,R,MIL,MIA,3,1,208,71.2,46,86.2,Cutter
FF,2026-07-17,"Detmers, Reid",,ball,R,L,LAA,DET,2,2,,,,94.6,4-Seam Fastball
FF,2026-07-17,"Hughes, Gabriel",,called_strike,L,R,COL,CIN,2,0,,,,94.4,4-Seam Fastball
FC,2026-07-17,"Henderson, Logan",,called_strike,L,R,MIL,MIA,3,0,,,,86.6,Cutter
FC,2026-07-17,"Kremer, Dean",strikeout,swinging_strike,R,R,HOU,BAL,1,2,,,,88.1,Cutter
ST,2026-07-17,"Hughes, Gabriel",,ball,L,R,COL,CIN,1,0,,,,86.4,Sweeper
SL,2026-07-17,"Detmers, Reid",,ball,R,L,LAA,DET,1,2,,,,86.1,Slider
CH,2026-07-17,"Henderson, Logan",,ball,L,R,MIL,MIA,2,0,,,,80.6,Changeup
SI,2026-07-17,"Kremer, Dean",,foul,R,R,HOU,BAL,1,1,195,68.9,49,91.9,Sinker
FF,2026-07-17,"Detmers, Reid",,foul,R,L,LAA,DET,1,1,220,88.2,60,94,4-Seam Fastball
CH,2026-07-17,"Henderson, Logan",,ball,L,R,MIL,MIA,1,0,,,,81.1,Changeup
FF,2026-07-17,"Kremer, Dean",,swinging_strike,R,R,HOU,BAL,1,0,,,,90.4,4-Seam Fastball
FF,2026-07-17,"Hughes, Gabriel",,ball,L,R,COL,CIN,0,0,,,,92.9,4-Seam Fastball
FC,2026-07-17,"Kremer, Dean",,ball,R,R,HOU,BAL,0,0,,,,86.8,Cutter
FC,2026-07-17,"Henderson, Logan",,ball,L,R,MIL,MIA,0,0,,,,84.9,Cutter
FF,2026-07-17,"Hughes, Gabriel",field_out,hit_into_play,L,R,COL,CIN,2,2,38,69,80,94.5,4-Seam Fastball
CU,2026-07-17,"Detmers, Reid",,called_strike,R,L,LAA,DET,1,0,,,,70.6,Curveball
FF,2026-07-17,"Kremer, Dean",sac_fly,hit_into_play,R,R,HOU,BAL,0,2,298,87.3,27,90.8,4-Seam Fastball
FF,2026-07-17,"Hughes, Gabriel",,ball,L,R,COL,CIN,1,2,,,,94.6,4-Seam Fastball
SL,2026-07-17,"Detmers, Reid",,ball,R,L,LAA,DET,0,0,,,,85.3,Slider
CH,2026-07-17,"Henderson, Logan",strikeout,swinging_strike,R,R,MIL,MIA,1,2,,,,80.3,Changeup
FS,2026-07-17,"Kremer, Dean",,foul,R,R,HOU,BAL,0,2,250,78.9,33,82.5,Split-Finger
CH,2026-07-17,"Hughes, Gabriel",,foul,L,R,COL,CIN,1,1,203,70.5,51,89.2,Changeup
FF,2026-07-17,"Henderson, Logan",,foul,R,R,MIL,MIA,1,1,3,60.3,-38,92.3,4-Seam Fastball
SL,2026-07-17,"Detmers, Reid",strikeout,swinging_strike,R,L,LAA,DET,0,2,,,,87.1,Slider
FC,2026-07-17,"Henderson, Logan",,called_strike,R,R,MIL,MIA,1,0,,,,87.7,Cutter
FS,2026-07-17,"Kremer, Dean",,foul,R,R,HOU,BAL,0,1,5,27.5,-24,81.9,Split-Finger
SL,2026-07-17,"Detmers, Reid",,foul,R,L,LAA,DET,0,2,4,78.7,-22,86.3,Slider
FF,2026-07-17,"Hughes, Gabriel",,called_strike,L,R,COL,CIN,1,0,,,,93.9,4-Seam Fastball
FF,2026-07-17,"Kremer, Dean",,foul,R,R,HOU,BAL,0,0,323,96.9,49,90.5,4-Seam Fastball
FF,2026-07-17,"Detmers, Reid",,foul,R,L,LAA,DET,0,1,6,74.1,-25,94.3,4-Seam Fastball
FF,2026-07-17,"Henderson, Logan",,ball,R,R,MIL,MIA,0,0,,,,92.4,4-Seam Fastball
FF,2026-07-17,"Hughes, Gabriel",,ball,L,R,COL,CIN,0,0,,,,94.4,4-Seam Fastball
ST,2026-07-17,"Hughes, Gabriel",strikeout,foul_tip,R,R,COL,CIN,1,2,,,,87.4,Sweeper
CU,2026-07-17,"Kremer, Dean",single,hit_into_play,L,R,HOU,BAL,2,2,152,78.3,14,75.1,Curveball
FC,2026-07-17,"Henderson, Logan",field_out,hit_into_play,L,R,MIL,MIA,0,1,99,76.8,7,89.8,Cutter
CU,2026-07-17,"Detmers, Reid",,called_strike,R,L,LAA,DET,0,0,,,,69.6,Curveball
FF,2026-07-17,"Kremer, Dean",,ball,L,R,HOU,BAL,1,2,,,,90.7,4-Seam Fastball
ST,2026-07-17,"Hughes, Gabriel",,ball,R,R,COL,CIN,0,2,,,,88.1,Sweeper
SL,2026-07-17,"Detmers, Reid",double,hit_into_play,L,L,LAA,DET,0,0,226,92.6,17,88.1,Slider
FC,2026-07-17,"Henderson, Logan",,called_strike,L,R,MIL,MIA,0,0,,,,90.4,Cutter
FS,2026-07-17,"Kremer, Dean",,foul,L,R,HOU,BAL,1,1,175,69.7,59,82.4,Split-Finger
FF,2026-07-17,"Hughes, Gabriel",,foul,R,R,COL,CIN,0,2,234,77.6,36,95.3,4-Seam Fastball
SL,2026-07-17,"Detmers, Reid",strikeout,swinging_strike,R,L,LAA,DET,3,2,,,,89.3,Slider
FF,2026-07-17,"Henderson, Logan",field_out,hit_into_play,L,R,MIL,MIA,3,2,10,101.8,-14,92.9,4-Seam Fastball
UN,2026-07-17,"Kremer, Dean",,ball,L,R,HOU,BAL,0,1,,,,72,Unknown
FF,2026-07-17,"Detmers, Reid",,ball,R,L,LAA,DET,2,2,,,,95.6,4-Seam Fastball
FF,2026-07-17,"Hughes, Gabriel",,foul,R,R,COL,CIN,0,1,234,73.9,45,94.8,4-Seam Fastball
CH,2026-07-17,"Henderson, Logan",,ball,L,R,MIL,MIA,2,2,,,,81.7,Changeup
FF,2026-07-17,"Detmers, Reid",,foul_tip,R,L,LAA,DET,2,1,,,,96.1,4-Seam Fastball
FC,2026-07-17,"Henderson, Logan",,ball,L,R,MIL,MIA,1,2,,,,87.5,Cutter
ST,2026-07-17,"Hughes, Gabriel",,foul,R,R,COL,CIN,0,0,185,77,63,88.1,Sweeper
CU,2026-07-17,"Kremer, Dean",,called_strike,L,R,HOU,BAL,0,0,,,,75.2,Curveball
FF,2026-07-17,"Hughes, Gabriel",double,hit_into_play,R,R,COL,CIN,0,1,352,98,26,94.5,4-Seam Fastball
SL,2026-07-17,"Detmers, Reid",,ball,R,L,LAA,DET,1,1,,,,86.8,Slider
FF,2026-07-17,"Kremer, Dean",single,hit_into_play,R,R,HOU,BAL,0,0,238,75.6,24,90.2,4-Seam Fastball
FF,2026-07-17,"Henderson, Logan",,foul,L,R,MIL,MIA,1,2,403,86.4,13,94.4,4-Seam Fastball
FF,2026-07-17,"Kremer, Dean",strikeout,swinging_strike,R,R,HOU,BAL,3,2,,,,91.4,4-Seam Fastball
FF,2026-07-17,"Henderson, Logan",,foul,L,R,MIL,MIA,1,2,245,76.8,43,93.8,4-Seam Fastball
CH,2026-07-17,"Detmers, Reid",,ball,R,L,LAA,DET,0,1,,,,83.4,Changeup
SL,2026-07-17,"Hughes, Gabriel",,foul,R,R,COL,CIN,0,0,74,89.8,85,88.2,Slider
SI,2026-07-17,"Kremer, Dean",,foul,R,R,HOU,BAL,3,2,196,70.5,50,91.4,Sinker
FF,2026-07-17,"Henderson, Logan",,foul,L,R,MIL,MIA,1,2,,,,93.7,4-Seam Fastball
SL,2026-07-17,"Hughes, Gabriel",field_out,hit_into_play,R,R,COL,CIN,1,1,286,91.6,50,88.6,Slider
SL,2026-07-17,"Detmers, Reid",,called_strike,R,L,LAA,DET,0,0,,,,86.3,Slider
SL,2026-07-17,"Hughes, Gabriel",,foul,R,R,COL,CIN,1,0,5,93.2,-18,87.4,Slider
FC,2026-07-17,"Kremer, Dean",,ball,R,R,HOU,BAL,2,2,,,,86.3,Cutter
CH,2026-07-17,"Henderson, Logan",,foul,L,R,MIL,MIA,1,2,177,63.7,36,80.9,Changeup
CU,2026-07-17,"Detmers, Reid",strikeout,called_strike,R,L,LAA,DET,2,2,,,,73.2,Curveball
FF,2026-07-17,"Hughes, Gabriel",,ball,R,R,COL,CIN,0,0,,,,94,4-Seam Fastball
FS,2026-07-17,"Kremer, Dean",,blocked_ball,R,R,HOU,BAL,1,2,,,,83.2,Split-Finger
FF,2026-07-17,"Detmers, Reid",,foul,R,L,LAA,DET,2,2,4,99.2,-32,94.8,4-Seam Fastball
FF,2026-07-17,"Henderson, Logan",,ball,L,R,MIL,MIA,0,2,,,,94.5,4-Seam Fastball
FF,2026-07-17,"Detmers, Reid",,ball,R,L,LAA,DET,1,2,,,,94.9,4-Seam Fastball
FS,2026-07-17,"Kremer, Dean",,blocked_ball,R,R,HOU,BAL,0,2,,,,83.7,Split-Finger
CH,2026-07-17,"Henderson, Logan",,called_strike,L,R,MIL,MIA,0,1,,,,83.2,Changeup
ST,2026-07-17,"Hughes, Gabriel",single,hit_into_play,L,R,COL,CIN,2,0,169,104.8,9,86.1,Sweeper
FC,2026-07-17,"Henderson, Logan",,foul_bunt,L,R,MIL,MIA,0,0,,,,89.7,Cutter
SI,2026-07-17,"Kremer, Dean",,foul,R,R,HOU,BAL,0,1,194,69.8,35,91.9,Sinker
FF,2026-07-17,"Hughes, Gabriel",,ball,L,R,COL,CIN,1,0,,,,94.4,4-Seam Fastball
SL,2026-07-17,"Detmers, Reid",,ball,R,L,LAA,DET,0,2,,,,86.4,Slider
SL,2026-07-17,"Detmers, Reid",,called_strike,R,L,LAA,DET,0,1,,,,85.6,Slider
FF,2026-07-17,"Henderson, Logan",double,hit_into_play,R,R,MIL,MIA,3,2,212,93.8,11,94,4-Seam Fastball
SL,2026-07-17,"Hughes, Gabriel",,ball,L,R,COL,CIN,0,0,,,,88.4,Slider
SI,2026-07-17,"Kremer, Dean",,called_strike,R,R,HOU,BAL,0,0,,,,91.3,Sinker
SL,2026-07-17,"Detmers, Reid",,called_strike,R,L,LAA,DET,0,0,,,,86,Slider
CH,2026-07-17,"Henderson, Logan",,foul,R,R,MIL,MIA,3,2,4,73.5,-28,81.6,Changeup
CU,2026-07-17,"Kremer, Dean",walk,blocked_ball,L,R,HOU,BAL,3,2,,,,76.1,Curveball
FF,2026-07-17,"Hughes, Gabriel",walk,ball,R,R,COL,CIN,3,1,,,,94,4-Seam Fastball
FF,2026-07-17,"Henderson, Logan",,ball,R,R,MIL,MIA,2,2,,,,93.5,4-Seam Fastball
FF,2026-07-17,"Kremer, Dean",,foul,L,R,HOU,BAL,3,2,185,67.4,47,92,4-Seam Fastball
SL,2026-07-17,"Hughes, Gabriel",,ball,R,R,COL,CIN,2,1,,,,89.5,Slider
FF,2026-07-17,"Detmers, Reid",field_out,hit_into_play,L,L,LAA,DET,3,1,331,89.6,27,95.3,4-Seam Fastball
CH,2026-07-17,"Henderson, Logan",,ball,R,R,MIL,MIA,1,2,,,,80.5,Changeup
FF,2026-07-17,"Detmers, Reid",,called_strike,L,L,LAA,DET,3,0,,,,94.4,4-Seam Fastball
FF,2026-07-17,"Kremer, Dean",,foul,L,R,HOU,BAL,3,2,204,76.4,56,92.7,4-Seam Fastball
SL,2026-07-17,"Hughes, Gabriel",,ball,R,R,COL,CIN,1,1,,,,89.5,Slider
CH,2026-07-17,"Henderson, Logan",,called_strike,R,R,MIL,MIA,1,1,,,,84.3,Changeup
FF,2026-07-17,"Hughes, Gabriel",,ball,R,R,COL,CIN,0,1,,,,95.9,4-Seam Fastball
FF,2026-07-17,"Detmers, Reid",,ball,L,L,LAA,DET,2,0,,,,95.1,4-Seam Fastball
FC,2026-07-17,"Kremer, Dean",,foul,L,R,HOU,BAL,3,2,,,,88.2,Cutter
FC,2026-07-17,"Henderson, Logan",,called_strike,R,R,MIL,MIA,1,0,,,,89.1,Cutter
FF,2026-07-17,"Hughes, Gabriel",,called_strike,R,R,COL,CIN,0,0,,,,95.8,4-Seam Fastball
FC,2026-07-17,"Kremer, Dean",,ball,L,R,HOU,BAL,2,2,,,,86.5,Cutter
SL,2026-07-17,"Detmers, Reid",,ball,L,L,LAA,DET,1,0,,,,83.8,Slider
CH,2026-07-17,"Henderson, Logan",,ball,R,R,MIL,MIA,0,0,,,,83.4,Changeup
FF,2026-07-17,"Detmers, Reid",,ball,L,L,LAA,DET,0,0,,,,94.2,4-Seam Fastball
FF,2026-07-17,"Hughes, Gabriel",field_out,hit_into_play,L,R,COL,CIN,2,2,11,98.6,-12,94.7,4-Seam Fastball
CU,2026-07-17,"Kremer, Dean",,called_strike,L,R,HOU,BAL,2,1,,,,75.6,Curveball
FF,2026-07-17,"Kremer, Dean",,ball,L,R,HOU,BAL,1,1,,,,91.9,4-Seam Fastball
FF,2026-07-17,"Detmers, Reid",single,hit_into_play,R,L,LAA,DET,3,2,241,99.8,10,96,4-Seam Fastball
FF,2026-07-17,"Hughes, Gabriel",,called_strike,L,R,COL,CIN,2,1,,,,95.2,4-Seam Fastball
CH,2026-07-17,"Henderson, Logan",field_out,hit_into_play,L,R,MIL,MIA,0,2,136,73.2,66,80.6,Changeup
FF,2026-07-17,"Detmers, Reid",,ball,R,L,LAA,DET,2,2,,,,94.7,4-Seam Fastball
FF,2026-07-17,"Henderson, Logan",,called_strike,L,R,MIL,MIA,0,1,,,,93.4,4-Seam Fastball
CH,2026-07-17,"Hughes, Gabriel",,ball,L,R,COL,CIN,1,1,,,,90.8,Changeup
CU,2026-07-17,"Kremer, Dean",,called_strike,L,R,HOU,BAL,1,0,,,,75,Curveball
FF,2026-07-17,"Detmers, Reid",,foul,R,L,LAA,DET,2,2,180,76,18,95.3,4-Seam Fastball
FF,2026-07-17,"Hughes, Gabriel",,called_strike,L,R,COL,CIN,1,0,,,,95.1,4-Seam Fastball
CU,2026-07-17,"Kremer, Dean",,ball,L,R,HOU,BAL,0,0,,,,75.8,Curveball
CH,2026-07-17,"Henderson, Logan",,called_strike,L,R,MIL,MIA,0,0,,,,83.1,Changeup
FF,2026-07-17,"Kremer, Dean",strikeout,swinging_strike,R,R,HOU,BAL,3,2,,,,92.7,4-Seam Fastball
SL,2026-07-17,"Detmers, Reid",,ball,R,L,LAA,DET,1,2,,,,85.9,Slider
FF,2026-07-17,"Henderson, Logan",field_out,hit_into_play,R,R,MIL,MIA,1,2,27,96.8,-3,92.5,4-Seam Fastball
CU,2026-07-17,"Hughes, Gabriel",,ball,L,R,COL,CIN,0,0,,,,80.9,Curveball
FF,2026-07-17,"Hughes, Gabriel",field_out,hit_into_play,R,R,COL,CIN,1,1,300,84.1,39,94.9,4-Seam Fastball
SL,2026-07-17,"Detmers, Reid",,called_strike,R,L,LAA,DET,1,1,,,,87.1,Slider
FF,2026-07-17,"Henderson, Logan",,foul,R,R,MIL,MIA,1,1,90,75.8,14,93,4-Seam Fastball
CU,2026-07-17,"Kremer, Dean",,ball,R,R,HOU,BAL,2,2,,,,76.7,Curveball
SL,2026-07-17,"Detmers, Reid",,called_strike,R,L,LAA,DET,1,0,,,,86.3,Slider
FS,2026-07-17,"Kremer, Dean",,foul,R,R,HOU,BAL,2,2,37,107.5,-1,82.5,Split-Finger
SL,2026-07-17,"Hughes, Gabriel",,ball,R,R,COL,CIN,0,1,,,,87,Slider
FC,2026-07-17,"Henderson, Logan",,called_strike,R,R,MIL,MIA,1,0,,,,87.2,Cutter
FS,2026-07-17,"Kremer, Dean",,ball,R,R,HOU,BAL,1,2,,,,81.1,Split-Finger
FF,2026-07-17,"Detmers, Reid",,ball,R,L,LAA,DET,0,0,,,,94.9,4-Seam Fastball
FF,2026-07-17,"Hughes, Gabriel",,called_strike,R,R,COL,CIN,0,0,,,,94.4,4-Seam Fastball
FC,2026-07-17,"Henderson, Logan",,ball,R,R,MIL,MIA,0,0,,,,88.5,Cutter
FC,2026-07-17,"Kremer, Dean",,foul,R,R,HOU,BAL,1,1,169,64.9,33,86.7,Cutter
CH,2026-07-17,"Henderson, Logan",strikeout,swinging_strike,L,R,MIL,MIA,0,2,,,,82.3,Changeup
CU,2026-07-17,"Hughes, Gabriel",strikeout,foul_tip,L,R,COL,CIN,1,2,,,,80.9,Curveball
FF,2026-07-17,"Detmers, Reid",strikeout,swinging_strike,L,L,LAA,DET,1,2,,,,95.1,4-Seam Fastball
SL,2026-07-17,"Detmers, Reid",,ball,L,L,LAA,DET,0,2,,,,85.6,Slider
SI,2026-07-17,"Kremer, Dean",,swinging_strike,R,R,HOU,BAL,1,0,,,,91.4,Sinker
FF,2026-07-17,"Hughes, Gabriel",,swinging_strike,L,R,COL,CIN,1,1,,,,94.2,4-Seam Fastball
CH,2026-07-17,"Henderson, Logan",,swinging_strike,L,R,MIL,MIA,0,1,,,,82.9,Changeup
FF,2026-07-17,"Hughes, Gabriel",,ball,L,R,COL,CIN,0,1,,,,95.3,4-Seam Fastball
SI,2026-07-17,"Kremer, Dean",,ball,R,R,HOU,BAL,0,0,,,,91.1,Sinker
CH,2026-07-17,"Henderson, Logan",,called_strike,L,R,MIL,MIA,0,0,,,,83.5,Changeup
SL,2026-07-17,"Detmers, Reid",,swinging_strike,L,L,LAA,DET,0,1,,,,84.4,Slider
FF,2026-07-17,"Henderson, Logan",field_out,hit_into_play,L,R,MIL,MIA,0,1,209,68.8,49,92.7,4-Seam Fastball
SL,2026-07-17,"Detmers, Reid",,called_strike,L,L,LAA,DET,0,0,,,,86.2,Slider
SL,2026-07-17,"Hughes, Gabriel",,swinging_strike,L,R,COL,CIN,0,0,,,,88.1,Slider
FF,2026-07-17,"Kremer, Dean",walk,ball,L,R,HOU,BAL,3,2,,,,93.1,4-Seam Fastball
CU,2026-07-17,"Kremer, Dean",,foul,L,R,HOU,BAL,3,2,3,74.5,-22,75.4,Curveball
FF,2026-07-17,"Henderson, Logan",,foul,L,R,MIL,MIA,0,0,389,106.7,42,91.6,4-Seam Fastball
SL,2026-07-17,"Hughes, Gabriel",field_out,hit_into_play,L,R,COL,CIN,2,1,14,99,-8,88.6,Slider
SL,2026-07-17,"Detmers, Reid",field_out,hit_into_play,R,L,LAA,DET,0,0,3,83.8,-33,85.4,Slider
FS,2026-07-17,"Kremer, Dean",,ball,L,R,HOU,BAL,2,2,,,,82.5,Split-Finger
SL,2026-07-17,"Detmers, Reid",strikeout,swinging_strike_blocked,R,L,LAA,DET,1,2,,,,85.8,Slider
CH,2026-07-17,"Hughes, Gabriel",,ball,L,R,COL,CIN,1,1,,,,89.7,Changeup
CH,2026-07-17,"Henderson, Logan",field_out,hit_into_play,L,R,MIL,MIA,2,2,10,69.2,-14,81.3,Changeup
FF,2026-07-17,"Detmers, Reid",,foul,R,L,LAA,DET,1,1,,,,95.7,4-Seam Fastball
FF,2026-07-17,"Hughes, Gabriel",,called_strike,L,R,COL,CIN,1,0,,,,95,4-Seam Fastball
FS,2026-07-17,"Kremer, Dean",,ball,L,R,HOU,BAL,1,2,,,,83.2,Split-Finger
CH,2026-07-17,"Henderson, Logan",,ball,L,R,MIL,MIA,1,2,,,,81.5,Changeup
FF,2026-07-17,"Kremer, Dean",,foul,L,R,HOU,BAL,1,1,178,74.4,18,91.9,4-Seam Fastball
SL,2026-07-17,"Detmers, Reid",,foul,R,L,LAA,DET,1,0,340,106.7,20,87,Slider
CH,2026-07-17,"Henderson, Logan",,foul,L,R,MIL,MIA,1,2,88,75.6,79,81.6,Changeup
FF,2026-07-17,"Hughes, Gabriel",,ball,L,R,COL,CIN,0,0,,,,94.7,4-Seam Fastball
CU,2026-07-17,"Detmers, Reid",,ball,R,L,LAA,DET,0,0,,,,71.6,Curveball
FF,2026-07-17,"Henderson, Logan",,called_strike,L,R,MIL,MIA,1,1,,,,93.9,4-Seam Fastball
FF,2026-07-17,"Kremer, Dean",,ball,L,R,HOU,BAL,0,1,,,,90.8,4-Seam Fastball
SL,2026-07-17,"Hughes, Gabriel",strikeout,called_strike,R,R,COL,CIN,1,2,,,,88.7,Slider
FF,2026-07-17,"Detmers, Reid",field_out,hit_into_play,R,L,LAA,DET,1,1,189,66.6,49,95.2,4-Seam Fastball
FC,2026-07-17,"Henderson, Logan",,ball,L,R,MIL,MIA,0,1,,,,89.1,Cutter
FF,2026-07-17,"Hughes, Gabriel",,foul,R,R,COL,CIN,1,1,329,93.1,38,95.2,4-Seam Fastball
CU,2026-07-17,"Kremer, Dean",,called_strike,L,R,HOU,BAL,0,0,,,,75.4,Curveball
FC,2026-07-17,"Kremer, Dean",grounded_into_double_play,hit_into_play,R,R,HOU,BAL,3,2,102,71.9,10,86.5,Cutter
SL,2026-07-17,"Hughes, Gabriel",,ball,R,R,COL,CIN,0,1,,,,89,Slider
FF,2026-07-17,"Henderson, Logan",,called_strike,L,R,MIL,MIA,0,0,,,,93.8,4-Seam Fastball
CU,2026-07-17,"Detmers, Reid",,ball,R,L,LAA,DET,0,1,,,,73,Curveball
FF,2026-07-17,"Hughes, Gabriel",,foul,R,R,COL,CIN,0,0,240,76.8,46,94.8,4-Seam Fastball
FF,2026-07-17,"Detmers, Reid",,swinging_strike,R,L,LAA,DET,0,0,,,,94.1,4-Seam Fastball
FF,2026-07-17,"Henderson, Logan",field_out,hit_into_play,R,R,MIL,MIA,1,2,273,102,55,95,4-Seam Fastball
FC,2026-07-17,"Kremer, Dean",,ball,R,R,HOU,BAL,2,2,,,,86.1,Cutter
SL,2026-07-17,"Hughes, Gabriel",strikeout,called_strike,R,R,COL,CIN,0,2,,,,88.7,Slider
FF,2026-07-17,"Detmers, Reid",field_out,hit_into_play,L,L,LAA,DET,2,2,64,98,2,95.3,4-Seam Fastball
SI,2026-07-17,"Kremer, Dean",,called_strike,R,R,HOU,BAL,2,1,,,,92,Sinker
CH,2026-07-17,"Henderson, Logan",,foul,R,R,MIL,MIA,1,1,189,67,28,82.9,Changeup
FF,2026-07-17,"Hughes, Gabriel",,called_strike,R,R,COL,CIN,0,1,,,,94.3,4-Seam Fastball
CH,2026-07-17,"Henderson, Logan",,swinging_strike,R,R,MIL,MIA,1,0,,,,83,Changeup
SL,2026-07-17,"Detmers, Reid",,called_strike,L,L,LAA,DET,2,1,,,,86.2,Slider
FC,2026-07-17,"Kremer, Dean",,called_strike,R,R,HOU,BAL,2,0,,,,87.2,Cutter
SL,2026-07-17,"Detmers, Reid",,called_strike,L,L,LAA,DET,2,0,,,,86.9,Slider
FF,2026-07-17,"Henderson, Logan",,ball,R,R,MIL,MIA,0,0,,,,94.4,4-Seam Fastball
FC,2026-07-17,"Kremer, Dean",,blocked_ball,R,R,HOU,BAL,1,0,,,,87.2,Cutter
FF,2026-07-17,"Hughes, Gabriel",,called_strike,R,R,COL,CIN,0,0,,,,94.3,4-Seam Fastball
SI,2026-07-17,"Kremer, Dean",,ball,R,R,HOU,BAL,0,0,,,,92.5,Sinker
FF,2026-07-17,"Hughes, Gabriel",strikeout,swinging_strike,R,R,COL,CIN,2,2,,,,95,4-Seam Fastball
FF,2026-07-17,"Henderson, Logan",strikeout,called_strike,L,R,MIL,MIA,0,2,,,,94.1,4-Seam Fastball
FF,2026-07-17,"Detmers, Reid",,ball,L,L,LAA,DET,1,0,,,,93.6,4-Seam Fastball
FS,2026-07-17,"Kremer, Dean",strikeout,swinging_strike,R,R,HOU,BAL,1,2,,,,82.4,Split-Finger
FF,2026-07-17,"Detmers, Reid",,ball,L,L,LAA,DET,0,0,,,,94.4,4-Seam Fastball
ST,2026-07-17,"Hughes, Gabriel",,ball,R,R,COL,CIN,1,2,,,,88.3,Sweeper
CH,2026-07-17,"Henderson, Logan",,foul,L,R,MIL,MIA,0,2,368,102.2,45,79.1,Changeup
FF,2026-07-17,"Henderson, Logan",,foul,L,R,MIL,MIA,0,2,141,69.6,73,93.8,4-Seam Fastball
CU,2026-07-17,"Kremer, Dean",,swinging_strike,R,R,HOU,BAL,1,1,,,,77.1,Curveball
FF,2026-07-17,"Detmers, Reid",field_out,hit_into_play,R,L,LAA,DET,2,2,278,94,51,95.2,4-Seam Fastball
SL,2026-07-17,"Hughes, Gabriel",,ball,R,R,COL,CIN,0,2,,,,88.9,Slider
FF,2026-07-17,"Hughes, Gabriel",,called_strike,R,R,COL,CIN,0,1,,,,95.7,4-Seam Fastball
FF,2026-07-17,"Detmers, Reid",,swinging_strike,R,L,LAA,DET,2,1,,,,95.9,4-Seam Fastball
FC,2026-07-17,"Kremer, Dean",,ball,R,R,HOU,BAL,0,1,,,,86.9,Cutter
CH,2026-07-17,"Henderson, Logan",,swinging_strike,L,R,MIL,MIA,0,1,,,,80.3,Changeup
SI,2026-07-17,"Kremer, Dean",,called_strike,R,R,HOU,BAL,0,0,,,,91.3,Sinker
SL,2026-07-17,"Detmers, Reid",,ball,R,L,LAA,DET,1,1,,,,86,Slider
SI,2026-07-17,"Hughes, Gabriel",,foul,R,R,COL,CIN,0,0,207,76.7,63,96.4,Sinker
CH,2026-07-17,"Henderson, Logan",,called_strike,L,R,MIL,MIA,0,0,,,,81,Changeup
FC,2026-07-17,"Henderson, Logan",grounded_into_double_play,hit_into_play,L,R,MIL,MIA,3,1,36,100.3,-2,88,Cutter
FC,2026-07-17,"Kremer, Dean",single,hit_into_play,R,R,HOU,BAL,0,1,234,91.2,14,87.2,Cutter
SL,2026-07-17,"Hughes, Gabriel",field_out,hit_into_play,L,R,COL,CIN,3,2,352,97.6,42,88.4,Slider
SL,2026-07-17,"Detmers, Reid",,ball,R,L,LAA,DET,0,1,,,,87,Slider
FF,2026-07-17,"Henderson, Logan",,ball,L,R,MIL,MIA,2,1,,,,92.1,4-Seam Fastball
FF,2026-07-17,"Hughes, Gabriel",,ball,L,R,COL,CIN,2,2,,,,95.3,4-Seam Fastball
FC,2026-07-17,"Kremer, Dean",,swinging_strike,R,R,HOU,BAL,0,0,,,,87.1,Cutter
CU,2026-07-17,"Detmers, Reid",,called_strike,R,L,LAA,DET,0,0,,,,71.5,Curveball
ST,2026-07-17,"Hughes, Gabriel",,ball,L,R,COL,CIN,1,2,,,,87.3,Sweeper
FF,2026-07-17,"Detmers, Reid",single,hit_into_play,R,L,LAA,DET,1,0,258,87.9,18,96,4-Seam Fastball
FF,2026-07-17,"Henderson, Logan",,ball,L,R,MIL,MIA,1,1,,,,92.6,4-Seam Fastball
SI,2026-07-17,"Kremer, Dean",double,hit_into_play,L,R,HOU,BAL,2,2,377,104,36,92.4,Sinker
FF,2026-07-17,"Henderson, Logan",,ball,L,R,MIL,MIA,0,1,,,,93.2,4-Seam Fastball
CU,2026-07-17,"Detmers, Reid",,ball,R,L,LAA,DET,0,0,,,,72.4,Curveball
CH,2026-07-17,"Hughes, Gabriel",,ball,L,R,COL,CIN,0,2,,,,89.1,Changeup
FS,2026-07-17,"Kremer, Dean",,blocked_ball,L,R,HOU,BAL,1,2,,,,83.8,Split-Finger
ST,2026-07-17,"Hughes, Gabriel",,called_strike,L,R,COL,CIN,0,1,,,,86.7,Sweeper
FC,2026-07-17,"Henderson, Logan",,called_strike,L,R,MIL,MIA,0,0,,,,88.3,Cutter
SL,2026-07-17,"Detmers, Reid",strikeout,swinging_strike_blocked,L,L,LAA,DET,1,2,,,,87.7,Slider
SI,2026-07-17,"Kremer, Dean",,ball,L,R,HOU,BAL,0,2,,,,92.1,Sinker
FF,2026-07-17,"Henderson, Logan",single,hit_into_play,R,R,MIL,MIA,2,1,203,97,10,92.9,4-Seam Fastball
FF,2026-07-17,"Detmers, Reid",,foul_tip,L,L,LAA,DET,1,1,,,,96.2,4-Seam Fastball
FF,2026-07-17,"Kremer, Dean",,called_strike,L,R,HOU,BAL,0,1,,,,92.1,4-Seam Fastball
CU,2026-07-17,"Hughes, Gabriel",,foul,L,R,COL,CIN,0,0,207,82.2,18,81.8,Curveball
SI,2026-07-17,"Kremer, Dean",,called_strike,L,R,HOU,BAL,0,0,,,,91.3,Sinker
FF,2026-07-17,"Henderson, Logan",,called_strike,R,R,MIL,MIA,2,0,,,,93,4-Seam Fastball
SI,2026-07-17,"Hughes, Gabriel",double,hit_into_play,R,R,COL,CIN,2,2,273,108.8,14,96.1,Sinker
SL,2026-07-17,"Detmers, Reid",,ball,L,L,LAA,DET,0,1,,,,86.8,Slider
SL,2026-07-17,"Hughes, Gabriel",,ball,R,R,COL,CIN,1,2,,,,88.2,Slider
SI,2026-07-17,"Kremer, Dean",walk,ball,R,R,HOU,BAL,3,2,,,,92.5,Sinker
FF,2026-07-17,"Detmers, Reid",,foul,L,L,LAA,DET,0,0,,,,96.1,4-Seam Fastball
FC,2026-07-17,"Henderson, Logan",,ball,R,R,MIL,MIA,1,0,,,,88,Cutter
FF,2026-07-17,"Detmers, Reid",field_out,hit_into_play,R,L,LAA,DET,2,2,262,79.4,47,95.6,4-Seam Fastball
FC,2026-07-17,"Henderson, Logan",,ball,R,R,MIL,MIA,0,0,,,,89,Cutter
SI,2026-07-17,"Hughes, Gabriel",,foul,R,R,COL,CIN,1,2,138,81.5,10,96,Sinker
SI,2026-07-17,"Kremer, Dean",,foul,R,R,HOU,BAL,3,1,5,86.3,-26,90.8,Sinker
FF,2026-07-17,"Henderson, Logan",strikeout,swinging_strike,L,R,MIL,MIA,1,2,,,,94,4-Seam Fastball
FF,2026-07-17,"Kremer, Dean",,called_strike,R,R,HOU,BAL,3,0,,,,91.4,4-Seam Fastball
SL,2026-07-17,"Detmers, Reid",,ball,R,L,LAA,DET,1,2,,,,88,Slider
SL,2026-07-17,"Hughes, Gabriel",,ball,R,R,COL,CIN,0,2,,,,88.6,Slider
CH,2026-07-17,"Henderson, Logan",,ball,L,R,MIL,MIA,0,2,,,,80.9,Changeup
FC,2026-07-17,"Kremer, Dean",,ball,R,R,HOU,BAL,2,0,,,,86.3,Cutter
FF,2026-07-17,"Detmers, Reid",,foul,R,L,LAA,DET,1,1,205,75.6,23,95,4-Seam Fastball
SI,2026-07-17,"Hughes, Gabriel",,swinging_strike,R,R,COL,CIN,0,1,,,,94.8,Sinker
CH,2026-07-17,"Henderson, Logan",,foul,L,R,MIL,MIA,0,1,120,61.8,24,82.5,Changeup
FF,2026-07-17,"Hughes, Gabriel",,called_strike,R,R,COL,CIN,0,0,,,,94.8,4-Seam Fastball
FF,2026-07-17,"Detmers, Reid",,ball,R,L,LAA,DET,0,1,,,,95.7,4-Seam Fastball
SI,2026-07-17,"Kremer, Dean",,ball,R,R,HOU,BAL,1,0,,,,91.3,Sinker
SI,2026-07-17,"Hughes, Gabriel",single,hit_into_play,L,R,COL,CIN,0,0,273,93.1,20,95.1,Sinker
FF,2026-07-17,"Henderson, Logan",,called_strike,L,R,MIL,MIA,0,0,,,,93.4,4-Seam Fastball
FF,2026-07-17,"Detmers, Reid",,called_strike,R,L,LAA,DET,0,0,,,,95.1,4-Seam Fastball
SI,2026-07-17,"Kremer, Dean",,ball,R,R,HOU,BAL,0,0,,,,92.1,Sinker
CU,2026-07-16,"Scott, Christian",double,hit_into_play,L,R,PHI,NYM,0,1,343,98.3,32,84.4,Curveball
FC,2026-07-16,"Scott, Christian",,foul,L,R,PHI,NYM,0,0,224,73.8,30,93.7,Cutter
FC,2026-07-16,"Scott, Christian",field_out,hit_into_play,R,R,PHI,NYM,3,1,154,68.4,17,91.4,Cutter
FF,2026-07-16,"Scott, Christian",,ball,R,R,PHI,NYM,2,1,,,,97.1,4-Seam Fastball
FF,2026-07-16,"Scott, Christian",,swinging_strike,R,R,PHI,NYM,2,0,,,,97.7,4-Seam Fastball
ST,2026-07-16,"Scott, Christian",,ball,R,R,PHI,NYM,1,0,,,,83,Sweeper
FF,2026-07-16,"Scott, Christian",,ball,R,R,PHI,NYM,0,0,,,,98.5,4-Seam Fastball
CU,2026-07-16,"Scott, Christian",field_out,hit_into_play,L,R,PHI,NYM,1,2,10,96.7,-15,83.7,Curveball
FF,2026-07-16,"Scott, Christian",,ball,L,R,PHI,NYM,0,2,,,,97.6,4-Seam Fastball
FF,2026-07-16,"Scott, Christian",,foul,L,R,PHI,NYM,0,2,259,82.6,27,98.4,4-Seam Fastball
CU,2026-07-16,"Scott, Christian",,called_strike,L,R,PHI,NYM,0,1,,,,81.9,Curveball
FF,2026-07-16,"Scott, Christian",,called_strike,L,R,PHI,NYM,0,0,,,,96.8,4-Seam Fastball
FF,2026-07-16,"Scott, Christian",strikeout,called_strike,L,R,PHI,NYM,3,2,,,,99.2,4-Seam Fastball
ST,2026-07-16,"Scott, Christian",,foul,L,R,PHI,NYM,3,2,231,71,46,84.3,Sweeper
FF,2026-07-16,"Scott, Christian",,foul,L,R,PHI,NYM,3,2,,,,98.6,4-Seam Fastball
FF,2026-07-16,"Scott, Christian",,ball,L,R,PHI,NYM,2,2,,,,98.4,4-Seam Fastball
ST,2026-07-16,"Scott, Christian",,foul,L,R,PHI,NYM,2,1,115,79,80,83.2,Sweeper
FS,2026-07-16,"Scott, Christian",,ball,L,R,PHI,NYM,1,1,,,,87.7,Split-Finger
ST,2026-07-16,"Scott, Christian",,ball,L,R,PHI,NYM,0,1,,,,83.1,Sweeper
ST,2026-07-16,"Scott, Christian",,swinging_strike,L,R,PHI,NYM,0,0,,,,82.6,Sweeper
FF,2026-07-16,"Scott, Christian",field_out,hit_into_play,R,R,PHI,NYM,0,1,10,94.8,-13,97.2,4-Seam Fastball
ST,2026-07-16,"Scott, Christian",,called_strike,R,R,PHI,NYM,0,0,,,,82,Sweeper
FF,2026-07-16,"Scott, Christian",strikeout,swinging_strike,L,R,PHI,NYM,2,2,,,,98.1,4-Seam Fastball
ST,2026-07-16,"Scott, Christian",,foul,L,R,PHI,NYM,2,2,136,70.4,14,84.4,Sweeper
FS,2026-07-16,"Scott, Christian",,foul,L,R,PHI,NYM,2,2,86,100.4,4,89.3,Split-Finger
CU,2026-07-16,"Scott, Christian",,ball,L,R,PHI,NYM,1,2,,,,83.4,Curveball
FF,2026-07-16,"Scott, Christian",,foul_tip,L,R,PHI,NYM,1,1,,,,97.1,4-Seam Fastball
ST,2026-07-16,"Scott, Christian",,called_strike,L,R,PHI,NYM,1,0,,,,83.2,Sweeper
FF,2026-07-16,"Scott, Christian",,ball,L,R,PHI,NYM,0,0,,,,95.4,4-Seam Fastball
ST,2026-07-16,"Scott, Christian",field_out,hit_into_play,R,R,PHI,NYM,1,0,68,79,77,81.8,Sweeper
ST,2026-07-16,"Scott, Christian",,ball,R,R,PHI,NYM,0,0,,,,83.5,Sweeper
ST,2026-07-16,"Scott, Christian",field_out,hit_into_play,L,R,PHI,NYM,2,2,307,82.9,31,85.3,Sweeper
FC,2026-07-16,"Scott, Christian",,ball,L,R,PHI,NYM,1,2,,,,92.9,Cutter
FF,2026-07-16,"Scott, Christian",,foul,L,R,PHI,NYM,1,2,224,77.6,50,98.6,4-Seam Fastball
FC,2026-07-16,"Scott, Christian",,foul,L,R,PHI,NYM,1,1,,,,91.7,Cutter
FC,2026-07-16,"Scott, Christian",,ball,L,R,PHI,NYM,0,1,,,,93.2,Cutter
FF,2026-07-16,"Scott, Christian",,called_strike,L,R,PHI,NYM,0,0,,,,98.1,4-Seam Fastball
CU,2026-07-16,"Scott, Christian",double,hit_into_play,L,R,PHI,NYM,2,1,12,87.2,-11,82.8,Curveball
CU,2026-07-16,"Scott, Christian",,ball,L,R,PHI,NYM,1,1,,,,84.3,Curveball
FS,2026-07-16,"Scott, Christian",,ball,L,R,PHI,NYM,0,1,,,,88,Split-Finger
FC,2026-07-16,"Scott, Christian",,called_strike,L,R,PHI,NYM,0,0,,,,94.1,Cutter
FC,2026-07-16,"Scott, Christian",strikeout,swinging_strike,L,R,PHI,NYM,3,2,,,,92.3,Cutter
ST,2026-07-16,"Scott, Christian",,swinging_strike,L,R,PHI,NYM,3,1,,,,83.3,Sweeper
FC,2026-07-16,"Scott, Christian",,ball,L,R,PHI,NYM,2,1,,,,91.6,Cutter
FC,2026-07-16,"Scott, Christian",,ball,L,R,PHI,NYM,1,1,,,,92.3,Cutter
FC,2026-07-16,"Scott, Christian",,swinging_strike,L,R,PHI,NYM,1,0,,,,90.3,Cutter
ST,2026-07-16,"Scott, Christian",,ball,L,R,PHI,NYM,0,0,,,,84.5,Sweeper
ST,2026-07-16,"Scott, Christian",strikeout,swinging_strike,R,R,PHI,NYM,1,2,,,,82.7,Sweeper
FF,2026-07-16,"Scott, Christian",,called_strike,R,R,PHI,NYM,1,1,,,,98.1,4-Seam Fastball
FC,2026-07-16,"Scott, Christian",,foul,R,R,PHI,NYM,1,0,202,69.5,45,93.2,Cutter
ST,2026-07-16,"Scott, Christian",,ball,R,R,PHI,NYM,0,0,,,,84.5,Sweeper
FC,2026-07-16,"Scott, Christian",field_out,hit_into_play,L,R,PHI,NYM,1,0,8,63,86,92.1,Cutter
FC,2026-07-16,"Scott, Christian",,ball,L,R,PHI,NYM,0,0,,,,91.7,Cutter
FF,2026-07-16,"Scott, Christian",strikeout,foul_tip,L,R,PHI,NYM,0,2,,,,97.7,4-Seam Fastball
CU,2026-07-16,"Scott, Christian",,foul,L,R,PHI,NYM,0,2,138,67.4,71,83,Curveball
FF,2026-07-16,"Scott, Christian",,foul,L,R,PHI,NYM,0,1,156,77.2,70,96.8,4-Seam Fastball
FF,2026-07-16,"Scott, Christian",,called_strike,L,R,PHI,NYM,0,0,,,,96.6,4-Seam Fastball
FF,2026-07-16,"Scott, Christian",single,hit_into_play,R,R,PHI,NYM,0,0,94,92.5,5,97.4,4-Seam Fastball
FF,2026-07-16,"Scott, Christian",strikeout,swinging_strike,L,R,PHI,NYM,3,2,,,,98.3,4-Seam Fastball
FC,2026-07-16,"Scott, Christian",,foul,L,R,PHI,NYM,3,1,317,91,27,93.6,Cutter
ST,2026-07-16,"Scott, Christian",,ball,L,R,PHI,NYM,2,1,,,,83.6,Sweeper
FF,2026-07-16,"Scott, Christian",,called_strike,L,R,PHI,NYM,2,0,,,,97.8,4-Seam Fastball
FF,2026-07-16,"Scott, Christian",,ball,L,R,PHI,NYM,1,0,,,,98,4-Seam Fastball
FF,2026-07-16,"Scott, Christian",,ball,L,R,PHI,NYM,0,0,,,,97.2,4-Seam Fastball
ST,2026-07-16,"Scott, Christian",field_out,hit_into_play,R,R,PHI,NYM,0,2,7,96.5,-14,82.5,Sweeper
FF,2026-07-16,"Scott, Christian",,called_strike,R,R,PHI,NYM,0,1,,,,98.4,4-Seam Fastball
FF,2026-07-16,"Scott, Christian",,called_strike,R,R,PHI,NYM,0,0,,,,97.2,4-Seam Fastball
FS,2026-07-16,"Scott, Christian",field_out,hit_into_play,L,R,PHI,NYM,0,1,2,63.7,-50,87.3,Split-Finger
ST,2026-07-16,"Scott, Christian",,called_strike,L,R,PHI,NYM,0,0,,,,83.7,Sweeper
FS,2026-07-16,"Scott, Christian",strikeout,swinging_strike,L,R,PHI,NYM,1,2,,,,87.1,Split-Finger
CU,2026-07-16,"Scott, Christian",,foul,L,R,PHI,NYM,1,2,,,,83,Curveball
FC,2026-07-16,"Scott, Christian",,swinging_strike,L,R,PHI,NYM,1,1,,,,92.5,Cutter
CU,2026-07-16,"Scott, Christian",,ball,L,R,PHI,NYM,0,1,,,,82.7,Curveball
FF,2026-07-16,"Scott, Christian",,called_strike,L,R,PHI,NYM,0,0,,,,98.9,4-Seam Fastball
CU,2026-07-16,"Scott, Christian",field_out,hit_into_play,L,R,PHI,NYM,0,2,322,86.5,28,83.2,Curveball
FC,2026-07-16,"Scott, Christian",,foul,L,R,PHI,NYM,0,1,191,80.5,64,94.7,Cutter
ST,2026-07-16,"Scott, Christian",,called_strike,L,R,PHI,NYM,0,0,,,,83.4,Sweeper
ST,2026-07-16,"Scott, Christian",field_out,hit_into_play,R,R,PHI,NYM,0,1,335,92,23,83,Sweeper
ST,2026-07-16,"Scott, Christian",,called_strike,R,R,PHI,NYM,0,0,,,,82.2,Sweeper
FC,2026-07-12,"Gore, MacKenzie",field_out,hit_into_play,R,L,TEX,HOU,1,0,15,105,-9,89.9,Cutter
FF,2026-07-12,"Gore, MacKenzie",,ball,R,L,TEX,HOU,0,0,,,,97.1,4-Seam Fastball
FF,2026-07-12,"Gore, MacKenzie",home_run,hit_into_play,R,L,TEX,HOU,2,1,387,100.9,23,97.5,4-Seam Fastball
CU,2026-07-12,"Gore, MacKenzie",,ball,R,L,TEX,HOU,1,1,,,,83.6,Curveball
CU,2026-07-12,"Gore, MacKenzie",,ball,R,L,TEX,HOU,0,1,,,,85.3,Curveball
FF,2026-07-12,"Gore, MacKenzie",,swinging_strike,R,L,TEX,HOU,0,0,,,,96.9,4-Seam Fastball
CH,2026-07-12,"Gore, MacKenzie",strikeout,swinging_strike,R,L,TEX,HOU,1,2,,,,89.7,Changeup
FF,2026-07-12,"Gore, MacKenzie",,swinging_strike,R,L,TEX,HOU,1,1,,,,97.2,4-Seam Fastball
CU,2026-07-12,"Gore, MacKenzie",,ball,R,L,TEX,HOU,0,1,,,,84,Curveball
CH,2026-07-12,"Gore, MacKenzie",,swinging_strike,R,L,TEX,HOU,0,0,,,,86.7,Changeup
FF,2026-07-12,"Gore, MacKenzie",strikeout,swinging_strike,R,L,TEX,HOU,3,2,,,,96,4-Seam Fastball
FF,2026-07-12,"Gore, MacKenzie",,foul,R,L,TEX,HOU,3,2,92,77.7,18,96,4-Seam Fastball
FF,2026-07-12,"Gore, MacKenzie",,ball,R,L,TEX,HOU,2,2,,,,94.9,4-Seam Fastball
FF,2026-07-12,"Gore, MacKenzie",,ball,R,L,TEX,HOU,1,2,,,,95,4-Seam Fastball
CU,2026-07-12,"Gore, MacKenzie",,ball,R,L,TEX,HOU,0,2,,,,82.4,Curveball
CU,2026-07-12,"Gore, MacKenzie",,foul,R,L,TEX,HOU,0,1,168,98.5,12,82,Curveball
FF,2026-07-12,"Gore, MacKenzie",,called_strike,R,L,TEX,HOU,0,0,,,,95.5,4-Seam Fastball
FF,2026-07-12,"Gore, MacKenzie",field_out,hit_into_play,L,L,TEX,HOU,1,2,247,88.7,52,96.5,4-Seam Fastball
CU,2026-07-12,"Gore, MacKenzie",,foul,L,L,TEX,HOU,1,1,2,67.7,-31,83.4,Curveball
SL,2026-07-12,"Gore, MacKenzie",,foul,L,L,TEX,HOU,1,0,177,76.6,67,84.7,Slider
SL,2026-07-12,"Gore, MacKenzie",,ball,L,L,TEX,HOU,0,0,,,,83.5,Slider
FF,2026-07-12,"Gore, MacKenzie",field_out,hit_into_play,R,L,TEX,HOU,1,0,7,99,-18,95.7,4-Seam Fastball
CU,2026-07-12,"Gore, MacKenzie",,ball,R,L,TEX,HOU,0,0,,,,79.5,Curveball
FF,2026-07-12,"Gore, MacKenzie",field_out,hit_into_play,R,L,TEX,HOU,0,1,177,100.4,8,96.6,4-Seam Fastball
FF,2026-07-12,"Gore, MacKenzie",,called_strike,R,L,TEX,HOU,0,0,,,,92.8,4-Seam Fastball
SL,2026-07-12,"Gore, MacKenzie",field_out,hit_into_play,L,L,TEX,HOU,0,1,6,93.4,-22,86.7,Slider
FF,2026-07-12,"Gore, MacKenzie",,foul,L,L,TEX,HOU,0,0,163,75.7,50,97.3,4-Seam Fastball
SI,2026-07-12,"Gore, MacKenzie",strikeout,called_strike,L,L,TEX,HOU,3,2,,,,96.2,Sinker
FF,2026-07-12,"Gore, MacKenzie",,ball,L,L,TEX,HOU,2,2,,,,96.9,4-Seam Fastball
SI,2026-07-12,"Gore, MacKenzie",,foul,L,L,TEX,HOU,2,1,143,55.5,43,94.9,Sinker
FF,2026-07-12,"Gore, MacKenzie",,called_strike,L,L,TEX,HOU,2,0,,,,95.7,4-Seam Fastball
FF,2026-07-12,"Gore, MacKenzie",,ball,L,L,TEX,HOU,1,0,,,,96.1,4-Seam Fastball
FF,2026-07-12,"Gore, MacKenzie",,ball,L,L,TEX,HOU,0,0,,,,96.7,4-Seam Fastball
FF,2026-07-12,"Gore, MacKenzie",field_out,hit_into_play,R,L,TEX,HOU,1,2,206,85.4,60,94.6,4-Seam Fastball
CU,2026-07-12,"Gore, MacKenzie",,ball,R,L,TEX,HOU,0,2,,,,81.1,Curveball
FF,2026-07-12,"Gore, MacKenzie",,called_strike,R,L,TEX,HOU,0,1,,,,94.3,4-Seam Fastball
CU,2026-07-12,"Gore, MacKenzie",,foul,R,L,TEX,HOU,0,0,1,57.3,-53,80.9,Curveball
FF,2026-07-12,"Gore, MacKenzie",strikeout,swinging_strike,R,L,TEX,HOU,3,2,,,,97.1,4-Seam Fastball
FF,2026-07-12,"Gore, MacKenzie",,foul,R,L,TEX,HOU,3,2,94,79.5,17,96.9,4-Seam Fastball
FF,2026-07-12,"Gore, MacKenzie",,blocked_ball,R,L,TEX,HOU,2,2,,,,95.1,4-Seam Fastball
CU,2026-07-12,"Gore, MacKenzie",,blocked_ball,R,L,TEX,HOU,1,2,,,,84.5,Curveball
FF,2026-07-12,"Gore, MacKenzie",,swinging_strike,R,L,TEX,HOU,1,1,,,,97.2,4-Seam Fastball
CH,2026-07-12,"Gore, MacKenzie",,called_strike,R,L,TEX,HOU,1,0,,,,87.5,Changeup
FF,2026-07-12,"Gore, MacKenzie",,ball,R,L,TEX,HOU,0,0,,,,95.8,4-Seam Fastball
FF,2026-07-12,"Gore, MacKenzie",walk,ball,R,L,TEX,HOU,3,0,,,,95.5,4-Seam Fastball
FF,2026-07-12,"Gore, MacKenzie",,ball,R,L,TEX,HOU,2,0,,,,95.9,4-Seam Fastball
FF,2026-07-12,"Gore, MacKenzie",,ball,R,L,TEX,HOU,1,0,,,,95.9,4-Seam Fastball
CU,2026-07-12,"Gore, MacKenzie",,ball,R,L,TEX,HOU,0,0,,,,82.4,Curveball
FC,2026-07-12,"Gore, MacKenzie",field_out,hit_into_play,R,L,TEX,HOU,3,2,342,98.7,43,92,Cutter
FF,2026-07-12,"Gore, MacKenzie",,ball,R,L,TEX,HOU,2,2,,,,96.4,4-Seam Fastball
FC,2026-07-12,"Gore, MacKenzie",,ball,R,L,TEX,HOU,1,2,,,,92.4,Cutter
FF,2026-07-12,"Gore, MacKenzie",,foul,R,L,TEX,HOU,1,1,216,75.6,25,96.7,4-Seam Fastball
CH,2026-07-12,"Gore, MacKenzie",,ball,R,L,TEX,HOU,0,1,,,,86.4,Changeup
FC,2026-07-12,"Gore, MacKenzie",,foul,R,L,TEX,HOU,0,0,3,97,-23,91.5,Cutter
SI,2026-07-12,"Gore, MacKenzie",single,hit_into_play,L,L,TEX,HOU,3,2,31,91.6,-2,97.4,Sinker
FF,2026-07-12,"Gore, MacKenzie",,ball,L,L,TEX,HOU,2,2,,,,96.7,4-Seam Fastball
FF,2026-07-12,"Gore, MacKenzie",,foul,L,L,TEX,HOU,2,2,150,71.7,64,95.5,4-Seam Fastball
CU,2026-07-12,"Gore, MacKenzie",,called_strike,L,L,TEX,HOU,2,1,,,,83.4,Curveball
FF,2026-07-12,"Gore, MacKenzie",,ball,L,L,TEX,HOU,1,1,,,,95.6,4-Seam Fastball
FF,2026-07-12,"Gore, MacKenzie",,called_strike,L,L,TEX,HOU,1,0,,,,95.5,4-Seam Fastball
FF,2026-07-12,"Gore, MacKenzie",,ball,L,L,TEX,HOU,0,0,,,,95.3,4-Seam Fastball
FC,2026-07-12,"Gore, MacKenzie",field_out,hit_into_play,R,L,TEX,HOU,0,2,67,67.9,6,92.3,Cutter
FF,2026-07-12,"Gore, MacKenzie",,foul,R,L,TEX,HOU,0,2,209,76.5,23,95.6,4-Seam Fastball
FF,2026-07-12,"Gore, MacKenzie",,foul,R,L,TEX,HOU,0,1,150,75.3,11,95.9,4-Seam Fastball
FF,2026-07-12,"Gore, MacKenzie",,foul,R,L,TEX,HOU,0,0,97,77.6,19,95.3,4-Seam Fastball
CU,2026-07-11,"Cameron, Noah",field_out,hit_into_play,R,L,BAL,KC,0,1,322,90.6,27,82.7,Curveball
CH,2026-07-11,"Cameron, Noah",,foul,R,L,BAL,KC,0,0,162,68.7,67,79.7,Changeup
FF,2026-07-11,"Cameron, Noah",walk,ball,L,L,BAL,KC,3,2,,,,94.2,4-Seam Fastball
CU,2026-07-11,"Cameron, Noah",,ball,L,L,BAL,KC,2,2,,,,83.3,Curveball
SL,2026-07-11,"Cameron, Noah",,ball,L,L,BAL,KC,1,2,,,,85.2,Slider
FC,2026-07-11,"Cameron, Noah",,foul,L,L,BAL,KC,1,1,4,66.2,-34,89.6,Cutter
SI,2026-07-11,"Cameron, Noah",,ball,L,L,BAL,KC,0,1,,,,91.6,Sinker
SL,2026-07-11,"Cameron, Noah",,swinging_strike,L,L,BAL,KC,0,0,,,,84.1,Slider
SL,2026-07-11,"Peralta, Freddy",walk,ball,L,R,NYM,BOS,3,1,,,,82.7,Slider
CU,2026-07-11,"Cameron, Noah",strikeout,swinging_strike,R,L,BAL,KC,2,2,,,,82.1,Curveball
FF,2026-07-11,"Peralta, Freddy",,ball,L,R,NYM,BOS,2,1,,,,94.1,4-Seam Fastball
CU,2026-07-11,"Cameron, Noah",,ball,R,L,BAL,KC,1,2,,,,82.9,Curveball
FF,2026-07-11,"Cameron, Noah",,foul,R,L,BAL,KC,1,1,244,76.3,31,92.3,4-Seam Fastball
FF,2026-07-11,"Peralta, Freddy",,ball,L,R,NYM,BOS,1,1,,,,93.4,4-Seam Fastball
CH,2026-07-11,"Cameron, Noah",,called_strike,R,L,BAL,KC,1,0,,,,82.5,Changeup
FF,2026-07-11,"Peralta, Freddy",,ball,L,R,NYM,BOS,0,1,,,,94.9,4-Seam Fastball
SL,2026-07-11,"Peralta, Freddy",,swinging_strike,L,R,NYM,BOS,0,0,,,,83.4,Slider
FF,2026-07-11,"Cameron, Noah",,ball,R,L,BAL,KC,0,0,,,,93.2,4-Seam Fastball
SL,2026-07-11,"Cameron, Noah",strikeout,foul_tip,R,L,BAL,KC,0,2,,,,83.2,Slider
FF,2026-07-11,"Peralta, Freddy",double,hit_into_play,R,R,NYM,BOS,0,0,144,58.1,24,95.2,4-Seam Fastball
FC,2026-07-11,"Cameron, Noah",,called_strike,R,L,BAL,KC,0,1,,,,88.4,Cutter
CU,2026-07-11,"Peralta, Freddy",force_out,hit_into_play,L,R,NYM,BOS,2,1,98,91.5,6,79,Curveball
CH,2026-07-11,"Peralta, Freddy",,blocked_ball,L,R,NYM,BOS,1,1,,,,85.8,Changeup
CH,2026-07-11,"Cameron, Noah",,called_strike,R,L,BAL,KC,0,0,,,,76.6,Changeup
FF,2026-07-11,"Peralta, Freddy",,ball,L,R,NYM,BOS,0,1,,,,94.4,4-Seam Fastball
FC,2026-07-11,"Cameron, Noah",field_out,hit_into_play,L,L,BAL,KC,0,0,10,88.7,-19,89.8,Cutter
CU,2026-07-11,"Peralta, Freddy",,called_strike,L,R,NYM,BOS,0,0,,,,78.3,Curveball
CH,2026-07-11,"Cameron, Noah",strikeout,swinging_strike,R,L,BAL,KC,3,2,,,,81.6,Changeup
FF,2026-07-11,"Cameron, Noah",,ball,R,L,BAL,KC,2,2,,,,93,4-Seam Fastball
FF,2026-07-11,"Peralta, Freddy",walk,ball,L,R,NYM,BOS,3,1,,,,91,4-Seam Fastball
FC,2026-07-11,"Cameron, Noah",,swinging_strike,R,L,BAL,KC,2,1,,,,90.5,Cutter
FF,2026-07-11,"Peralta, Freddy",,ball,L,R,NYM,BOS,2,1,,,,92.5,4-Seam Fastball
CH,2026-07-11,"Cameron, Noah",,ball,R,L,BAL,KC,1,1,,,,80.5,Changeup
FF,2026-07-11,"Peralta, Freddy",,swinging_strike,L,R,NYM,BOS,2,0,,,,92.9,4-Seam Fastball
CH,2026-07-11,"Cameron, Noah",,ball,R,L,BAL,KC,0,1,,,,84.5,Changeup
FF,2026-07-11,"Peralta, Freddy",,ball,L,R,NYM,BOS,1,0,,,,91.4,4-Seam Fastball
CU,2026-07-11,"Peralta, Freddy",,ball,L,R,NYM,BOS,0,0,,,,77.3,Curveball
CU,2026-07-11,"Cameron, Noah",,called_strike,R,L,BAL,KC,0,0,,,,82.4,Curveball
ST,2026-07-11,"Peralta, Freddy",field_out,hit_into_play,R,R,NYM,BOS,0,1,86,86,75,83.1,Sweeper
SI,2026-07-11,"Cameron, Noah",home_run,hit_into_play,R,L,BAL,KC,2,0,354,96.6,35,90.8,Sinker
FF,2026-07-11,"Peralta, Freddy",,called_strike,R,R,NYM,BOS,0,0,,,,95,4-Seam Fastball
FC,2026-07-11,"Cameron, Noah",,ball,R,L,BAL,KC,1,0,,,,89.6,Cutter
CU,2026-07-11,"Cameron, Noah",,ball,R,L,BAL,KC,0,0,,,,80.2,Curveball
CU,2026-07-11,"Peralta, Freddy",field_out,hit_into_play,L,R,NYM,BOS,3,2,275,88.5,43,80,Curveball
CH,2026-07-11,"Cameron, Noah",field_out,hit_into_play,R,L,BAL,KC,1,1,3,66.4,-29,82.2,Changeup
CH,2026-07-11,"Peralta, Freddy",,ball,L,R,NYM,BOS,2,2,,,,86.6,Changeup
CU,2026-07-11,"Peralta, Freddy",,swinging_strike,L,R,NYM,BOS,2,1,,,,78.9,Curveball
CH,2026-07-11,"Cameron, Noah",,ball,R,L,BAL,KC,0,1,,,,82.1,Changeup
FF,2026-07-11,"Cameron, Noah",,foul,R,L,BAL,KC,0,0,222,76.7,55,90.7,4-Seam Fastball
CU,2026-07-11,"Peralta, Freddy",,ball,L,R,NYM,BOS,1,1,,,,75,Curveball
SI,2026-07-11,"Cameron, Noah",field_out,hit_into_play,L,L,BAL,KC,1,0,310,91.9,35,92.5,Sinker
FF,2026-07-11,"Peralta, Freddy",,called_strike,L,R,NYM,BOS,1,0,,,,94.3,4-Seam Fastball
FC,2026-07-11,"Cameron, Noah",,ball,L,L,BAL,KC,0,0,,,,90.7,Cutter
CU,2026-07-11,"Peralta, Freddy",,ball,L,R,NYM,BOS,0,0,,,,78.8,Curveball
FC,2026-07-11,"Cameron, Noah",strikeout,swinging_strike,R,L,BAL,KC,3,2,,,,91,Cutter
FF,2026-07-11,"Peralta, Freddy",home_run,hit_into_play,R,R,NYM,BOS,2,2,378,98.7,29,97.2,4-Seam Fastball
CH,2026-07-11,"Cameron, Noah",,foul,R,L,BAL,KC,3,2,177,69.8,58,81.5,Changeup
FF,2026-07-11,"Peralta, Freddy",,swinging_strike,R,R,NYM,BOS,2,1,,,,96.1,4-Seam Fastball
FF,2026-07-11,"Peralta, Freddy",,ball,R,R,NYM,BOS,1,1,,,,96.6,4-Seam Fastball
FC,2026-07-11,"Cameron, Noah",,ball,R,L,BAL,KC,2,2,,,,89.1,Cutter
CH,2026-07-11,"Cameron, Noah",,foul,R,L,BAL,KC,2,2,152,60.7,59,82.2,Changeup
FF,2026-07-11,"Peralta, Freddy",,foul,R,R,NYM,BOS,1,0,,,,96.5,4-Seam Fastball
FF,2026-07-11,"Peralta, Freddy",,ball,R,R,NYM,BOS,0,0,,,,97,4-Seam Fastball
FF,2026-07-11,"Cameron, Noah",,ball,R,L,BAL,KC,1,2,,,,93.9,4-Seam Fastball
CU,2026-07-11,"Cameron, Noah",,ball,R,L,BAL,KC,0,2,,,,85.5,Curveball
FF,2026-07-11,"Peralta, Freddy",field_out,hit_into_play,L,R,NYM,BOS,2,1,309,93.1,39,96.4,4-Seam Fastball
FF,2026-07-11,"Peralta, Freddy",,foul,L,R,NYM,BOS,2,0,236,77.5,28,96.1,4-Seam Fastball
CH,2026-07-11,"Cameron, Noah",,missed_bunt,R,L,BAL,KC,0,1,,,,83.2,Changeup
CU,2026-07-11,"Cameron, Noah",,swinging_strike,R,L,BAL,KC,0,0,,,,81,Curveball
CH,2026-07-11,"Peralta, Freddy",,ball,L,R,NYM,BOS,1,0,,,,87.4,Changeup
FF,2026-07-11,"Peralta, Freddy",,ball,L,R,NYM,BOS,0,0,,,,93.4,4-Seam Fastball
CU,2026-07-11,"Cameron, Noah",strikeout,swinging_strike,L,L,BAL,KC,1,2,,,,84.5,Curveball
FF,2026-07-11,"Peralta, Freddy",walk,ball,R,R,NYM,BOS,3,2,,,,95.6,4-Seam Fastball
SL,2026-07-11,"Cameron, Noah",,swinging_strike,L,L,BAL,KC,1,1,,,,84.3,Slider
SI,2026-07-11,"Cameron, Noah",,ball,L,L,BAL,KC,0,1,,,,92.1,Sinker
FF,2026-07-11,"Peralta, Freddy",,ball,R,R,NYM,BOS,2,2,,,,95.1,4-Seam Fastball
ST,2026-07-11,"Peralta, Freddy",,ball,R,R,NYM,BOS,1,2,,,,80.8,Sweeper
FF,2026-07-11,"Cameron, Noah",,called_strike,L,L,BAL,KC,0,0,,,,92.7,4-Seam Fastball
SL,2026-07-11,"Cameron, Noah",home_run,hit_into_play,R,L,BAL,KC,2,2,440,110.4,29,85.6,Slider
ST,2026-07-11,"Peralta, Freddy",,foul,R,R,NYM,BOS,1,2,222,74,47,80,Sweeper
FF,2026-07-11,"Peralta, Freddy",,foul,R,R,NYM,BOS,1,1,183,76.7,18,93.4,4-Seam Fastball
SL,2026-07-11,"Cameron, Noah",,ball,R,L,BAL,KC,1,2,,,,87.5,Slider
FF,2026-07-11,"Peralta, Freddy",,ball,R,R,NYM,BOS,0,1,,,,93.4,4-Seam Fastball
CU,2026-07-11,"Cameron, Noah",,foul,R,L,BAL,KC,1,1,106,49,30,83.3,Curveball
CH,2026-07-11,"Cameron, Noah",,ball,R,L,BAL,KC,0,1,,,,80.8,Changeup
FF,2026-07-11,"Peralta, Freddy",,called_strike,R,R,NYM,BOS,0,0,,,,93.3,4-Seam Fastball
CH,2026-07-11,"Peralta, Freddy",field_out,hit_into_play,L,R,NYM,BOS,3,2,384,103.5,23,86.8,Changeup
CH,2026-07-11,"Cameron, Noah",,called_strike,R,L,BAL,KC,0,0,,,,81.1,Changeup
CU,2026-07-11,"Peralta, Freddy",,ball,L,R,NYM,BOS,2,2,,,,76.1,Curveball
SL,2026-07-11,"Cameron, Noah",strikeout,swinging_strike,R,L,BAL,KC,0,2,,,,87.3,Slider
CU,2026-07-11,"Peralta, Freddy",,ball,L,R,NYM,BOS,1,2,,,,72.7,Curveball
CH,2026-07-11,"Cameron, Noah",,swinging_strike,R,L,BAL,KC,0,1,,,,82.6,Changeup
CU,2026-07-11,"Cameron, Noah",,called_strike,R,L,BAL,KC,0,0,,,,79.8,Curveball
FF,2026-07-11,"Peralta, Freddy",,ball,L,R,NYM,BOS,0,2,,,,92.5,4-Seam Fastball
CU,2026-07-11,"Cameron, Noah",strikeout,swinging_strike_blocked,L,L,BAL,KC,0,2,,,,83.7,Curveball
CH,2026-07-11,"Peralta, Freddy",,swinging_strike,L,R,NYM,BOS,0,1,,,,86.1,Changeup
ST,2026-07-11,"Peralta, Freddy",,called_strike,L,R,NYM,BOS,0,0,,,,80.8,Sweeper
FC,2026-07-11,"Cameron, Noah",,foul,L,L,BAL,KC,0,1,,,,91.3,Cutter
FF,2026-07-11,"Peralta, Freddy",strikeout,swinging_strike,R,R,NYM,BOS,0,2,,,,95.6,4-Seam Fastball
CU,2026-07-11,"Cameron, Noah",,swinging_strike,L,L,BAL,KC,0,0,,,,80.8,Curveball
FF,2026-07-11,"Peralta, Freddy",,swinging_strike,R,R,NYM,BOS,0,1,,,,94.5,4-Seam Fastball
SL,2026-07-11,"Cameron, Noah",home_run,hit_into_play,R,L,BAL,KC,2,2,420,103.9,25,86.1,Slider
FF,2026-07-11,"Cameron, Noah",,ball,R,L,BAL,KC,1,2,,,,93.1,4-Seam Fastball
FF,2026-07-11,"Peralta, Freddy",,swinging_strike,R,R,NYM,BOS,0,0,,,,92.4,4-Seam Fastball
CU,2026-07-11,"Peralta, Freddy",field_out,hit_into_play,L,R,NYM,BOS,0,0,5,61.9,-20,76.6,Curveball
CU,2026-07-11,"Cameron, Noah",,called_strike,R,L,BAL,KC,1,1,,,,81.9,Curveball
FF,2026-07-11,"Peralta, Freddy",strikeout,swinging_strike,L,R,NYM,BOS,1,2,,,,94.1,4-Seam Fastball
FC,2026-07-11,"Cameron, Noah",,foul,R,L,BAL,KC,1,0,185,73.5,21,91.4,Cutter
SI,2026-07-11,"Cameron, Noah",,ball,R,L,BAL,KC,0,0,,,,92.2,Sinker
FF,2026-07-11,"Peralta, Freddy",,called_strike,L,R,NYM,BOS,1,1,,,,95.2,4-Seam Fastball
FF,2026-07-11,"Peralta, Freddy",,swinging_strike,L,R,NYM,BOS,1,0,,,,95.9,4-Seam Fastball
SI,2026-07-11,"Cameron, Noah",walk,ball,R,L,BAL,KC,3,1,,,,92.2,Sinker
FF,2026-07-11,"Peralta, Freddy",,ball,L,R,NYM,BOS,0,0,,,,96.4,4-Seam Fastball
FC,2026-07-11,"Cameron, Noah",,ball,R,L,BAL,KC,2,1,,,,91,Cutter
CH,2026-07-11,"Cameron, Noah",,called_strike,R,L,BAL,KC,2,0,,,,81.5,Changeup
CH,2026-07-11,"Peralta, Freddy",walk,ball,R,R,NYM,BOS,3,2,,,,88.8,Changeup
FF,2026-07-11,"Peralta, Freddy",,foul,R,R,NYM,BOS,3,2,,,,99.1,4-Seam Fastball
FC,2026-07-11,"Cameron, Noah",,ball,R,L,BAL,KC,1,0,,,,89.8,Cutter
CH,2026-07-11,"Cameron, Noah",,ball,R,L,BAL,KC,0,0,,,,81.1,Changeup
ST,2026-07-11,"Peralta, Freddy",,foul,R,R,NYM,BOS,3,2,,,,81,Sweeper
CH,2026-07-11,"Cameron, Noah",field_out,hit_into_play,R,L,BAL,KC,0,1,189,93.8,10,82.7,Changeup
ST,2026-07-11,"Peralta, Freddy",,ball,R,R,NYM,BOS,2,2,,,,82.2,Sweeper
FF,2026-07-11,"Peralta, Freddy",,ball,R,R,NYM,BOS,1,2,,,,94.7,4-Seam Fastball
FC,2026-07-11,"Cameron, Noah",,called_strike,R,L,BAL,KC,0,0,,,,87.8,Cutter
FF,2026-07-11,"Peralta, Freddy",,swinging_strike,R,R,NYM,BOS,1,1,,,,96.8,4-Seam Fastball
CU,2026-07-11,"Cameron, Noah",field_out,hit_into_play,L,L,BAL,KC,2,2,332,88.6,28,85.6,Curveball
FF,2026-07-11,"Peralta, Freddy",,foul,R,R,NYM,BOS,1,0,207,79.8,20,98,4-Seam Fastball
FF,2026-07-11,"Cameron, Noah",,ball,L,L,BAL,KC,1,2,,,,94.6,4-Seam Fastball
SL,2026-07-11,"Cameron, Noah",,foul,L,L,BAL,KC,1,2,10,73.2,-12,87.2,Slider
FF,2026-07-11,"Peralta, Freddy",,ball,R,R,NYM,BOS,0,0,,,,97.3,4-Seam Fastball
FF,2026-07-11,"Peralta, Freddy",strikeout,called_strike,L,R,NYM,BOS,3,2,,,,97.3,4-Seam Fastball
CH,2026-07-11,"Cameron, Noah",,foul,L,L,BAL,KC,1,2,148,87.5,11,77.2,Changeup
CU,2026-07-11,"Peralta, Freddy",,foul,L,R,NYM,BOS,3,1,128,72.1,73,79.4,Curveball
SL,2026-07-11,"Cameron, Noah",,ball,L,L,BAL,KC,0,2,,,,86.2,Slider
SL,2026-07-11,"Cameron, Noah",,swinging_strike,L,L,BAL,KC,0,1,,,,86.3,Slider
FF,2026-07-11,"Peralta, Freddy",,ball,L,R,NYM,BOS,2,1,,,,95,4-Seam Fastball
SL,2026-07-11,"Cameron, Noah",,called_strike,L,L,BAL,KC,0,0,,,,84.8,Slider
CU,2026-07-11,"Peralta, Freddy",,swinging_strike,L,R,NYM,BOS,2,0,,,,80.7,Curveball
CU,2026-07-11,"Peralta, Freddy",,blocked_ball,L,R,NYM,BOS,1,0,,,,79.5,Curveball
CU,2026-07-11,"Cameron, Noah",field_out,hit_into_play,R,L,BAL,KC,0,1,306,93,33,81.8,Curveball
FF,2026-07-11,"Peralta, Freddy",,ball,L,R,NYM,BOS,0,0,,,,94.5,4-Seam Fastball
FC,2026-07-11,"Cameron, Noah",,called_strike,R,L,BAL,KC,0,0,,,,88.8,Cutter
FC,2026-07-11,"Cameron, Noah",field_out,hit_into_play,L,L,BAL,KC,0,1,37,86.6,-1,89.6,Cutter
FC,2026-07-11,"Cameron, Noah",,called_strike,L,L,BAL,KC,0,0,,,,89.1,Cutter
FF,2026-07-11,"Peralta, Freddy",,foul_bunt,R,R,NYM,BOS,0,0,,,,93.6,4-Seam Fastball
FF,2026-07-11,"Peralta, Freddy",walk,ball,L,R,NYM,BOS,3,1,,,,93.3,4-Seam Fastball
FF,2026-07-11,"Cameron, Noah",field_out,hit_into_play,R,L,BAL,KC,1,0,348,112.8,18,94.7,4-Seam Fastball
CU,2026-07-11,"Cameron, Noah",,ball,R,L,BAL,KC,0,0,,,,81.7,Curveball
FF,2026-07-11,"Peralta, Freddy",,ball,L,R,NYM,BOS,2,1,,,,94,4-Seam Fastball
FF,2026-07-11,"Peralta, Freddy",,foul,L,R,NYM,BOS,2,0,,,,93.2,4-Seam Fastball
CH,2026-07-11,"Cameron, Noah",field_out,hit_into_play,R,L,BAL,KC,0,0,245,88.6,58,79.7,Changeup
SL,2026-07-11,"Cameron, Noah",single,hit_into_play,L,L,BAL,KC,1,1,334,103.7,22,83.2,Slider
CU,2026-07-11,"Peralta, Freddy",,ball,L,R,NYM,BOS,1,0,,,,77.9,Curveball
SI,2026-07-11,"Cameron, Noah",,swinging_strike,L,L,BAL,KC,1,0,,,,92.6,Sinker
FF,2026-07-11,"Peralta, Freddy",,ball,L,R,NYM,BOS,0,0,,,,92.8,4-Seam Fastball
CU,2026-07-11,"Peralta, Freddy",single,hit_into_play,R,R,NYM,BOS,0,1,62,98.7,2,77.6,Curveball
CU,2026-07-11,"Cameron, Noah",,blocked_ball,L,L,BAL,KC,0,0,,,,81.6,Curveball
FC,2026-07-11,"Cameron, Noah",double,hit_into_play,R,L,BAL,KC,3,1,189,100.8,9,90,Cutter
FF,2026-07-11,"Peralta, Freddy",,called_strike,R,R,NYM,BOS,0,0,,,,94.3,4-Seam Fastball
FC,2026-07-11,"Cameron, Noah",,called_strike,R,L,BAL,KC,3,0,,,,90.6,Cutter
FF,2026-07-11,"Peralta, Freddy",strikeout,foul_tip,L,R,NYM,BOS,3,2,,,,94.8,4-Seam Fastball
ST,2026-07-11,"Peralta, Freddy",,ball,L,R,NYM,BOS,2,2,,,,81,Sweeper
FC,2026-07-11,"Cameron, Noah",,ball,R,L,BAL,KC,2,0,,,,89.9,Cutter
CU,2026-07-11,"Cameron, Noah",,ball,R,L,BAL,KC,1,0,,,,80.8,Curveball
FF,2026-07-11,"Peralta, Freddy",,foul,L,R,NYM,BOS,2,2,172,75.5,63,94.6,4-Seam Fastball
CS,2026-07-11,"Peralta, Freddy",,foul,L,R,NYM,BOS,2,2,136,67.6,69,75.7,Slow Curve
SI,2026-07-11,"Cameron, Noah",,ball,R,L,BAL,KC,0,0,,,,91.4,Sinker
CU,2026-07-11,"Cameron, Noah",strikeout,swinging_strike,R,L,BAL,KC,1,2,,,,83.3,Curveball
CS,2026-07-11,"Peralta, Freddy",,ball,L,R,NYM,BOS,1,2,,,,73.7,Slow Curve
CH,2026-07-11,"Cameron, Noah",,called_strike,R,L,BAL,KC,1,1,,,,81.4,Changeup
FF,2026-07-11,"Peralta, Freddy",,ball,L,R,NYM,BOS,0,2,,,,93.4,4-Seam Fastball
CU,2026-07-11,"Cameron, Noah",,foul,R,L,BAL,KC,1,0,186,67.5,47,82.1,Curveball
CU,2026-07-11,"Peralta, Freddy",,swinging_strike,L,R,NYM,BOS,0,1,,,,76.7,Curveball
FF,2026-07-11,"Peralta, Freddy",,called_strike,L,R,NYM,BOS,0,0,,,,92.8,4-Seam Fastball
CU,2026-07-11,"Cameron, Noah",,ball,R,L,BAL,KC,0,0,,,,80.8,Curveball
FF,2026-07-11,"Peralta, Freddy",strikeout,swinging_strike,R,R,NYM,BOS,1,2,,,,94.3,4-Seam Fastball
CH,2026-07-11,"Cameron, Noah",field_out,hit_into_play,R,L,BAL,KC,2,1,241,79.2,48,83.6,Changeup
FF,2026-07-11,"Peralta, Freddy",,swinging_strike,R,R,NYM,BOS,1,1,,,,94,4-Seam Fastball
FC,2026-07-11,"Cameron, Noah",,called_strike,R,L,BAL,KC,2,0,,,,90.6,Cutter
FF,2026-07-11,"Peralta, Freddy",,called_strike,R,R,NYM,BOS,1,0,,,,93.6,4-Seam Fastball
FF,2026-07-11,"Cameron, Noah",,ball,R,L,BAL,KC,1,0,,,,94.1,4-Seam Fastball
FF,2026-07-11,"Cameron, Noah",,ball,R,L,BAL,KC,0,0,,,,93.8,4-Seam Fastball
FF,2026-07-11,"Peralta, Freddy",,ball,R,R,NYM,BOS,0,0,,,,94.1,4-Seam Fastball
SL,2026-07-11,"Cameron, Noah",strikeout,swinging_strike,L,L,BAL,KC,1,2,,,,85.9,Slider
CU,2026-07-11,"Peralta, Freddy",strikeout,called_strike,L,R,NYM,BOS,1,2,,,,78.1,Curveball
SL,2026-07-11,"Cameron, Noah",,ball,L,L,BAL,KC,0,2,,,,86.6,Slider
CU,2026-07-11,"Peralta, Freddy",,ball,L,R,NYM,BOS,0,2,,,,78.7,Curveball
FF,2026-07-11,"Peralta, Freddy",,foul,L,R,NYM,BOS,0,1,169,84.4,69,93.2,4-Seam Fastball
FF,2026-07-11,"Cameron, Noah",,foul,L,L,BAL,KC,0,1,,,,93,4-Seam Fastball
FF,2026-07-11,"Peralta, Freddy",,swinging_strike,L,R,NYM,BOS,0,0,,,,94.1,4-Seam Fastball
FF,2026-07-11,"Cameron, Noah",,called_strike,L,L,BAL,KC,0,0,,,,92.2,4-Seam Fastball
SI,2026-07-10,"Gray, Sonny",field_out,hit_into_play,L,R,NYM,BOS,3,1,1,49.6,-56,92.6,Sinker
FF,2026-07-10,"Gray, Sonny",,called_strike,L,R,NYM,BOS,3,0,,,,91.8,4-Seam Fastball
SI,2026-07-10,"Gray, Sonny",,ball,L,R,NYM,BOS,2,0,,,,92.5,Sinker
FC,2026-07-10,"Gray, Sonny",,ball,L,R,NYM,BOS,1,0,,,,89.4,Cutter
SI,2026-07-10,"Gray, Sonny",,ball,L,R,NYM,BOS,0,0,,,,91.9,Sinker
SI,2026-07-10,"Gray, Sonny",grounded_into_double_play,hit_into_play,L,R,NYM,BOS,2,0,57,103.7,2,91.9,Sinker
FF,2026-07-10,"Gray, Sonny",,ball,L,R,NYM,BOS,1,0,,,,90.8,4-Seam Fastball
CU,2026-07-10,"Gray, Sonny",,ball,L,R,NYM,BOS,0,0,,,,77.9,Curveball
CH,2026-07-10,"Gray, Sonny",single,hit_into_play,L,R,NYM,BOS,1,1,262,105.9,16,86.6,Changeup
SI,2026-07-10,"Gray, Sonny",,called_strike,L,R,NYM,BOS,1,0,,,,90.9,Sinker
FF,2026-07-10,"Gray, Sonny",,ball,L,R,NYM,BOS,0,0,,,,91.3,4-Seam Fastball
SI,2026-07-10,"Gray, Sonny",field_out,hit_into_play,L,R,NYM,BOS,2,1,26,77.4,-1,93,Sinker
FC,2026-07-10,"Gray, Sonny",,called_strike,L,R,NYM,BOS,2,0,,,,90.6,Cutter
SI,2026-07-10,"Gray, Sonny",,ball,L,R,NYM,BOS,1,0,,,,91,Sinker
FF,2026-07-10,"Gray, Sonny",,ball,L,R,NYM,BOS,0,0,,,,92.1,4-Seam Fastball
SI,2026-07-10,"Gray, Sonny",single,hit_into_play,L,R,NYM,BOS,1,2,49,103.7,0,92,Sinker
CU,2026-07-10,"Gray, Sonny",,ball,L,R,NYM,BOS,0,2,,,,79.5,Curveball
CU,2026-07-10,"Gray, Sonny",,called_strike,L,R,NYM,BOS,0,1,,,,76.5,Curveball
CU,2026-07-10,"Gray, Sonny",,called_strike,L,R,NYM,BOS,0,0,,,,78.8,Curveball
SI,2026-07-10,"Gray, Sonny",strikeout,called_strike,R,R,NYM,BOS,2,2,,,,92.3,Sinker
FC,2026-07-10,"Gray, Sonny",,swinging_strike,R,R,NYM,BOS,2,1,,,,87.6,Cutter
ST,2026-07-10,"Gray, Sonny",,ball,R,R,NYM,BOS,1,1,,,,85.5,Sweeper
FC,2026-07-10,"Gray, Sonny",,foul,R,R,NYM,BOS,1,0,,,,89.2,Cutter
FC,2026-07-10,"Gray, Sonny",,ball,R,R,NYM,BOS,0,0,,,,88.1,Cutter
FF,2026-07-10,"Gray, Sonny",field_out,hit_into_play,L,R,NYM,BOS,3,1,337,110.8,15,91.6,4-Seam Fastball
FF,2026-07-10,"Gray, Sonny",,called_strike,L,R,NYM,BOS,3,0,,,,90.6,4-Seam Fastball
CH,2026-07-10,"Gray, Sonny",,ball,L,R,NYM,BOS,2,0,,,,86.1,Changeup
FC,2026-07-10,"Gray, Sonny",,ball,L,R,NYM,BOS,1,0,,,,89.4,Cutter
CH,2026-07-10,"Gray, Sonny",,ball,L,R,NYM,BOS,0,0,,,,85.4,Changeup
SI,2026-07-10,"Gray, Sonny",field_out,hit_into_play,R,R,NYM,BOS,1,1,8,93.5,-15,91.4,Sinker
SI,2026-07-10,"Gray, Sonny",,called_strike,R,R,NYM,BOS,1,0,,,,92.2,Sinker
ST,2026-07-10,"Gray, Sonny",,blocked_ball,R,R,NYM,BOS,0,0,,,,85.5,Sweeper
SI,2026-07-10,"Gray, Sonny",strikeout,called_strike,L,R,NYM,BOS,2,2,,,,91.9,Sinker
ST,2026-07-10,"Gray, Sonny",,blocked_ball,L,R,NYM,BOS,1,2,,,,85.6,Sweeper
CH,2026-07-10,"Gray, Sonny",,called_strike,L,R,NYM,BOS,1,1,,,,87.7,Changeup
CU,2026-07-10,"Gray, Sonny",,ball,L,R,NYM,BOS,0,1,,,,80.5,Curveball
FC,2026-07-10,"Gray, Sonny",,foul,L,R,NYM,BOS,0,0,186,73.7,59,89.6,Cutter
SI,2026-07-10,"Gray, Sonny",field_out,hit_into_play,L,R,NYM,BOS,2,1,237,91.7,54,91,Sinker
CU,2026-07-10,"Gray, Sonny",,ball,L,R,NYM,BOS,1,1,,,,78.8,Curveball
FC,2026-07-10,"Gray, Sonny",,called_strike,L,R,NYM,BOS,1,0,,,,89.6,Cutter
SI,2026-07-10,"Gray, Sonny",,ball,L,R,NYM,BOS,0,0,,,,89.6,Sinker
FF,2026-07-10,"Gray, Sonny",single,hit_into_play,L,R,NYM,BOS,2,1,22,80.7,-4,90.9,4-Seam Fastball
CU,2026-07-10,"Gray, Sonny",,ball,L,R,NYM,BOS,1,1,,,,80.2,Curveball
CU,2026-07-10,"Gray, Sonny",,called_strike,L,R,NYM,BOS,1,0,,,,78.5,Curveball
CU,2026-07-10,"Gray, Sonny",,ball,L,R,NYM,BOS,0,0,,,,80.2,Curveball
CU,2026-07-10,"Gray, Sonny",field_out,hit_into_play,L,R,NYM,BOS,1,1,291,86.1,39,81,Curveball
SI,2026-07-10,"Gray, Sonny",,ball,L,R,NYM,BOS,0,1,,,,92.8,Sinker
CU,2026-07-10,"Gray, Sonny",,foul,L,R,NYM,BOS,0,0,,,,80.2,Curveball
CU,2026-07-10,"Gray, Sonny",sac_fly,hit_into_play,L,R,NYM,BOS,0,1,276,88.6,44,79.7,Curveball
FC,2026-07-10,"Gray, Sonny",,called_strike,L,R,NYM,BOS,0,0,,,,89.2,Cutter
SI,2026-07-10,"Gray, Sonny",force_out,hit_into_play,L,R,NYM,BOS,2,1,36,100.1,-2,91.7,Sinker
CH,2026-07-10,"Gray, Sonny",,ball,L,R,NYM,BOS,1,1,,,,87.7,Changeup
SI,2026-07-10,"Gray, Sonny",,ball,L,R,NYM,BOS,0,1,,,,92,Sinker
FC,2026-07-10,"Gray, Sonny",,foul_bunt,L,R,NYM,BOS,0,0,,,,90.4,Cutter
SI,2026-07-10,"Gray, Sonny",walk,blocked_ball,R,R,NYM,BOS,3,2,,,,92.4,Sinker
SI,2026-07-10,"Gray, Sonny",,ball,R,R,NYM,BOS,2,2,,,,92,Sinker
ST,2026-07-10,"Gray, Sonny",,ball,R,R,NYM,BOS,1,2,,,,85.4,Sweeper
ST,2026-07-10,"Gray, Sonny",,foul,R,R,NYM,BOS,1,2,,,,84.4,Sweeper
SI,2026-07-10,"Gray, Sonny",,foul,R,R,NYM,BOS,1,1,189,70.8,23,91.5,Sinker
SI,2026-07-10,"Gray, Sonny",,foul_tip,R,R,NYM,BOS,1,0,,,,91.2,Sinker
FC,2026-07-10,"Gray, Sonny",,ball,R,R,NYM,BOS,0,0,,,,88.1,Cutter
SI,2026-07-10,"Gray, Sonny",single,hit_into_play,L,R,NYM,BOS,1,1,219,82.7,19,89.4,Sinker
CU,2026-07-10,"Gray, Sonny",,ball,L,R,NYM,BOS,0,1,,,,78.7,Curveball
CU,2026-07-10,"Gray, Sonny",,called_strike,L,R,NYM,BOS,0,0,,,,78.5,Curveball
SI,2026-07-10,"Gray, Sonny",field_out,hit_into_play,R,R,NYM,BOS,3,2,2,74.2,-33,92.5,Sinker
FC,2026-07-10,"Gray, Sonny",,foul,R,R,NYM,BOS,3,1,250,75.9,38,90.3,Cutter
ST,2026-07-10,"Gray, Sonny",,blocked_ball,R,R,NYM,BOS,2,1,,,,85.3,Sweeper
SI,2026-07-10,"Gray, Sonny",,ball,R,R,NYM,BOS,1,1,,,,91.2,Sinker
SI,2026-07-10,"Gray, Sonny",,called_strike,R,R,NYM,BOS,1,0,,,,92.3,Sinker
ST,2026-07-10,"Gray, Sonny",,blocked_ball,R,R,NYM,BOS,0,0,,,,84.3,Sweeper
FF,2026-07-10,"Gray, Sonny",double,hit_into_play,L,R,NYM,BOS,0,0,366,99.7,24,92.4,4-Seam Fastball
SI,2026-07-10,"Gray, Sonny",field_out,hit_into_play,L,R,NYM,BOS,1,2,261,86.5,51,92.6,Sinker
ST,2026-07-10,"Gray, Sonny",,foul,L,R,NYM,BOS,1,1,3,73,-38,85.3,Sweeper
CU,2026-07-10,"Gray, Sonny",,called_strike,L,R,NYM,BOS,1,0,,,,79,Curveball
FC,2026-07-10,"Gray, Sonny",,ball,L,R,NYM,BOS,0,0,,,,88.7,Cutter
SI,2026-07-10,"Gray, Sonny",field_out,hit_into_play,L,R,NYM,BOS,1,1,1,56.7,-56,90.6,Sinker
ST,2026-07-10,"Gray, Sonny",,ball,L,R,NYM,BOS,0,1,,,,86,Sweeper
SI,2026-07-10,"Gray, Sonny",,called_strike,L,R,NYM,BOS,0,0,,,,91,Sinker
FC,2026-07-10,"Gray, Sonny",field_out,hit_into_play,L,R,NYM,BOS,1,0,221,99,60,89.5,Cutter
FF,2026-07-10,"Lopez, Jacob",field_out,hit_into_play,R,L,CWS,ATH,1,0,197,93.7,62,93.4,4-Seam Fastball
CU,2026-07-10,"Gray, Sonny",,ball,L,R,NYM,BOS,0,0,,,,80,Curveball
SL,2026-07-10,"Lopez, Jacob",,ball,R,L,CWS,ATH,0,0,,,,79,Slider
SI,2026-07-10,"Gray, Sonny",strikeout,called_strike,L,R,NYM,BOS,2,2,,,,92.7,Sinker
CH,2026-07-10,"Gray, Sonny",,foul,L,R,NYM,BOS,2,2,81,70.2,34,88,Changeup
SL,2026-07-10,"Lopez, Jacob",field_out,hit_into_play,L,L,CWS,ATH,0,1,263,96.4,54,77.7,Slider
FF,2026-07-10,"Lopez, Jacob",,foul,L,L,CWS,ATH,0,0,3,85.7,-32,91.5,4-Seam Fastball
ST,2026-07-10,"Gray, Sonny",,ball,L,R,NYM,BOS,1,2,,,,86.7,Sweeper
ST,2026-07-10,"Gray, Sonny",,foul,L,R,NYM,BOS,1,2,5,97.4,-17,84.7,Sweeper
FF,2026-07-10,"Lopez, Jacob",field_out,hit_into_play,R,L,CWS,ATH,0,0,261,87,46,93.5,4-Seam Fastball
CH,2026-07-10,"Gray, Sonny",,foul,L,R,NYM,BOS,1,1,3,75.4,-32,87.8,Changeup
FF,2026-07-10,"Lopez, Jacob",strikeout,swinging_strike,L,L,CWS,ATH,1,2,,,,94.9,4-Seam Fastball
SL,2026-07-10,"Lopez, Jacob",,ball,L,L,CWS,ATH,0,2,,,,75.9,Slider
SI,2026-07-10,"Gray, Sonny",,ball,L,R,NYM,BOS,0,1,,,,91.5,Sinker
FC,2026-07-10,"Gray, Sonny",,called_strike,L,R,NYM,BOS,0,0,,,,89.5,Cutter
FF,2026-07-10,"Lopez, Jacob",,swinging_strike,L,L,CWS,ATH,0,1,,,,94.1,4-Seam Fastball
SL,2026-07-10,"Lopez, Jacob",,swinging_strike,L,L,CWS,ATH,0,0,,,,79.8,Slider
ST,2026-07-10,"Gray, Sonny",field_out,hit_into_play,L,R,NYM,BOS,1,2,284,87.6,40,85.2,Sweeper
CU,2026-07-10,"Gray, Sonny",,called_strike,L,R,NYM,BOS,1,1,,,,79.9,Curveball
SL,2026-07-10,"Lopez, Jacob",field_out,hit_into_play,L,L,CWS,ATH,0,2,4,64,-27,78.4,Slider
SI,2026-07-10,"Gray, Sonny",,ball,L,R,NYM,BOS,0,1,,,,91.4,Sinker
SL,2026-07-10,"Lopez, Jacob",,called_strike,L,L,CWS,ATH,0,1,,,,77.7,Slider
FF,2026-07-10,"Gray, Sonny",,called_strike,L,R,NYM,BOS,0,0,,,,91.8,4-Seam Fastball
FF,2026-07-10,"Lopez, Jacob",,called_strike,L,L,CWS,ATH,0,0,,,,91.3,4-Seam Fastball
FC,2026-07-09,"Rogers, Trevor",field_out,hit_into_play,L,L,BAL,CHC,0,0,115,96.7,7,85.4,Cutter
ST,2026-07-09,"Rogers, Trevor",field_out,hit_into_play,R,L,BAL,CHC,1,1,2,67.3,-55,77.6,Sweeper
FF,2026-07-09,"Rogers, Trevor",,ball,R,L,BAL,CHC,0,1,,,,94.6,4-Seam Fastball
FF,2026-07-09,"Rogers, Trevor",,foul,R,L,BAL,CHC,0,0,219,74.9,26,93.8,4-Seam Fastball
CH,2026-07-09,"Rogers, Trevor",home_run,hit_into_play,R,L,BAL,CHC,1,0,432,110.9,25,86.3,Changeup
ST,2026-07-09,"Rogers, Trevor",,ball,R,L,BAL,CHC,0,0,,,,78,Sweeper
FF,2026-07-09,"Rogers, Trevor",field_out,hit_into_play,R,L,BAL,CHC,3,2,8,100.8,-13,96.4,4-Seam Fastball
CH,2026-07-09,"Rogers, Trevor",,ball,R,L,BAL,CHC,2,2,,,,87.2,Changeup
CU,2026-07-09,"Detmers, Reid",strikeout,swinging_strike,R,L,TEX,LAA,2,2,,,,70.3,Curveball
SL,2026-07-09,"Detmers, Reid",,foul,R,L,TEX,LAA,2,2,30,93.4,-2,86.3,Slider
ST,2026-07-09,"Rogers, Trevor",,ball,R,L,BAL,CHC,1,2,,,,76,Sweeper
FF,2026-07-09,"Rogers, Trevor",,foul,R,L,BAL,CHC,1,2,223,76.5,52,93.5,4-Seam Fastball
CH,2026-07-09,"Detmers, Reid",,ball,R,L,TEX,LAA,1,2,,,,83.8,Changeup
ST,2026-07-09,"Rogers, Trevor",,called_strike,R,L,BAL,CHC,1,1,,,,76.6,Sweeper
FF,2026-07-09,"Detmers, Reid",,called_strike,R,L,TEX,LAA,1,1,,,,92.3,4-Seam Fastball
FF,2026-07-09,"Rogers, Trevor",,foul,R,L,BAL,CHC,1,0,150,61.6,57,94,4-Seam Fastball
FF,2026-07-09,"Detmers, Reid",,foul,R,L,TEX,LAA,1,0,,,,91.1,4-Seam Fastball
CH,2026-07-09,"Rogers, Trevor",,ball,R,L,BAL,CHC,0,0,,,,85.2,Changeup
CU,2026-07-09,"Detmers, Reid",,ball,R,L,TEX,LAA,0,0,,,,70.6,Curveball
FF,2026-07-09,"Detmers, Reid",home_run,hit_into_play,R,L,TEX,LAA,0,0,429,104,25,94.4,4-Seam Fastball
CH,2026-07-09,"Henderson, Logan",walk,ball,L,R,STL,MIL,3,1,,,,77.5,Changeup
FC,2026-07-09,"Rogers, Trevor",field_out,hit_into_play,L,L,BAL,CHC,0,1,91,91.8,75,85,Cutter
FF,2026-07-09,"Henderson, Logan",,ball,L,R,STL,MIL,2,1,,,,91.4,4-Seam Fastball
SL,2026-07-09,"Detmers, Reid",strikeout,swinging_strike_blocked,L,L,TEX,LAA,0,2,,,,85.2,Slider
SI,2026-07-09,"Rogers, Trevor",,foul,L,L,BAL,CHC,0,0,93,89.8,6,94.8,Sinker
CH,2026-07-09,"Henderson, Logan",,ball,L,R,STL,MIL,1,1,,,,78.3,Changeup
FF,2026-07-09,"Detmers, Reid",,foul,L,L,TEX,LAA,0,2,98,73.3,21,94,4-Seam Fastball
FF,2026-07-09,"Rogers, Trevor",field_out,hit_into_play,R,L,BAL,CHC,1,1,294,95.3,16,94.9,4-Seam Fastball
CU,2026-07-09,"Detmers, Reid",,called_strike,L,L,TEX,LAA,0,1,,,,72.5,Curveball
CH,2026-07-09,"Henderson, Logan",,ball,L,R,STL,MIL,0,1,,,,79.3,Changeup
FF,2026-07-09,"Rogers, Trevor",,foul,R,L,BAL,CHC,1,0,223,69.9,36,95.7,4-Seam Fastball
FF,2026-07-09,"Detmers, Reid",,called_strike,L,L,TEX,LAA,0,0,,,,92.6,4-Seam Fastball
CH,2026-07-09,"Rogers, Trevor",,ball,R,L,BAL,CHC,0,0,,,,87.3,Changeup
FC,2026-07-09,"Henderson, Logan",,foul,L,R,STL,MIL,0,0,187,73.5,61,83.5,Cutter
SL,2026-07-09,"Detmers, Reid",strikeout,swinging_strike,R,L,TEX,LAA,0,2,,,,85.7,Slider
FF,2026-07-09,"Henderson, Logan",strikeout,swinging_strike,R,R,STL,MIL,1,2,,,,91.3,4-Seam Fastball
FF,2026-07-09,"Rogers, Trevor",single,hit_into_play,R,L,BAL,CHC,0,1,271,101.6,17,95.1,4-Seam Fastball
CH,2026-07-09,"Henderson, Logan",,called_strike,R,R,STL,MIL,1,1,,,,78.6,Changeup
CU,2026-07-09,"Detmers, Reid",,bunt_foul_tip,R,L,TEX,LAA,0,1,,,,69.4,Curveball
FF,2026-07-09,"Rogers, Trevor",,foul,R,L,BAL,CHC,0,0,224,87,60,94.6,4-Seam Fastball
SI,2026-07-09,"Elder, Bryce",field_out,hit_into_play,L,R,PIT,ATL,3,1,301,96.5,21,91.3,Sinker
FF,2026-07-09,"Henderson, Logan",,foul,R,R,STL,MIL,1,0,77,88.2,80,90.3,4-Seam Fastball
FF,2026-07-09,"Detmers, Reid",,foul,R,L,TEX,LAA,0,0,231,73.7,33,91,4-Seam Fastball
CH,2026-07-09,"Rogers, Trevor",strikeout,swinging_strike,R,L,BAL,CHC,3,2,,,,85.7,Changeup
FF,2026-07-09,"Rogers, Trevor",,ball,R,L,BAL,CHC,2,2,,,,93.5,4-Seam Fastball
FF,2026-07-09,"Detmers, Reid",strikeout,swinging_strike,R,L,TEX,LAA,2,2,,,,93.2,4-Seam Fastball
CH,2026-07-09,"Elder, Bryce",,ball,L,R,PIT,ATL,2,1,,,,86.1,Changeup
FC,2026-07-09,"Henderson, Logan",,ball,R,R,STL,MIL,0,0,,,,84.5,Cutter
FF,2026-07-09,"Rogers, Trevor",,foul,R,L,BAL,CHC,2,1,197,74.7,59,95.6,4-Seam Fastball
SL,2026-07-09,"Detmers, Reid",,foul,R,L,TEX,LAA,2,2,,,,86.7,Slider
CH,2026-07-09,"Henderson, Logan",hit_by_pitch,hit_by_pitch,L,R,STL,MIL,3,2,,,,79.2,Changeup
SI,2026-07-09,"Elder, Bryce",,ball,L,R,PIT,ATL,1,1,,,,91.2,Sinker
CH,2026-07-09,"Henderson, Logan",,ball,L,R,STL,MIL,2,2,,,,79.7,Changeup
ST,2026-07-09,"Rogers, Trevor",,ball,R,L,BAL,CHC,1,1,,,,77.3,Sweeper
FF,2026-07-09,"Detmers, Reid",,ball,R,L,TEX,LAA,1,2,,,,93,4-Seam Fastball
CH,2026-07-09,"Elder, Bryce",,ball,L,R,PIT,ATL,0,1,,,,85.8,Changeup
ST,2026-07-09,"Henderson, Logan",,ball,L,R,STL,MIL,1,2,,,,77.8,Sweeper
CH,2026-07-09,"Detmers, Reid",,ball,R,L,TEX,LAA,0,2,,,,82.4,Changeup
CH,2026-07-09,"Rogers, Trevor",,swinging_strike,R,L,BAL,CHC,1,0,,,,87.2,Changeup
SI,2026-07-09,"Elder, Bryce",,foul,L,R,PIT,ATL,0,0,206,75.2,54,91.9,Sinker
FF,2026-07-09,"Henderson, Logan",,foul,L,R,STL,MIL,1,1,196,78,62,91.1,4-Seam Fastball
CH,2026-07-09,"Detmers, Reid",,swinging_strike,R,L,TEX,LAA,0,1,,,,83.4,Changeup
FC,2026-07-09,"Elder, Bryce",home_run,hit_into_play,L,R,PIT,ATL,0,0,405,104.6,34,89,Cutter
FF,2026-07-09,"Rogers, Trevor",,ball,R,L,BAL,CHC,0,0,,,,93.2,4-Seam Fastball
FC,2026-07-09,"Elder, Bryce",catcher_interf,foul,R,R,PIT,ATL,0,1,,,,88,Cutter
CH,2026-07-09,"Henderson, Logan",,ball,L,R,STL,MIL,0,1,,,,79.2,Changeup
FF,2026-07-09,"Detmers, Reid",,called_strike,R,L,TEX,LAA,0,0,,,,93.5,4-Seam Fastball
CH,2026-07-09,"Rogers, Trevor",double,hit_into_play,R,L,BAL,CHC,1,0,81,101.2,3,86.8,Changeup
FF,2026-07-09,"Detmers, Reid",home_run,hit_into_play,R,L,TEX,LAA,2,1,419,104,31,93.3,4-Seam Fastball
FF,2026-07-09,"Rogers, Trevor",,ball,R,L,BAL,CHC,0,0,,,,95.5,4-Seam Fastball
FC,2026-07-09,"Elder, Bryce",,called_strike,R,R,PIT,ATL,0,0,,,,91.6,Cutter
FC,2026-07-09,"Henderson, Logan",,swinging_strike,L,R,STL,MIL,0,0,,,,85.5,Cutter
FF,2026-07-09,"Rogers, Trevor",single,hit_into_play,L,L,BAL,CHC,2,1,214,89.1,14,94.8,4-Seam Fastball
SL,2026-07-09,"Elder, Bryce",field_out,hit_into_play,R,R,PIT,ATL,0,1,8,78.9,-13,84.9,Slider
CU,2026-07-09,"Detmers, Reid",,ball,R,L,TEX,LAA,1,1,,,,71.2,Curveball
FC,2026-07-09,"Henderson, Logan",field_out,hit_into_play,L,R,STL,MIL,0,0,2,62.6,-54,86.1,Cutter
SI,2026-07-09,"Elder, Bryce",,called_strike,R,R,PIT,ATL,0,0,,,,90.6,Sinker
FF,2026-07-09,"Rogers, Trevor",,ball,L,L,BAL,CHC,1,1,,,,94.4,4-Seam Fastball
FF,2026-07-09,"Detmers, Reid",,ball,R,L,TEX,LAA,0,1,,,,93.4,4-Seam Fastball
CH,2026-07-09,"Henderson, Logan",field_out,hit_into_play,R,R,STL,MIL,2,1,303,83.3,34,78.5,Changeup
FC,2026-07-09,"Elder, Bryce",field_out,hit_into_play,L,R,PIT,ATL,0,1,263,76.3,29,88.5,Cutter
SI,2026-07-09,"Rogers, Trevor",,ball,L,L,BAL,CHC,0,1,,,,94.3,Sinker
FF,2026-07-09,"Henderson, Logan",,ball,R,R,STL,MIL,1,1,,,,91.3,4-Seam Fastball
CU,2026-07-09,"Detmers, Reid",,called_strike,R,L,TEX,LAA,0,0,,,,70.6,Curveball
FF,2026-07-09,"Detmers, Reid",field_out,hit_into_play,R,L,TEX,LAA,1,1,318,112.6,14,93.8,4-Seam Fastball
FF,2026-07-09,"Rogers, Trevor",,foul,L,L,BAL,CHC,0,0,156,87.2,67,93.5,4-Seam Fastball
CH,2026-07-09,"Henderson, Logan",,called_strike,R,R,STL,MIL,1,0,,,,78.9,Changeup
FC,2026-07-09,"Elder, Bryce",,called_strike,L,R,PIT,ATL,0,0,,,,88.7,Cutter
FF,2026-07-09,"Detmers, Reid",,ball,R,L,TEX,LAA,0,1,,,,93.9,4-Seam Fastball
FC,2026-07-09,"Henderson, Logan",,ball,R,R,STL,MIL,0,0,,,,86.4,Cutter
SI,2026-07-09,"Elder, Bryce",field_out,hit_into_play,R,R,PIT,ATL,0,1,297,88.7,29,91.2,Sinker
CH,2026-07-09,"Rogers, Trevor",field_out,hit_into_play,R,L,BAL,CHC,1,1,31,60.9,1,84.7,Changeup
FF,2026-07-09,"Detmers, Reid",,swinging_strike,R,L,TEX,LAA,0,0,,,,93.7,4-Seam Fastball
FF,2026-07-09,"Henderson, Logan",field_out,hit_into_play,L,R,STL,MIL,2,2,12,92.6,-10,91.4,4-Seam Fastball
SI,2026-07-09,"Elder, Bryce",,foul,R,R,PIT,ATL,0,0,236,78.1,33,90.9,Sinker
CH,2026-07-09,"Rogers, Trevor",,swinging_strike,R,L,BAL,CHC,1,0,,,,85.1,Changeup
CH,2026-07-09,"Rogers, Trevor",,ball,R,L,BAL,CHC,0,0,,,,84.7,Changeup
FC,2026-07-09,"Henderson, Logan",,ball,L,R,STL,MIL,1,2,,,,85.2,Cutter
FF,2026-07-09,"Detmers, Reid",strikeout,swinging_strike,R,L,TEX,LAA,3,2,,,,93.3,4-Seam Fastball
FC,2026-07-09,"Elder, Bryce",field_out,hit_into_play,L,R,PIT,ATL,0,0,49,98.4,1,89.8,Cutter
CH,2026-07-09,"Rogers, Trevor",field_out,hit_into_play,R,L,BAL,CHC,1,1,22,72.9,-4,86.3,Changeup
FC,2026-07-09,"Henderson, Logan",,foul,L,R,STL,MIL,1,2,3,70,-38,87.6,Cutter
SL,2026-07-09,"Detmers, Reid",,ball,R,L,TEX,LAA,2,2,,,,83.8,Slider
SL,2026-07-09,"Elder, Bryce",home_run,hit_into_play,R,R,PIT,ATL,1,0,394,104.3,35,84.4,Slider
SI,2026-07-09,"Elder, Bryce",,ball,R,R,PIT,ATL,0,0,,,,91.8,Sinker
CH,2026-07-09,"Henderson, Logan",,ball,L,R,STL,MIL,0,2,,,,79.6,Changeup
FF,2026-07-09,"Detmers, Reid",,ball,R,L,TEX,LAA,1,2,,,,93,4-Seam Fastball
FF,2026-07-09,"Rogers, Trevor",,ball,R,L,BAL,CHC,0,1,,,,93.9,4-Seam Fastball
FF,2026-07-09,"Henderson, Logan",,foul,L,R,STL,MIL,0,1,177,69,61,91,4-Seam Fastball
FF,2026-07-09,"Detmers, Reid",,called_strike,R,L,TEX,LAA,1,1,,,,94.2,4-Seam Fastball
SL,2026-07-09,"Elder, Bryce",home_run,hit_into_play,L,R,PIT,ATL,3,2,390,102.2,30,83.2,Slider
FF,2026-07-09,"Rogers, Trevor",,foul_tip,R,L,BAL,CHC,0,0,,,,94.1,4-Seam Fastball
FF,2026-07-09,"Rogers, Trevor",grounded_into_double_play,hit_into_play,R,L,BAL,CHC,0,2,4,87.2,-34,94.7,4-Seam Fastball
CH,2026-07-09,"Henderson, Logan",,called_strike,L,R,STL,MIL,0,0,,,,79.9,Changeup
FC,2026-07-09,"Elder, Bryce",,ball,L,R,PIT,ATL,2,2,,,,89.9,Cutter
CU,2026-07-09,"Detmers, Reid",,foul,R,L,TEX,LAA,1,0,284,97.6,21,70.2,Curveball
SL,2026-07-09,"Elder, Bryce",,foul,L,R,PIT,ATL,2,2,,,,84.5,Slider
FF,2026-07-09,"Rogers, Trevor",,foul,R,L,BAL,CHC,0,1,331,92.4,35,94.5,4-Seam Fastball
FC,2026-07-09,"Henderson, Logan",field_out,hit_into_play,R,R,STL,MIL,2,2,135,76,65,85.2,Cutter
CU,2026-07-09,"Detmers, Reid",,ball,R,L,TEX,LAA,0,0,,,,70.1,Curveball
FC,2026-07-09,"Elder, Bryce",,foul,L,R,PIT,ATL,2,2,236,81.1,49,90.2,Cutter
FF,2026-07-09,"Detmers, Reid",single,hit_into_play,L,L,TEX,LAA,3,2,109,104.2,6,94.5,4-Seam Fastball
CH,2026-07-09,"Henderson, Logan",,foul,R,R,STL,MIL,2,2,270,89.7,20,78.7,Changeup
FC,2026-07-09,"Rogers, Trevor",,called_strike,R,L,BAL,CHC,0,0,,,,82.2,Cutter
FF,2026-07-09,"Detmers, Reid",,foul,L,L,TEX,LAA,3,1,77,81,87,94.1,4-Seam Fastball
SI,2026-07-09,"Elder, Bryce",,ball,L,R,PIT,ATL,1,2,,,,89.9,Sinker
FC,2026-07-09,"Henderson, Logan",,ball,R,R,STL,MIL,1,2,,,,83.7,Cutter
FF,2026-07-09,"Rogers, Trevor",walk,ball,L,L,BAL,CHC,3,2,,,,96.2,4-Seam Fastball
FF,2026-07-09,"Henderson, Logan",,ball,R,R,STL,MIL,0,2,,,,93.2,4-Seam Fastball
FC,2026-07-09,"Elder, Bryce",,foul,L,R,PIT,ATL,1,1,141,70.8,70,89.9,Cutter
SI,2026-07-09,"Rogers, Trevor",,ball,L,L,BAL,CHC,2,2,,,,95,Sinker
FF,2026-07-09,"Detmers, Reid",,ball,L,L,TEX,LAA,2,1,,,,94,4-Seam Fastball
CH,2026-07-09,"Elder, Bryce",,ball,L,R,PIT,ATL,0,1,,,,84.8,Changeup
FF,2026-07-09,"Henderson, Logan",,foul,R,R,STL,MIL,0,1,224,73,45,92.1,4-Seam Fastball
SL,2026-07-09,"Detmers, Reid",,ball,L,L,TEX,LAA,1,1,,,,88.2,Slider
CH,2026-07-09,"Rogers, Trevor",,ball,L,L,BAL,CHC,1,2,,,,87.3,Changeup
CH,2026-07-09,"Rogers, Trevor",,foul,L,L,BAL,CHC,1,2,11,72,-11,86.6,Changeup
FC,2026-07-09,"Elder, Bryce",,foul,L,R,PIT,ATL,0,0,33,100,-2,90,Cutter
CU,2026-07-09,"Detmers, Reid",,ball,L,L,TEX,LAA,0,1,,,,72.7,Curveball
FC,2026-07-09,"Henderson, Logan",,called_strike,R,R,STL,MIL,0,0,,,,84.6,Cutter
FC,2026-07-09,"Elder, Bryce",strikeout,swinging_strike,L,R,PIT,ATL,0,2,,,,89.1,Cutter
ST,2026-07-09,"Rogers, Trevor",,ball,L,L,BAL,CHC,0,2,,,,81.8,Sweeper
FF,2026-07-09,"Henderson, Logan",single,hit_into_play,L,R,STL,MIL,0,0,221,103.7,9,91.7,4-Seam Fastball
FF,2026-07-09,"Detmers, Reid",,called_strike,L,L,TEX,LAA,0,0,,,,93.2,4-Seam Fastball
FF,2026-07-09,"Rogers, Trevor",,foul,L,L,BAL,CHC,0,1,227,70.3,42,96.2,4-Seam Fastball
FC,2026-07-09,"Elder, Bryce",,swinging_strike,L,R,PIT,ATL,0,1,,,,89.1,Cutter
FF,2026-07-09,"Henderson, Logan",field_out,hit_into_play,R,R,STL,MIL,0,1,6,100.6,-24,93.8,4-Seam Fastball
SL,2026-07-09,"Detmers, Reid",field_out,hit_into_play,R,L,TEX,LAA,3,2,313,92,22,86.4,Slider
ST,2026-07-09,"Rogers, Trevor",,foul_tip,L,L,BAL,CHC,0,0,,,,79.9,Sweeper
FC,2026-07-09,"Henderson, Logan",,foul,R,R,STL,MIL,0,0,170,71,22,85.7,Cutter
FC,2026-07-09,"Elder, Bryce",,swinging_strike,L,R,PIT,ATL,0,0,,,,87,Cutter
SL,2026-07-09,"Detmers, Reid",,blocked_ball,R,L,TEX,LAA,2,2,,,,83.5,Slider
ST,2026-07-09,"Rogers, Trevor",field_out,hit_into_play,R,L,BAL,CHC,2,2,96,90.8,4,80.1,Sweeper
FF,2026-07-09,"Detmers, Reid",,foul,R,L,TEX,LAA,2,1,214,77.3,51,93.7,4-Seam Fastball
CH,2026-07-09,"Henderson, Logan",double,hit_into_play,L,R,STL,MIL,0,2,339,106.3,19,79.4,Changeup
SL,2026-07-09,"Elder, Bryce",field_out,hit_into_play,L,R,PIT,ATL,1,2,1,51.4,-60,86.3,Slider
FF,2026-07-09,"Detmers, Reid",,foul,R,L,TEX,LAA,2,0,206,74.2,51,92.6,4-Seam Fastball
FF,2026-07-09,"Rogers, Trevor",,ball,R,L,BAL,CHC,1,2,,,,95.1,4-Seam Fastball
FF,2026-07-09,"Henderson, Logan",,called_strike,L,R,STL,MIL,0,1,,,,92.9,4-Seam Fastball
FC,2026-07-09,"Elder, Bryce",,foul,L,R,PIT,ATL,1,2,136,62.9,69,92.5,Cutter
SI,2026-07-09,"Rogers, Trevor",,foul,R,L,BAL,CHC,1,2,128,76.1,11,93.5,Sinker
CH,2026-07-09,"Henderson, Logan",,swinging_strike,L,R,STL,MIL,0,0,,,,81,Changeup
CH,2026-07-09,"Detmers, Reid",,blocked_ball,R,L,TEX,LAA,1,0,,,,83.1,Changeup
SL,2026-07-09,"Elder, Bryce",,foul,L,R,PIT,ATL,1,2,191,69.2,42,85.3,Slider
FF,2026-07-09,"Rogers, Trevor",,ball,R,L,BAL,CHC,0,2,,,,94.1,4-Seam Fastball
CU,2026-07-09,"Detmers, Reid",,ball,R,L,TEX,LAA,0,0,,,,69.4,Curveball
SL,2026-07-09,"Elder, Bryce",,blocked_ball,L,R,PIT,ATL,0,2,,,,85.3,Slider
CH,2026-07-09,"Henderson, Logan",strikeout,called_strike,R,R,STL,MIL,1,2,,,,78,Changeup
FC,2026-07-09,"Henderson, Logan",,foul,R,R,STL,MIL,1,1,5,62.3,-23,87.3,Cutter
FF,2026-07-09,"Rogers, Trevor",,swinging_strike,R,L,BAL,CHC,0,1,,,,94.2,4-Seam Fastball
CU,2026-07-09,"Detmers, Reid",walk,ball,R,L,TEX,LAA,3,2,,,,70.2,Curveball
FC,2026-07-09,"Elder, Bryce",,foul,L,R,PIT,ATL,0,1,131,75.6,11,89.7,Cutter
ST,2026-07-09,"Henderson, Logan",,ball,R,R,STL,MIL,0,1,,,,79.8,Sweeper
FF,2026-07-09,"Detmers, Reid",,foul,R,L,TEX,LAA,3,2,106,79.6,77,93.3,4-Seam Fastball
SL,2026-07-09,"Elder, Bryce",,missed_bunt,L,R,PIT,ATL,0,0,,,,83.5,Slider
FF,2026-07-09,"Rogers, Trevor",,called_strike,R,L,BAL,CHC,0,0,,,,93.8,4-Seam Fastball
FF,2026-07-09,"Detmers, Reid",,foul,R,L,TEX,LAA,3,2,220,74.7,28,93.5,4-Seam Fastball
FC,2026-07-09,"Elder, Bryce",field_out,hit_into_play,R,R,PIT,ATL,0,0,3,93,-46,90.4,Cutter
FC,2026-07-09,"Henderson, Logan",,called_strike,R,R,STL,MIL,0,0,,,,87.5,Cutter
FF,2026-07-09,"Rogers, Trevor",strikeout,swinging_strike,R,L,BAL,CHC,0,2,,,,95.3,4-Seam Fastball
FF,2026-07-09,"Rogers, Trevor",,swinging_strike,R,L,BAL,CHC,0,1,,,,95.3,4-Seam Fastball
FF,2026-07-09,"Detmers, Reid",,ball,R,L,TEX,LAA,2,2,,,,93.7,4-Seam Fastball
CH,2026-07-09,"Henderson, Logan",field_out,hit_into_play,L,R,STL,MIL,1,2,36,94.1,-1,79,Changeup
SL,2026-07-09,"Elder, Bryce",strikeout,called_strike,R,R,PIT,ATL,0,2,,,,85.2,Slider
FF,2026-07-09,"Henderson, Logan",,foul,L,R,STL,MIL,1,2,335,95.3,31,93.1,4-Seam Fastball
FF,2026-07-09,"Rogers, Trevor",,foul,R,L,BAL,CHC,0,0,53,100.7,1,94.5,4-Seam Fastball
SL,2026-07-09,"Detmers, Reid",,called_strike,R,L,TEX,LAA,2,1,,,,86.3,Slider
SL,2026-07-09,"Elder, Bryce",,foul,R,R,PIT,ATL,0,1,3,66.1,-44,85.6,Slider
SL,2026-07-09,"Elder, Bryce",,swinging_strike,R,R,PIT,ATL,0,0,,,,84.2,Slider
FC,2026-07-09,"Henderson, Logan",,foul,L,R,STL,MIL,1,1,196,85.9,64,87.7,Cutter
CH,2026-07-09,"Rogers, Trevor",field_out,hit_into_play,R,L,BAL,CHC,0,2,90,99.5,3,85.9,Changeup
FF,2026-07-09,"Detmers, Reid",,ball,R,L,TEX,LAA,1,1,,,,93.9,4-Seam Fastball
CH,2026-07-09,"Rogers, Trevor",,called_strike,R,L,BAL,CHC,0,1,,,,85.9,Changeup
FF,2026-07-09,"Elder, Bryce",double,hit_into_play,L,R,PIT,ATL,0,2,238,95.9,14,94,4-Seam Fastball
CU,2026-07-09,"Detmers, Reid",,called_strike,R,L,TEX,LAA,1,0,,,,72.4,Curveball
FF,2026-07-09,"Henderson, Logan",,ball,L,R,STL,MIL,0,1,,,,93.5,4-Seam Fastball
FC,2026-07-09,"Elder, Bryce",,foul,L,R,PIT,ATL,0,2,191,67.7,42,89.8,Cutter
CH,2026-07-09,"Henderson, Logan",,called_strike,L,R,STL,MIL,0,0,,,,81.1,Changeup
FF,2026-07-09,"Detmers, Reid",,ball,R,L,TEX,LAA,0,0,,,,92.3,4-Seam Fastball
CH,2026-07-09,"Rogers, Trevor",,swinging_strike,R,L,BAL,CHC,0,0,,,,86.6,Changeup
CH,2026-07-09,"Rogers, Trevor",field_out,hit_into_play,R,L,BAL,CHC,0,1,48,90.9,2,86.1,Changeup
FC,2026-07-09,"Elder, Bryce",,swinging_strike,L,R,PIT,ATL,0,1,,,,88.1,Cutter
CH,2026-07-09,"Henderson, Logan",field_out,hit_into_play,L,R,STL,MIL,1,1,331,88.5,27,80.5,Changeup
SL,2026-07-09,"Detmers, Reid",field_out,hit_into_play,L,L,TEX,LAA,3,2,13,68.1,-7,86.3,Slider
CH,2026-07-09,"Henderson, Logan",,foul,L,R,STL,MIL,1,0,171,64.9,55,81.9,Changeup
FC,2026-07-09,"Rogers, Trevor",,called_strike,R,L,BAL,CHC,0,0,,,,82.9,Cutter
FC,2026-07-09,"Elder, Bryce",,called_strike,L,R,PIT,ATL,0,0,,,,89.8,Cutter
SL,2026-07-09,"Detmers, Reid",,ball,L,L,TEX,LAA,2,2,,,,83.4,Slider
FF,2026-07-09,"Detmers, Reid",,foul,L,L,TEX,LAA,2,1,244,80.8,47,92.8,4-Seam Fastball
ST,2026-07-09,"Rogers, Trevor",field_out,hit_into_play,L,L,BAL,CHC,2,2,358,98.4,24,80.8,Sweeper
FC,2026-07-09,"Henderson, Logan",,ball,L,R,STL,MIL,0,0,,,,87.8,Cutter
SL,2026-07-09,"Elder, Bryce",walk,ball,R,R,PIT,ATL,3,2,,,,85.8,Slider
SL,2026-07-09,"Elder, Bryce",,called_strike,R,R,PIT,ATL,3,1,,,,83.2,Slider
CU,2026-07-09,"Detmers, Reid",,ball,L,L,TEX,LAA,1,1,,,,72.3,Curveball
FF,2026-07-09,"Rogers, Trevor",,ball,L,L,BAL,CHC,1,2,,,,96.6,4-Seam Fastball
FC,2026-07-09,"Henderson, Logan",field_out,hit_into_play,R,R,STL,MIL,1,1,123,82.8,67,85.9,Cutter
FC,2026-07-09,"Henderson, Logan",,ball,R,R,STL,MIL,0,1,,,,84.8,Cutter
SI,2026-07-09,"Elder, Bryce",,ball,R,R,PIT,ATL,2,1,,,,91.9,Sinker
FF,2026-07-09,"Detmers, Reid",,foul,L,L,TEX,LAA,1,0,37,76.3,0,93.9,4-Seam Fastball
FF,2026-07-09,"Rogers, Trevor",,foul,L,L,BAL,CHC,1,2,,,,96.5,4-Seam Fastball
ST,2026-07-09,"Rogers, Trevor",,blocked_ball,L,L,BAL,CHC,0,2,,,,79.2,Sweeper
SL,2026-07-09,"Elder, Bryce",,called_strike,R,R,PIT,ATL,2,0,,,,84.7,Slider
FF,2026-07-09,"Henderson, Logan",,called_strike,R,R,STL,MIL,0,0,,,,92.1,4-Seam Fastball
SL,2026-07-09,"Detmers, Reid",,ball,L,L,TEX,LAA,0,0,,,,85.1,Slider
FF,2026-07-09,"Rogers, Trevor",,foul,L,L,BAL,CHC,0,2,7,70.5,-25,96.4,4-Seam Fastball
SL,2026-07-09,"Detmers, Reid",single,hit_into_play,R,L,TEX,LAA,0,1,205,91.2,12,87.6,Slider
SI,2026-07-09,"Elder, Bryce",,ball,R,R,PIT,ATL,1,0,,,,90.5,Sinker
CH,2026-07-09,"Henderson, Logan",field_out,hit_into_play,L,R,STL,MIL,2,2,360,97.6,25,81,Changeup
SI,2026-07-09,"Elder, Bryce",,ball,R,R,PIT,ATL,0,0,,,,91.6,Sinker
FF,2026-07-09,"Rogers, Trevor",,foul_tip,L,L,BAL,CHC,0,1,,,,96.1,4-Seam Fastball
FF,2026-07-09,"Detmers, Reid",,swinging_strike,R,L,TEX,LAA,0,0,,,,92.1,4-Seam Fastball
FF,2026-07-09,"Henderson, Logan",,ball,L,R,STL,MIL,1,2,,,,93.4,4-Seam Fastball
FC,2026-07-09,"Henderson, Logan",,swinging_strike,L,R,STL,MIL,1,1,,,,88.6,Cutter
FC,2026-07-09,"Elder, Bryce",strikeout,foul_tip,L,R,PIT,ATL,3,2,,,,90.1,Cutter
CH,2026-07-09,"Detmers, Reid",field_out,hit_into_play,R,L,TEX,LAA,1,1,327,99.9,17,83.6,Changeup
FF,2026-07-09,"Rogers, Trevor",,called_strike,L,L,BAL,CHC,0,0,,,,95.7,4-Seam Fastball
SL,2026-07-09,"Detmers, Reid",,foul,R,L,TEX,LAA,1,0,5,72.7,-20,84.2,Slider
ST,2026-07-09,"Rogers, Trevor",strikeout,called_strike,R,L,BAL,CHC,1,2,,,,79.1,Sweeper
ST,2026-07-09,"Henderson, Logan",,ball,L,R,STL,MIL,0,1,,,,78.9,Sweeper
FF,2026-07-09,"Elder, Bryce",,called_strike,L,R,PIT,ATL,3,1,,,,93.1,4-Seam Fastball
FF,2026-07-09,"Detmers, Reid",,ball,R,L,TEX,LAA,0,0,,,,92.3,4-Seam Fastball
CH,2026-07-09,"Rogers, Trevor",,foul,R,L,BAL,CHC,1,2,130,55.9,58,88.2,Changeup
FF,2026-07-09,"Henderson, Logan",,called_strike,L,R,STL,MIL,0,0,,,,92.6,4-Seam Fastball
FC,2026-07-09,"Elder, Bryce",,ball,L,R,PIT,ATL,2,1,,,,89.2,Cutter
FC,2026-07-09,"Henderson, Logan",field_out,hit_into_play,R,R,STL,MIL,0,0,15,101.3,-8,87.9,Cutter
FF,2026-07-09,"Detmers, Reid",field_out,hit_into_play,R,L,TEX,LAA,2,2,303,85.7,39,93.8,4-Seam Fastball
FF,2026-07-09,"Rogers, Trevor",,foul,R,L,BAL,CHC,1,2,,,,95.9,4-Seam Fastball
FF,2026-07-09,"Elder, Bryce",,ball,L,R,PIT,ATL,1,1,,,,92.7,4-Seam Fastball
CH,2026-07-09,"Henderson, Logan",field_out,hit_into_play,L,R,STL,MIL,2,2,5,65.8,-26,79.9,Changeup
FC,2026-07-09,"Elder, Bryce",,foul,L,R,PIT,ATL,1,0,213,73.4,47,91.2,Cutter
CH,2026-07-09,"Rogers, Trevor",,ball,R,L,BAL,CHC,0,2,,,,88.6,Changeup
SL,2026-07-09,"Detmers, Reid",,foul,R,L,TEX,LAA,2,2,,,,86.3,Slider
CH,2026-07-09,"Henderson, Logan",,called_strike,L,R,STL,MIL,2,1,,,,79.1,Changeup
FF,2026-07-09,"Rogers, Trevor",,foul,R,L,BAL,CHC,0,2,219,76,26,95.4,4-Seam Fastball
FF,2026-07-09,"Detmers, Reid",,ball,R,L,TEX,LAA,1,2,,,,93,4-Seam Fastball
FF,2026-07-09,"Elder, Bryce",,ball,L,R,PIT,ATL,0,0,,,,93.3,4-Seam Fastball
FC,2026-07-09,"Henderson, Logan",,ball,L,R,STL,MIL,1,1,,,,87.5,Cutter
FF,2026-07-09,"Rogers, Trevor",,foul,R,L,BAL,CHC,0,1,138,72.4,24,95.7,4-Seam Fastball
SL,2026-07-09,"Detmers, Reid",,ball,R,L,TEX,LAA,0,2,,,,86.7,Slider
FF,2026-07-09,"Elder, Bryce",walk,ball,R,R,PIT,ATL,3,2,,,,93.3,4-Seam Fastball
SL,2026-07-09,"Detmers, Reid",,foul,R,L,TEX,LAA,0,1,,,,86.4,Slider
FF,2026-07-09,"Henderson, Logan",,called_strike,L,R,STL,MIL,1,0,,,,91.3,4-Seam Fastball
FF,2026-07-09,"Rogers, Trevor",,foul,R,L,BAL,CHC,0,0,193,69.1,53,95.5,4-Seam Fastball
SL,2026-07-09,"Elder, Bryce",,foul,R,R,PIT,ATL,3,2,89,90.2,6,86.4,Slider
SI,2026-07-09,"Elder, Bryce",,blocked_ball,R,R,PIT,ATL,2,2,,,,92,Sinker
CH,2026-07-09,"Henderson, Logan",,ball,L,R,STL,MIL,0,0,,,,79.9,Changeup
ST,2026-07-09,"Rogers, Trevor",single,hit_into_play,R,L,BAL,CHC,0,2,2,58.6,-44,79.9,Sweeper
FF,2026-07-09,"Detmers, Reid",,swinging_strike,R,L,TEX,LAA,0,0,,,,94.2,4-Seam Fastball
SL,2026-07-09,"Elder, Bryce",,blocked_ball,R,R,PIT,ATL,1,2,,,,85.7,Slider
CH,2026-07-09,"Rogers, Trevor",,foul,R,L,BAL,CHC,0,1,329,97.4,30,87.8,Changeup
SL,2026-07-09,"Detmers, Reid",single,hit_into_play,R,L,TEX,LAA,1,0,58,101.3,1,85.9,Slider
FF,2026-07-09,"Henderson, Logan",strikeout,called_strike,R,R,STL,MIL,1,2,,,,95.3,4-Seam Fastball
SL,2026-07-09,"Detmers, Reid",,ball,R,L,TEX,LAA,0,0,,,,85.6,Slider
FF,2026-07-09,"Elder, Bryce",,foul,R,R,PIT,ATL,1,2,309,91.4,28,93.4,4-Seam Fastball
CH,2026-07-09,"Henderson, Logan",,blocked_ball,R,R,STL,MIL,0,2,,,,79,Changeup
FC,2026-07-09,"Rogers, Trevor",,called_strike,R,L,BAL,CHC,0,0,,,,82,Cutter
SL,2026-07-09,"Elder, Bryce",,ball,R,R,PIT,ATL,0,2,,,,85.3,Slider
FF,2026-07-09,"Detmers, Reid",double,hit_into_play,R,L,TEX,LAA,0,1,329,106.7,15,94.4,4-Seam Fastball
CH,2026-07-09,"Henderson, Logan",,swinging_strike_blocked,R,R,STL,MIL,0,1,,,,79.1,Changeup
CH,2026-07-09,"Rogers, Trevor",walk,ball,R,L,BAL,CHC,3,1,,,,88,Changeup
SL,2026-07-09,"Elder, Bryce",,foul_tip,R,R,PIT,ATL,0,1,,,,84.5,Slider
CU,2026-07-09,"Detmers, Reid",,called_strike,R,L,TEX,LAA,0,0,,,,70.4,Curveball
FC,2026-07-09,"Henderson, Logan",,foul,R,R,STL,MIL,0,0,,,,87.7,Cutter
FF,2026-07-09,"Rogers, Trevor",,called_strike,R,L,BAL,CHC,3,0,,,,96,4-Seam Fastball
FF,2026-07-09,"Detmers, Reid",home_run,hit_into_play,L,L,TEX,LAA,0,0,394,104.4,22,94.9,4-Seam Fastball
FF,2026-07-09,"Rogers, Trevor",,ball,R,L,BAL,CHC,2,0,,,,96,4-Seam Fastball
SI,2026-07-09,"Elder, Bryce",,foul,R,R,PIT,ATL,0,0,222,77.5,32,91.6,Sinker
CH,2026-07-09,"Henderson, Logan",strikeout,swinging_strike,L,R,STL,MIL,1,2,,,,78.3,Changeup
FF,2026-07-09,"Rogers, Trevor",,ball,R,L,BAL,CHC,1,0,,,,96.5,4-Seam Fastball
CH,2026-07-09,"Henderson, Logan",,swinging_strike,L,R,STL,MIL,1,1,,,,80.2,Changeup
FF,2026-07-09,"Detmers, Reid",strikeout,called_strike,R,L,TEX,LAA,2,2,,,,94.1,4-Seam Fastball
SL,2026-07-09,"Elder, Bryce",field_out,hit_into_play,L,R,PIT,ATL,0,1,313,95.7,26,83,Slider
CH,2026-07-09,"Henderson, Logan",,swinging_strike,L,R,STL,MIL,1,0,,,,81.1,Changeup
FF,2026-07-09,"Rogers, Trevor",,ball,R,L,BAL,CHC,0,0,,,,96.2,4-Seam Fastball
CH,2026-07-09,"Detmers, Reid",,ball,R,L,TEX,LAA,1,2,,,,84.2,Changeup
FC,2026-07-09,"Elder, Bryce",,foul,L,R,PIT,ATL,0,0,195,68.3,27,89.5,Cutter
SL,2026-07-09,"Elder, Bryce",field_out,hit_into_play,L,R,PIT,ATL,1,0,336,92.8,36,82.4,Slider
FF,2026-07-09,"Detmers, Reid",,called_strike,R,L,TEX,LAA,1,1,,,,96.3,4-Seam Fastball
CH,2026-07-09,"Henderson, Logan",,ball,L,R,STL,MIL,0,0,,,,82.8,Changeup
ST,2026-07-09,"Rogers, Trevor",strikeout,swinging_strike,L,L,BAL,CHC,2,2,,,,79.1,Sweeper
SI,2026-07-09,"Elder, Bryce",,ball,L,R,PIT,ATL,0,0,,,,90.1,Sinker
FF,2026-07-09,"Henderson, Logan",field_out,hit_into_play,R,R,STL,MIL,1,1,23,75.8,-3,92.9,4-Seam Fastball
SL,2026-07-09,"Detmers, Reid",,ball,R,L,TEX,LAA,0,1,,,,85.1,Slider
FF,2026-07-09,"Rogers, Trevor",,ball,L,L,BAL,CHC,1,2,,,,96.1,4-Seam Fastball
FF,2026-07-09,"Elder, Bryce",single,hit_into_play,L,R,PIT,ATL,0,2,198,89.5,12,92.3,4-Seam Fastball
FC,2026-07-09,"Henderson, Logan",,ball,R,R,STL,MIL,0,1,,,,88.6,Cutter
FF,2026-07-09,"Rogers, Trevor",,ball,L,L,BAL,CHC,0,2,,,,95.2,4-Seam Fastball
FF,2026-07-09,"Detmers, Reid",,called_strike,R,L,TEX,LAA,0,0,,,,93.9,4-Seam Fastball
FF,2026-07-09,"Rogers, Trevor",,foul,L,L,BAL,CHC,0,1,160,76.8,70,95.2,4-Seam Fastball
FF,2026-07-09,"Detmers, Reid",field_out,hit_into_play,R,L,TEX,LAA,1,0,370,92.8,34,93.6,4-Seam Fastball
FF,2026-07-09,"Henderson, Logan",,foul,R,R,STL,MIL,0,0,118,78,8,92.8,4-Seam Fastball
FC,2026-07-09,"Elder, Bryce",,swinging_strike,L,R,PIT,ATL,0,1,,,,88.9,Cutter
FF,2026-07-09,"Rogers, Trevor",,called_strike,L,L,BAL,CHC,0,0,,,,95.3,4-Seam Fastball
FF,2026-07-09,"Henderson, Logan",double,hit_into_play,L,R,STL,MIL,0,0,193,104.3,11,91.7,4-Seam Fastball
FF,2026-07-09,"Detmers, Reid",,ball,R,L,TEX,LAA,0,0,,,,93.7,4-Seam Fastball
FF,2026-07-09,"Elder, Bryce",,foul,L,R,PIT,ATL,0,0,227,76,27,91.7,4-Seam Fastball
FF,2026-07-08,"Hughes, Gabriel",field_out,hit_into_play,R,R,LAD,COL,0,0,293,94,47,95.6,4-Seam Fastball
SL,2026-07-08,"Hughes, Gabriel",double,hit_into_play,L,R,LAD,COL,0,1,257,105.4,18,87.3,Slider
CU,2026-07-08,"Kremer, Dean",field_out,hit_into_play,L,R,BAL,CHC,3,2,5,77.4,-22,77.7,Curveball
SL,2026-07-08,"Hughes, Gabriel",,swinging_strike,L,R,LAD,COL,0,0,,,,88.1,Slider
FF,2026-07-08,"Hughes, Gabriel",strikeout,swinging_strike,R,R,LAD,COL,3,2,,,,95.3,4-Seam Fastball
FF,2026-07-08,"Kremer, Dean",,foul,L,R,BAL,CHC,3,2,226,82,55,94.1,4-Seam Fastball
ST,2026-07-08,"Scott, Christian",strikeout,swinging_strike,L,R,NYM,KC,1,2,,,,82.4,Sweeper
SI,2026-07-08,"Hughes, Gabriel",,ball,R,R,LAD,COL,2,2,,,,94.7,Sinker
CU,2026-07-08,"Gore, MacKenzie",field_out,hit_into_play,R,L,TEX,LAA,1,2,38,75.4,0,84.1,Curveball
FS,2026-07-08,"Kremer, Dean",,ball,L,R,BAL,CHC,2,2,,,,83.5,Split-Finger
CH,2026-07-08,"Gore, MacKenzie",,foul,R,L,TEX,LAA,1,2,5,78.3,-8,89.5,Changeup
FF,2026-07-08,"Hughes, Gabriel",,ball,R,R,LAD,COL,1,2,,,,94.6,4-Seam Fastball
FS,2026-07-08,"Kremer, Dean",,swinging_strike,L,R,BAL,CHC,2,1,,,,83.8,Split-Finger
CU,2026-07-08,"Scott, Christian",,foul,L,R,NYM,KC,1,2,17,87,-6,83.3,Curveball
FF,2026-07-08,"Scott, Christian",,foul,L,R,NYM,KC,1,1,247,77,32,93.3,4-Seam Fastball
SI,2026-07-08,"Kremer, Dean",,foul,L,R,BAL,CHC,2,0,,,,92.2,Sinker
FF,2026-07-08,"Hughes, Gabriel",,ball,R,R,LAD,COL,0,2,,,,94.7,4-Seam Fastball
FF,2026-07-08,"Gore, MacKenzie",,foul,R,L,TEX,LAA,1,1,153,61,56,97,4-Seam Fastball
CU,2026-07-08,"Kremer, Dean",,ball,L,R,BAL,CHC,1,0,,,,78.3,Curveball
CH,2026-07-08,"Gore, MacKenzie",,swinging_strike,R,L,TEX,LAA,1,0,,,,88.3,Changeup
SL,2026-07-08,"Hughes, Gabriel",,foul,R,R,LAD,COL,0,2,194,70.6,50,88.7,Slider
CU,2026-07-08,"Scott, Christian",,foul,L,R,NYM,KC,1,0,195,86.3,63,82.7,Curveball
FC,2026-07-08,"Scott, Christian",,ball,L,R,NYM,KC,0,0,,,,90.2,Cutter
FF,2026-07-08,"Gore, MacKenzie",,ball,R,L,TEX,LAA,0,0,,,,96.9,4-Seam Fastball
FS,2026-07-08,"Kremer, Dean",,ball,L,R,BAL,CHC,0,0,,,,83.8,Split-Finger
FF,2026-07-08,"Hughes, Gabriel",,foul,R,R,LAD,COL,0,1,158,78.3,65,93.5,4-Seam Fastball
FF,2026-07-08,"Kremer, Dean",field_out,hit_into_play,R,R,BAL,CHC,3,1,374,99.1,34,93.3,4-Seam Fastball
CH,2026-07-08,"Gore, MacKenzie",strikeout,swinging_strike,R,L,TEX,LAA,2,2,,,,88.2,Changeup
ST,2026-07-08,"Hughes, Gabriel",,called_strike,R,R,LAD,COL,0,0,,,,87.1,Sweeper
FF,2026-07-08,"Scott, Christian",strikeout,swinging_strike,R,R,NYM,KC,3,2,,,,95.7,4-Seam Fastball
FF,2026-07-08,"Hughes, Gabriel",field_out,hit_into_play,L,R,LAD,COL,1,2,47,90,0,93.8,4-Seam Fastball
FC,2026-07-08,"Gore, MacKenzie",,foul,R,L,TEX,LAA,2,2,110,46.8,47,92.4,Cutter
FF,2026-07-08,"Scott, Christian",,foul,R,R,NYM,KC,3,2,150,70,67,95.1,4-Seam Fastball
SI,2026-07-08,"Kremer, Dean",,ball,R,R,BAL,CHC,2,1,,,,93,Sinker
CU,2026-07-08,"Gore, MacKenzie",,ball,R,L,TEX,LAA,1,2,,,,83,Curveball
FF,2026-07-08,"Hughes, Gabriel",,foul,L,R,LAD,COL,1,1,4,81.3,-31,93.4,4-Seam Fastball
FC,2026-07-08,"Kremer, Dean",,ball,R,R,BAL,CHC,1,1,,,,88.1,Cutter
FF,2026-07-08,"Scott, Christian",,ball,R,R,NYM,KC,2,2,,,,95.6,4-Seam Fastball
FF,2026-07-08,"Gore, MacKenzie",,foul,R,L,TEX,LAA,1,1,246,80.7,44,96.5,4-Seam Fastball
FS,2026-07-08,"Kremer, Dean",,ball,R,R,BAL,CHC,0,1,,,,84.2,Split-Finger
ST,2026-07-08,"Scott, Christian",,foul,R,R,NYM,KC,2,1,176,67.5,58,81.5,Sweeper
SL,2026-07-08,"Hughes, Gabriel",,foul,L,R,LAD,COL,1,0,194,81.9,62,89.2,Slider
FF,2026-07-08,"Kremer, Dean",,foul,R,R,BAL,CHC,0,0,110,80.7,81,93.3,4-Seam Fastball
FF,2026-07-08,"Scott, Christian",,ball,R,R,NYM,KC,1,1,,,,94.7,4-Seam Fastball
SL,2026-07-08,"Hughes, Gabriel",,ball,L,R,LAD,COL,0,0,,,,86.8,Slider
CH,2026-07-08,"Gore, MacKenzie",,ball,R,L,TEX,LAA,0,1,,,,88.7,Changeup
FF,2026-07-08,"Hughes, Gabriel",field_out,hit_into_play,L,R,LAD,COL,0,1,13,81.3,-10,94.5,4-Seam Fastball
CU,2026-07-08,"Gore, MacKenzie",,swinging_strike,R,L,TEX,LAA,0,0,,,,82.1,Curveball
FF,2026-07-08,"Scott, Christian",,ball,R,R,NYM,KC,0,1,,,,94.8,4-Seam Fastball
FS,2026-07-08,"Kremer, Dean",home_run,hit_into_play,L,R,BAL,CHC,1,1,419,106.7,35,84,Split-Finger
FF,2026-07-08,"Kremer, Dean",,ball,L,R,BAL,CHC,0,1,,,,94.5,4-Seam Fastball
FF,2026-07-08,"Scott, Christian",,called_strike,R,R,NYM,KC,0,0,,,,94.6,4-Seam Fastball
FC,2026-07-08,"Gore, MacKenzie",field_out,hit_into_play,R,L,TEX,LAA,1,1,286,95,17,90.4,Cutter
ST,2026-07-08,"Hughes, Gabriel",,called_strike,L,R,LAD,COL,0,0,,,,87,Sweeper
FF,2026-07-08,"Gore, MacKenzie",,ball,R,L,TEX,LAA,0,1,,,,94.9,4-Seam Fastball
ST,2026-07-08,"Hughes, Gabriel",field_out,hit_into_play,L,R,LAD,COL,0,1,334,93.9,38,87.2,Sweeper
FC,2026-07-08,"Scott, Christian",field_out,hit_into_play,L,R,NYM,KC,1,2,272,77.2,33,92,Cutter
CU,2026-07-08,"Kremer, Dean",,swinging_strike,L,R,BAL,CHC,0,0,,,,76.4,Curveball
FF,2026-07-08,"Scott, Christian",,ball,L,R,NYM,KC,0,2,,,,94.5,4-Seam Fastball
ST,2026-07-08,"Hughes, Gabriel",,swinging_strike,L,R,LAD,COL,0,0,,,,86.5,Sweeper
FF,2026-07-08,"Gore, MacKenzie",,called_strike,R,L,TEX,LAA,0,0,,,,96.6,4-Seam Fastball
FF,2026-07-08,"Kremer, Dean",field_out,hit_into_play,R,R,BAL,CHC,3,2,15,74.8,-11,93.2,4-Seam Fastball
CU,2026-07-08,"Kremer, Dean",,ball,R,R,BAL,CHC,2,2,,,,77.2,Curveball
FF,2026-07-08,"Hughes, Gabriel",field_out,hit_into_play,L,R,LAD,COL,1,2,290,86.1,34,94.9,4-Seam Fastball
FF,2026-07-08,"Scott, Christian",,foul,L,R,NYM,KC,0,1,169,72.2,64,94.7,4-Seam Fastball
CU,2026-07-08,"Gore, MacKenzie",home_run,hit_into_play,R,L,TEX,LAA,0,1,433,110.3,21,84.2,Curveball
CU,2026-07-08,"Hughes, Gabriel",,foul,L,R,LAD,COL,1,2,135,55.2,43,80.4,Curveball
SI,2026-07-08,"Kremer, Dean",,ball,R,R,BAL,CHC,1,2,,,,92.5,Sinker
FF,2026-07-08,"Gore, MacKenzie",,called_strike,R,L,TEX,LAA,0,0,,,,96.2,4-Seam Fastball
FC,2026-07-08,"Scott, Christian",,called_strike,L,R,NYM,KC,0,0,,,,89.3,Cutter
FF,2026-07-08,"Hughes, Gabriel",,called_strike,L,R,LAD,COL,1,1,,,,94.1,4-Seam Fastball
FS,2026-07-08,"Kremer, Dean",,foul,R,R,BAL,CHC,1,2,1,53.1,-50,83.9,Split-Finger
FF,2026-07-08,"Scott, Christian",field_out,hit_into_play,R,R,NYM,KC,1,0,342,93.5,33,96.6,4-Seam Fastball
CU,2026-07-08,"Gore, MacKenzie",single,hit_into_play,R,L,TEX,LAA,0,1,20,97,-6,84.1,Curveball
CH,2026-07-08,"Gore, MacKenzie",,called_strike,R,L,TEX,LAA,0,0,,,,88.5,Changeup
CH,2026-07-08,"Hughes, Gabriel",,ball,L,R,LAD,COL,0,1,,,,88.9,Changeup
CU,2026-07-08,"Kremer, Dean",,swinging_strike,R,R,BAL,CHC,1,1,,,,76.8,Curveball
FC,2026-07-08,"Scott, Christian",,ball,R,R,NYM,KC,0,0,,,,90.5,Cutter
FC,2026-07-08,"Gore, MacKenzie",walk,ball,R,L,TEX,LAA,3,1,,,,90.7,Cutter
ST,2026-07-08,"Scott, Christian",single,hit_into_play,L,R,NYM,KC,0,1,182,95.1,13,81.5,Sweeper
FF,2026-07-08,"Hughes, Gabriel",,called_strike,L,R,LAD,COL,0,0,,,,94,4-Seam Fastball
SI,2026-07-08,"Kremer, Dean",,ball,R,R,BAL,CHC,0,1,,,,91.1,Sinker
CH,2026-07-08,"Gore, MacKenzie",,ball,R,L,TEX,LAA,2,1,,,,88.5,Changeup
FF,2026-07-08,"Hughes, Gabriel",field_out,hit_into_play,R,R,LAD,COL,1,0,7,83.8,-18,93.9,4-Seam Fastball
FC,2026-07-08,"Scott, Christian",,called_strike,L,R,NYM,KC,0,0,,,,92.4,Cutter
FC,2026-07-08,"Kremer, Dean",,foul,R,R,BAL,CHC,0,0,1,58,-51,87.6,Cutter
FF,2026-07-08,"Hughes, Gabriel",,ball,R,R,LAD,COL,0,0,,,,94.1,4-Seam Fastball
FC,2026-07-08,"Kremer, Dean",home_run,hit_into_play,R,R,BAL,CHC,0,0,404,106.6,31,87.1,Cutter
FF,2026-07-08,"Scott, Christian",field_out,hit_into_play,R,R,NYM,KC,1,1,47,104.7,0,96.5,4-Seam Fastball
FF,2026-07-08,"Gore, MacKenzie",,ball,R,L,TEX,LAA,1,1,,,,96.1,4-Seam Fastball
FF,2026-07-08,"Gore, MacKenzie",,called_strike,R,L,TEX,LAA,1,0,,,,97.3,4-Seam Fastball
CH,2026-07-08,"Hughes, Gabriel",field_out,hit_into_play,L,R,LAD,COL,1,2,136,98.1,8,90.3,Changeup
FF,2026-07-08,"Scott, Christian",,foul,R,R,NYM,KC,1,0,173,77.8,67,96.3,4-Seam Fastball
FF,2026-07-08,"Kremer, Dean",home_run,hit_into_play,L,R,BAL,CHC,0,0,368,94.5,32,92.6,4-Seam Fastball
CH,2026-07-08,"Hughes, Gabriel",,ball,L,R,LAD,COL,0,2,,,,90.1,Changeup
CU,2026-07-08,"Gore, MacKenzie",,ball,R,L,TEX,LAA,0,0,,,,83.3,Curveball
CU,2026-07-08,"Scott, Christian",,ball,R,R,NYM,KC,0,0,,,,80.4,Curveball
FF,2026-07-08,"Kremer, Dean",truncated_pa,called_strike,L,R,BAL,CHC,2,1,,,,92.3,4-Seam Fastball
FS,2026-07-08,"Kremer, Dean",,blocked_ball,L,R,BAL,CHC,1,1,,,,84.5,Split-Finger
FF,2026-07-08,"Hughes, Gabriel",,foul,L,R,LAD,COL,0,2,3,83.1,-31,95.5,4-Seam Fastball
FC,2026-07-08,"Gore, MacKenzie",double,hit_into_play,R,L,TEX,LAA,3,2,288,109.7,17,92.9,Cutter
FF,2026-07-08,"Scott, Christian",field_out,hit_into_play,R,R,NYM,KC,3,2,340,108.4,17,96.7,4-Seam Fastball
SL,2026-07-08,"Hughes, Gabriel",,foul,L,R,LAD,COL,0,2,80,93.4,4,84.9,Slider
CH,2026-07-08,"Gore, MacKenzie",,ball,R,L,TEX,LAA,2,2,,,,87.9,Changeup
FF,2026-07-08,"Kremer, Dean",,ball,L,R,BAL,CHC,0,1,,,,93.4,4-Seam Fastball
ST,2026-07-08,"Scott, Christian",,ball,R,R,NYM,KC,2,2,,,,81.2,Sweeper
FF,2026-07-08,"Hughes, Gabriel",,foul_tip,L,R,LAD,COL,0,1,,,,94.8,4-Seam Fastball
CU,2026-07-08,"Gore, MacKenzie",,ball,R,L,TEX,LAA,1,2,,,,84.8,Curveball
CU,2026-07-08,"Kremer, Dean",,called_strike,L,R,BAL,CHC,0,0,,,,77,Curveball
FF,2026-07-08,"Scott, Christian",,ball,R,R,NYM,KC,1,2,,,,96.8,4-Seam Fastball
FF,2026-07-08,"Gore, MacKenzie",,foul,R,L,TEX,LAA,1,2,,,,96.7,4-Seam Fastball
FF,2026-07-08,"Scott, Christian",,foul,R,R,NYM,KC,1,1,219,72.1,41,95.4,4-Seam Fastball
SL,2026-07-08,"Hughes, Gabriel",,called_strike,L,R,LAD,COL,0,0,,,,85.3,Slider
CU,2026-07-08,"Kremer, Dean",field_out,hit_into_play,R,R,BAL,CHC,3,2,252,75.9,41,76.7,Curveball
FF,2026-07-08,"Kremer, Dean",,ball,R,R,BAL,CHC,2,2,,,,92.7,4-Seam Fastball
CU,2026-07-08,"Gore, MacKenzie",,foul,R,L,TEX,LAA,1,2,3,70.3,-30,84.1,Curveball
SL,2026-07-08,"Hughes, Gabriel",field_out,hit_into_play,R,R,LAD,COL,0,1,171,65,52,86.6,Slider
CU,2026-07-08,"Scott, Christian",,ball,R,R,NYM,KC,0,1,,,,82.4,Curveball
FF,2026-07-08,"Hughes, Gabriel",,called_strike,R,R,LAD,COL,0,0,,,,93.3,4-Seam Fastball
FS,2026-07-08,"Kremer, Dean",,blocked_ball,R,R,BAL,CHC,1,2,,,,82.8,Split-Finger
FF,2026-07-08,"Scott, Christian",,called_strike,R,R,NYM,KC,0,0,,,,93.6,4-Seam Fastball
CU,2026-07-08,"Gore, MacKenzie",,ball,R,L,TEX,LAA,0,2,,,,85.1,Curveball
CH,2026-07-08,"Gore, MacKenzie",,foul,R,L,TEX,LAA,0,1,199,72.3,43,86.2,Changeup
FF,2026-07-08,"Hughes, Gabriel",strikeout,swinging_strike,L,R,LAD,COL,1,2,,,,95.2,4-Seam Fastball
FC,2026-07-08,"Kremer, Dean",,foul,R,R,BAL,CHC,1,1,192,71.7,57,87.3,Cutter
FC,2026-07-08,"Scott, Christian",field_out,hit_into_play,L,R,NYM,KC,2,0,13,75.9,-11,92,Cutter
FF,2026-07-08,"Gore, MacKenzie",,foul,R,L,TEX,LAA,0,0,69,70.5,9,95.4,4-Seam Fastball
SI,2026-07-08,"Kremer, Dean",,ball,R,R,BAL,CHC,0,1,,,,91.7,Sinker
FC,2026-07-08,"Scott, Christian",,ball,L,R,NYM,KC,1,0,,,,90.7,Cutter
CU,2026-07-08,"Hughes, Gabriel",,foul,L,R,LAD,COL,1,2,52,76.3,3,79.5,Curveball
SI,2026-07-08,"Kremer, Dean",,swinging_strike,R,R,BAL,CHC,0,0,,,,91.2,Sinker
FF,2026-07-08,"Hughes, Gabriel",,called_strike,L,R,LAD,COL,1,1,,,,94.3,4-Seam Fastball
ST,2026-07-08,"Scott, Christian",,ball,L,R,NYM,KC,0,0,,,,83.4,Sweeper
SI,2026-07-08,"Gore, MacKenzie",field_out,hit_into_play,L,L,TEX,LAA,1,1,89,68.9,71,96.1,Sinker
SL,2026-07-08,"Gore, MacKenzie",,blocked_ball,L,L,TEX,LAA,0,1,,,,87,Slider
FF,2026-07-08,"Scott, Christian",strikeout,called_strike,R,R,NYM,KC,2,2,,,,96.6,4-Seam Fastball
CU,2026-07-08,"Hughes, Gabriel",,ball,L,R,LAD,COL,0,1,,,,78.8,Curveball
FS,2026-07-08,"Kremer, Dean",single,hit_into_play,L,R,BAL,CHC,2,2,293,103.8,17,83.3,Split-Finger
FF,2026-07-08,"Kremer, Dean",,foul,L,R,BAL,CHC,2,1,218,77.2,25,94.1,4-Seam Fastball
ST,2026-07-08,"Scott, Christian",,swinging_strike,R,R,NYM,KC,2,1,,,,81.3,Sweeper
FF,2026-07-08,"Hughes, Gabriel",,called_strike,L,R,LAD,COL,0,0,,,,93.8,4-Seam Fastball
SL,2026-07-08,"Gore, MacKenzie",,foul,L,L,TEX,LAA,0,0,205,71.5,43,86.5,Slider
FF,2026-07-08,"Hughes, Gabriel",field_out,hit_into_play,R,R,LAD,COL,0,1,234,88.7,55,94.6,4-Seam Fastball
FC,2026-07-08,"Gore, MacKenzie",field_out,hit_into_play,R,L,TEX,LAA,1,0,390,109.5,19,91.4,Cutter
CU,2026-07-08,"Kremer, Dean",,ball,L,R,BAL,CHC,1,1,,,,76.5,Curveball
FF,2026-07-08,"Scott, Christian",,ball,R,R,NYM,KC,1,1,,,,96.5,4-Seam Fastball
CU,2026-07-08,"Scott, Christian",,ball,R,R,NYM,KC,0,1,,,,81,Curveball
CU,2026-07-08,"Gore, MacKenzie",,ball,R,L,TEX,LAA,0,0,,,,82.1,Curveball
CU,2026-07-08,"Kremer, Dean",,ball,L,R,BAL,CHC,0,1,,,,77.6,Curveball
CU,2026-07-08,"Hughes, Gabriel",,called_strike,R,R,LAD,COL,0,0,,,,78.4,Curveball
FF,2026-07-08,"Kremer, Dean",,called_strike,L,R,BAL,CHC,0,0,,,,93.3,4-Seam Fastball
ST,2026-07-08,"Scott, Christian",,foul,R,R,NYM,KC,0,0,300,99.6,20,81.5,Sweeper
FF,2026-07-08,"Hughes, Gabriel",strikeout,called_strike,L,R,LAD,COL,0,2,,,,95.9,4-Seam Fastball
CU,2026-07-08,"Gore, MacKenzie",single,hit_into_play,R,L,TEX,LAA,1,0,88,81.9,5,83.2,Curveball
FF,2026-07-08,"Hughes, Gabriel",,foul,L,R,LAD,COL,0,2,67,94,1,94.3,4-Seam Fastball
CU,2026-07-08,"Scott, Christian",field_out,hit_into_play,L,R,NYM,KC,1,2,9,96.1,-12,82.5,Curveball
FC,2026-07-08,"Gore, MacKenzie",,ball,R,L,TEX,LAA,0,0,,,,91.8,Cutter
FF,2026-07-08,"Kremer, Dean",field_out,hit_into_play,R,R,BAL,CHC,3,0,267,88.6,48,92.1,4-Seam Fastball
CU,2026-07-08,"Kremer, Dean",,ball,R,R,BAL,CHC,2,0,,,,75.4,Curveball
CH,2026-07-08,"Gore, MacKenzie",strikeout,swinging_strike,R,L,TEX,LAA,0,2,,,,87.1,Changeup
CU,2026-07-08,"Scott, Christian",,ball,L,R,NYM,KC,0,2,,,,81.3,Curveball
FF,2026-07-08,"Hughes, Gabriel",,foul,L,R,LAD,COL,0,1,9,68.9,-14,93.7,4-Seam Fastball
CU,2026-07-08,"Gore, MacKenzie",,swinging_strike_blocked,R,L,TEX,LAA,0,1,,,,82.7,Curveball
CU,2026-07-08,"Scott, Christian",,swinging_strike,L,R,NYM,KC,0,1,,,,81.7,Curveball
CH,2026-07-08,"Hughes, Gabriel",,foul,L,R,LAD,COL,0,0,178,71.8,21,89.4,Changeup
FC,2026-07-08,"Kremer, Dean",,ball,R,R,BAL,CHC,1,0,,,,87.2,Cutter
FF,2026-07-08,"Scott, Christian",,called_strike,L,R,NYM,KC,0,0,,,,93.9,4-Seam Fastball
FF,2026-07-08,"Hughes, Gabriel",strikeout,called_strike,L,R,LAD,COL,1,2,,,,94.8,4-Seam Fastball
FC,2026-07-08,"Kremer, Dean",,ball,R,R,BAL,CHC,0,0,,,,87.3,Cutter
CH,2026-07-08,"Gore, MacKenzie",,missed_bunt,R,L,TEX,LAA,0,0,,,,87.8,Changeup
ST,2026-07-08,"Scott, Christian",field_out,hit_into_play,R,R,NYM,KC,1,2,180,80.1,60,81.9,Sweeper
CH,2026-07-08,"Gore, MacKenzie",single,hit_into_play,R,L,TEX,LAA,1,1,40,85.3,-1,87.3,Changeup
CU,2026-07-08,"Hughes, Gabriel",,foul,L,R,LAD,COL,1,2,2,64.2,-42,79.3,Curveball
FF,2026-07-08,"Kremer, Dean",field_out,hit_into_play,L,R,BAL,CHC,0,1,357,96.7,33,92.8,4-Seam Fastball
CU,2026-07-08,"Kremer, Dean",,called_strike,L,R,BAL,CHC,0,0,,,,76.6,Curveball
FF,2026-07-08,"Scott, Christian",,ball,R,R,NYM,KC,0,2,,,,97,4-Seam Fastball
CH,2026-07-08,"Gore, MacKenzie",,swinging_strike,R,L,TEX,LAA,1,0,,,,88.2,Changeup
FF,2026-07-08,"Hughes, Gabriel",,foul,L,R,LAD,COL,1,2,145,81.5,11,95,4-Seam Fastball
FF,2026-07-08,"Hughes, Gabriel",,foul,L,R,LAD,COL,1,1,17,75.5,-6,94.8,4-Seam Fastball
FC,2026-07-08,"Kremer, Dean",field_out,hit_into_play,R,R,BAL,CHC,3,2,4,84.1,-18,88.5,Cutter
ST,2026-07-08,"Scott, Christian",,foul,R,R,NYM,KC,0,2,193,65,31,83.8,Sweeper
FF,2026-07-08,"Gore, MacKenzie",,ball,R,L,TEX,LAA,0,0,,,,97.5,4-Seam Fastball
FF,2026-07-08,"Gore, MacKenzie",home_run,hit_into_play,R,L,TEX,LAA,1,0,359,99,32,96,4-Seam Fastball
CH,2026-07-08,"Hughes, Gabriel",,ball,L,R,LAD,COL,0,1,,,,89,Changeup
ST,2026-07-08,"Scott, Christian",,swinging_strike,R,R,NYM,KC,0,1,,,,83.1,Sweeper
FF,2026-07-08,"Kremer, Dean",,called_strike,R,R,BAL,CHC,3,1,,,,94,4-Seam Fastball
FF,2026-07-08,"Scott, Christian",,foul,R,R,NYM,KC,0,0,191,75.3,19,96.4,4-Seam Fastball
FF,2026-07-08,"Hughes, Gabriel",,called_strike,L,R,LAD,COL,0,0,,,,95.4,4-Seam Fastball
CH,2026-07-08,"Gore, MacKenzie",,ball,R,L,TEX,LAA,0,0,,,,86.2,Changeup
FF,2026-07-08,"Kremer, Dean",,ball,R,R,BAL,CHC,2,1,,,,93.3,4-Seam Fastball
FF,2026-07-08,"Scott, Christian",single,hit_into_play,L,R,NYM,KC,3,2,219,98.4,10,96.2,4-Seam Fastball
FC,2026-07-08,"Gore, MacKenzie",single,hit_into_play,R,L,TEX,LAA,1,1,82,106.9,3,91,Cutter
FC,2026-07-08,"Kremer, Dean",,ball,R,R,BAL,CHC,1,1,,,,88.5,Cutter
FF,2026-07-08,"Hughes, Gabriel",strikeout,swinging_strike,L,R,LAD,COL,0,2,,,,95.1,4-Seam Fastball
FC,2026-07-08,"Kremer, Dean",,ball,R,R,BAL,CHC,0,1,,,,87.6,Cutter
CU,2026-07-08,"Hughes, Gabriel",,foul,L,R,LAD,COL,0,1,,,,78.7,Curveball
CH,2026-07-08,"Gore, MacKenzie",,ball,R,L,TEX,LAA,0,1,,,,87.4,Changeup
FC,2026-07-08,"Scott, Christian",,foul,L,R,NYM,KC,3,2,295,97.4,44,92.8,Cutter
FF,2026-07-08,"Scott, Christian",,foul,L,R,NYM,KC,3,1,198,73.6,55,97.2,4-Seam Fastball
FC,2026-07-08,"Gore, MacKenzie",,foul,R,L,TEX,LAA,0,0,13,90.4,-11,89.6,Cutter
FF,2026-07-08,"Kremer, Dean",,called_strike,R,R,BAL,CHC,0,0,,,,94,4-Seam Fastball
FF,2026-07-08,"Hughes, Gabriel",,called_strike,L,R,LAD,COL,0,0,,,,94.6,4-Seam Fastball
FF,2026-07-08,"Scott, Christian",,ball,L,R,NYM,KC,2,1,,,,96.5,4-Seam Fastball
CH,2026-07-08,"Gore, MacKenzie",field_out,hit_into_play,R,L,TEX,LAA,1,0,352,92.7,24,88.4,Changeup
FS,2026-07-08,"Kremer, Dean",home_run,hit_into_play,L,R,BAL,CHC,0,2,370,94.2,35,82.9,Split-Finger
FF,2026-07-08,"Hughes, Gabriel",field_out,hit_into_play,L,R,LAD,COL,0,1,317,94.1,21,94.9,4-Seam Fastball
FF,2026-07-08,"Hughes, Gabriel",,called_strike,L,R,LAD,COL,0,0,,,,94.2,4-Seam Fastball
FC,2026-07-08,"Scott, Christian",,ball,L,R,NYM,KC,1,1,,,,93.2,Cutter
FS,2026-07-08,"Kremer, Dean",,swinging_strike,L,R,BAL,CHC,0,1,,,,84.6,Split-Finger
CU,2026-07-08,"Gore, MacKenzie",,ball,R,L,TEX,LAA,0,0,,,,83.8,Curveball
FF,2026-07-08,"Hughes, Gabriel",strikeout,swinging_strike,R,R,LAD,COL,2,2,,,,95.7,4-Seam Fastball
FS,2026-07-08,"Kremer, Dean",,swinging_strike,L,R,BAL,CHC,0,0,,,,83.3,Split-Finger
FF,2026-07-08,"Scott, Christian",,swinging_strike,L,R,NYM,KC,1,0,,,,96.7,4-Seam Fastball
CH,2026-07-08,"Gore, MacKenzie",strikeout,swinging_strike,R,L,TEX,LAA,2,2,,,,87.8,Changeup
FS,2026-07-08,"Kremer, Dean",strikeout,swinging_strike,R,R,BAL,CHC,2,2,,,,83.4,Split-Finger
FF,2026-07-08,"Hughes, Gabriel",,foul,R,R,LAD,COL,2,2,272,85.6,29,95.2,4-Seam Fastball
FC,2026-07-08,"Scott, Christian",,ball,L,R,NYM,KC,0,0,,,,92.8,Cutter
CH,2026-07-08,"Gore, MacKenzie",,ball,R,L,TEX,LAA,1,2,,,,88,Changeup
FF,2026-07-08,"Scott, Christian",walk,ball,R,R,NYM,KC,3,2,,,,97.6,4-Seam Fastball
CH,2026-07-08,"Hughes, Gabriel",,ball,R,R,LAD,COL,1,2,,,,88.9,Changeup
FC,2026-07-08,"Kremer, Dean",,foul,R,R,BAL,CHC,2,2,2,59.8,-44,88.2,Cutter
FF,2026-07-08,"Gore, MacKenzie",,foul,R,L,TEX,LAA,1,1,227,72,35,96.4,4-Seam Fastball
SI,2026-07-08,"Kremer, Dean",,ball,R,R,BAL,CHC,1,2,,,,93.3,Sinker
FF,2026-07-08,"Hughes, Gabriel",,foul,R,R,LAD,COL,1,2,124,80.4,9,96.3,4-Seam Fastball
FF,2026-07-08,"Scott, Christian",,foul,R,R,NYM,KC,3,2,134,73.8,11,96.9,4-Seam Fastball
FF,2026-07-08,"Gore, MacKenzie",,ball,R,L,TEX,LAA,0,1,,,,96.4,4-Seam Fastball
CH,2026-07-08,"Gore, MacKenzie",,called_strike,R,L,TEX,LAA,0,0,,,,87.6,Changeup
FF,2026-07-08,"Kremer, Dean",,foul,R,R,BAL,CHC,1,2,204,77.7,62,94.1,4-Seam Fastball
SL,2026-07-08,"Hughes, Gabriel",,foul,R,R,LAD,COL,1,2,198,72.1,49,87.9,Slider
FF,2026-07-08,"Scott, Christian",,called_strike,R,R,NYM,KC,3,1,,,,96.6,4-Seam Fastball
FF,2026-07-08,"Scott, Christian",,called_strike,R,R,NYM,KC,3,0,,,,96.7,4-Seam Fastball
SI,2026-07-08,"Hughes, Gabriel",,called_strike,R,R,LAD,COL,1,1,,,,96.6,Sinker
FF,2026-07-08,"Gore, MacKenzie",field_out,hit_into_play,L,L,TEX,LAA,0,1,365,96.5,30,97.2,4-Seam Fastball
FC,2026-07-08,"Kremer, Dean",,foul,R,R,BAL,CHC,1,2,205,73.6,53,87.1,Cutter
FS,2026-07-08,"Kremer, Dean",,foul,R,R,BAL,CHC,1,2,6,71.8,-20,83.2,Split-Finger
FF,2026-07-08,"Hughes, Gabriel",,called_strike,R,R,LAD,COL,1,0,,,,94.7,4-Seam Fastball
FC,2026-07-08,"Scott, Christian",,ball,R,R,NYM,KC,2,0,,,,89.2,Cutter
FF,2026-07-08,"Gore, MacKenzie",,swinging_strike,L,L,TEX,LAA,0,0,,,,95.4,4-Seam Fastball
FC,2026-07-08,"Kremer, Dean",,swinging_strike,R,R,BAL,CHC,1,1,,,,87.7,Cutter
CH,2026-07-08,"Gore, MacKenzie",strikeout,swinging_strike,R,L,TEX,LAA,1,2,,,,88,Changeup
FC,2026-07-08,"Scott, Christian",,ball,R,R,NYM,KC,1,0,,,,89.9,Cutter
SI,2026-07-08,"Hughes, Gabriel",,ball,R,R,LAD,COL,0,0,,,,95.1,Sinker
FC,2026-07-08,"Kremer, Dean",,ball,R,R,BAL,CHC,0,1,,,,87.2,Cutter
FF,2026-07-08,"Gore, MacKenzie",,called_strike,R,L,TEX,LAA,1,1,,,,96.2,4-Seam Fastball
ST,2026-07-08,"Scott, Christian",,ball,R,R,NYM,KC,0,0,,,,82.1,Sweeper
FF,2026-07-08,"Hughes, Gabriel",single,hit_into_play,L,R,LAD,COL,1,1,256,92.3,17,94.5,4-Seam Fastball
ST,2026-07-08,"Scott, Christian",field_out,hit_into_play,L,R,NYM,KC,2,2,283,83.2,44,81.5,Sweeper
CH,2026-07-08,"Hughes, Gabriel",,ball,L,R,LAD,COL,0,1,,,,90.1,Changeup
FC,2026-07-08,"Kremer, Dean",,swinging_strike,R,R,BAL,CHC,0,0,,,,87.1,Cutter
FF,2026-07-08,"Gore, MacKenzie",,swinging_strike,R,L,TEX,LAA,1,0,,,,97.8,4-Seam Fastball
SI,2026-07-08,"Kremer, Dean",strikeout,called_strike,R,R,BAL,CHC,3,2,,,,93.3,Sinker
FC,2026-07-08,"Scott, Christian",,foul,L,R,NYM,KC,2,1,166,67.3,33,91.8,Cutter
CH,2026-07-08,"Hughes, Gabriel",,called_strike,L,R,LAD,COL,0,0,,,,89.4,Changeup
CU,2026-07-08,"Gore, MacKenzie",,ball,R,L,TEX,LAA,0,0,,,,84.2,Curveball
FF,2026-07-08,"Scott, Christian",,ball,L,R,NYM,KC,1,1,,,,95.4,4-Seam Fastball
FS,2026-07-08,"Kremer, Dean",,ball,R,R,BAL,CHC,2,2,,,,82.4,Split-Finger
FF,2026-07-08,"Hughes, Gabriel",strikeout,swinging_strike,R,R,LAD,COL,2,2,,,,95.2,4-Seam Fastball
CH,2026-07-08,"Gore, MacKenzie",strikeout,swinging_strike,R,L,TEX,LAA,1,2,,,,87.4,Changeup
FF,2026-07-08,"Gore, MacKenzie",,ball,R,L,TEX,LAA,0,2,,,,96.6,4-Seam Fastball
FC,2026-07-08,"Kremer, Dean",,called_strike,R,R,BAL,CHC,2,1,,,,87.3,Cutter
FC,2026-07-08,"Scott, Christian",,swinging_strike,L,R,NYM,KC,1,0,,,,92.5,Cutter
SL,2026-07-08,"Hughes, Gabriel",,blocked_ball,R,R,LAD,COL,1,2,,,,87.5,Slider
ST,2026-07-08,"Scott, Christian",,ball,L,R,NYM,KC,0,0,,,,80.4,Sweeper
CH,2026-07-08,"Gore, MacKenzie",,foul,R,L,TEX,LAA,0,1,,,,87.7,Changeup
FC,2026-07-08,"Kremer, Dean",,blocked_ball,R,R,BAL,CHC,1,1,,,,89.3,Cutter
SL,2026-07-08,"Hughes, Gabriel",,ball,R,R,LAD,COL,0,2,,,,88.3,Slider
CU,2026-07-08,"Gore, MacKenzie",,called_strike,R,L,TEX,LAA,0,0,,,,82.5,Curveball
SI,2026-07-08,"Kremer, Dean",,called_strike,R,R,BAL,CHC,1,0,,,,93,Sinker
FF,2026-07-08,"Hughes, Gabriel",,swinging_strike,R,R,LAD,COL,0,1,,,,94.4,4-Seam Fastball
FF,2026-07-08,"Scott, Christian",field_out,hit_into_play,R,R,NYM,KC,2,2,3,69.4,-37,97.5,4-Seam Fastball
FF,2026-07-08,"Hughes, Gabriel",,foul_tip,R,R,LAD,COL,0,0,,,,95.1,4-Seam Fastball
CU,2026-07-08,"Gore, MacKenzie",field_out,hit_into_play,R,L,TEX,LAA,2,2,221,67,41,83.5,Curveball
FC,2026-07-08,"Kremer, Dean",,ball,R,R,BAL,CHC,0,0,,,,88.3,Cutter
FF,2026-07-08,"Scott, Christian",,swinging_strike,R,R,NYM,KC,2,1,,,,95.6,4-Seam Fastball
CH,2026-07-08,"Hughes, Gabriel",walk,ball,L,R,LAD,COL,3,2,,,,91,Changeup
FS,2026-07-08,"Kremer, Dean",strikeout,swinging_strike,L,R,BAL,CHC,3,2,,,,84.2,Split-Finger
CU,2026-07-08,"Scott, Christian",,ball,R,R,NYM,KC,1,1,,,,81.6,Curveball
FF,2026-07-08,"Gore, MacKenzie",,ball,R,L,TEX,LAA,1,2,,,,96.1,4-Seam Fastball
FF,2026-07-08,"Hughes, Gabriel",,ball,L,R,LAD,COL,2,2,,,,94.3,4-Seam Fastball
FF,2026-07-08,"Kremer, Dean",,ball,L,R,BAL,CHC,2,2,,,,93.9,4-Seam Fastball
FF,2026-07-08,"Gore, MacKenzie",,foul,R,L,TEX,LAA,1,2,27,89.4,-4,96.3,4-Seam Fastball
FF,2026-07-08,"Scott, Christian",,foul,R,R,NYM,KC,1,0,239,87.7,52,96.2,4-Seam Fastball
FF,2026-07-08,"Scott, Christian",,ball,R,R,NYM,KC,0,0,,,,94.8,4-Seam Fastball
FF,2026-07-08,"Hughes, Gabriel",,foul,L,R,LAD,COL,2,1,3,69.9,-34,95.8,4-Seam Fastball
FF,2026-07-08,"Kremer, Dean",,ball,L,R,BAL,CHC,1,2,,,,93.7,4-Seam Fastball
CH,2026-07-08,"Gore, MacKenzie",,foul,R,L,TEX,LAA,1,1,6,71.9,-20,86.8,Changeup
CH,2026-07-08,"Gore, MacKenzie",,foul,R,L,TEX,LAA,1,0,2,31.4,-42,85.8,Changeup
SL,2026-07-08,"Hughes, Gabriel",,ball,L,R,LAD,COL,1,1,,,,87.2,Slider
FS,2026-07-08,"Kremer, Dean",,foul,L,R,BAL,CHC,1,2,2,37.7,-39,84,Split-Finger
FF,2026-07-08,"Scott, Christian",strikeout,called_strike,R,R,NYM,KC,2,2,,,,97.7,4-Seam Fastball
ST,2026-07-08,"Scott, Christian",,foul,R,R,NYM,KC,2,2,,,,82.3,Sweeper
CU,2026-07-08,"Hughes, Gabriel",,blocked_ball,L,R,LAD,COL,0,1,,,,78.6,Curveball
FS,2026-07-08,"Kremer, Dean",,ball,L,R,BAL,CHC,0,2,,,,83.1,Split-Finger
FF,2026-07-08,"Gore, MacKenzie",,ball,R,L,TEX,LAA,0,0,,,,94.7,4-Seam Fastball
FC,2026-07-08,"Gore, MacKenzie",field_out,hit_into_play,R,L,TEX,LAA,1,0,31,88.6,85,92.1,Cutter
SL,2026-07-08,"Hughes, Gabriel",,swinging_strike,L,R,LAD,COL,0,0,,,,87.5,Slider
FS,2026-07-08,"Kremer, Dean",,called_strike,L,R,BAL,CHC,0,1,,,,83.5,Split-Finger
FF,2026-07-08,"Scott, Christian",,foul,R,R,NYM,KC,2,2,255,75.9,45,96.5,4-Seam Fastball
FF,2026-07-08,"Hughes, Gabriel",walk,ball,R,R,LAD,COL,3,2,,,,95.5,4-Seam Fastball
FF,2026-07-08,"Gore, MacKenzie",,ball,R,L,TEX,LAA,0,0,,,,96.6,4-Seam Fastball
ST,2026-07-08,"Scott, Christian",,foul,R,R,NYM,KC,2,2,166,72.1,69,84.4,Sweeper
FF,2026-07-08,"Kremer, Dean",,called_strike,L,R,BAL,CHC,0,0,,,,92.4,4-Seam Fastball
FF,2026-07-08,"Kremer, Dean",walk,ball,R,R,BAL,CHC,3,2,,,,92.6,4-Seam Fastball
FF,2026-07-08,"Gore, MacKenzie",strikeout,swinging_strike,R,L,TEX,LAA,2,2,,,,95.8,4-Seam Fastball
SI,2026-07-08,"Hughes, Gabriel",,foul,R,R,LAD,COL,3,1,4,96,-18,96.6,Sinker
FF,2026-07-08,"Scott, Christian",,swinging_strike,R,R,NYM,KC,2,1,,,,97.3,4-Seam Fastball
FC,2026-07-08,"Scott, Christian",,called_strike,R,R,NYM,KC,2,0,,,,92.1,Cutter
FC,2026-07-08,"Gore, MacKenzie",,ball,R,L,TEX,LAA,1,2,,,,92.4,Cutter
FF,2026-07-08,"Hughes, Gabriel",,foul,R,R,LAD,COL,3,0,178,65.9,53,94.8,4-Seam Fastball
FS,2026-07-08,"Kremer, Dean",,ball,R,R,BAL,CHC,2,2,,,,81.8,Split-Finger
FF,2026-07-08,"Hughes, Gabriel",,ball,R,R,LAD,COL,2,0,,,,95.7,4-Seam Fastball
CU,2026-07-08,"Gore, MacKenzie",,foul,R,L,TEX,LAA,1,2,45,101.1,1,84.1,Curveball
FF,2026-07-08,"Kremer, Dean",,foul,R,R,BAL,CHC,2,1,204,85.3,59,92.8,4-Seam Fastball
FF,2026-07-08,"Scott, Christian",,ball,R,R,NYM,KC,1,0,,,,97,4-Seam Fastball
ST,2026-07-08,"Scott, Christian",,ball,R,R,NYM,KC,0,0,,,,81.5,Sweeper
FF,2026-07-08,"Gore, MacKenzie",,foul,R,L,TEX,LAA,1,1,89,71.2,18,97.2,4-Seam Fastball
FC,2026-07-08,"Kremer, Dean",,called_strike,R,R,BAL,CHC,2,0,,,,86.9,Cutter
SL,2026-07-08,"Hughes, Gabriel",,blocked_ball,R,R,LAD,COL,1,0,,,,89.5,Slider
FF,2026-07-08,"Gore, MacKenzie",,ball,R,L,TEX,LAA,0,1,,,,96.5,4-Seam Fastball
FC,2026-07-08,"Kremer, Dean",,ball,R,R,BAL,CHC,1,0,,,,86.4,Cutter
FF,2026-07-08,"Hughes, Gabriel",,ball,R,R,LAD,COL,0,0,,,,96.2,4-Seam Fastball
FC,2026-07-08,"Scott, Christian",field_out,hit_into_play,L,R,NYM,KC,0,0,93,39.7,38,91.3,Cutter
FC,2026-07-08,"Gore, MacKenzie",,called_strike,R,L,TEX,LAA,0,0,,,,91.1,Cutter
FF,2026-07-08,"Hughes, Gabriel",double,hit_into_play,L,R,LAD,COL,2,2,189,80.5,17,96.5,4-Seam Fastball
SI,2026-07-08,"Kremer, Dean",,ball,R,R,BAL,CHC,0,0,,,,89.8,Sinker
ST,2026-07-08,"Scott, Christian",single,hit_into_play,R,R,NYM,KC,2,2,30,94,-2,82.2,Sweeper
ST,2026-07-08,"Scott, Christian",,ball,R,R,NYM,KC,1,2,,,,82,Sweeper
FF,2026-07-08,"Kremer, Dean",field_out,hit_into_play,L,R,BAL,CHC,0,0,240,77.8,50,93,4-Seam Fastball
FF,2026-07-08,"Gore, MacKenzie",single,hit_into_play,R,L,TEX,LAA,0,0,258,105.2,14,95.8,4-Seam Fastball
CH,2026-07-08,"Hughes, Gabriel",,foul,L,R,LAD,COL,2,1,297,96.8,20,91,Changeup
FF,2026-07-08,"Gore, MacKenzie",strikeout,called_strike,R,L,TEX,LAA,2,2,,,,97,4-Seam Fastball
FF,2026-07-08,"Hughes, Gabriel",,ball,L,R,LAD,COL,1,1,,,,95.9,4-Seam Fastball
ST,2026-07-08,"Scott, Christian",,swinging_strike,R,R,NYM,KC,1,1,,,,82.7,Sweeper
SI,2026-07-08,"Kremer, Dean",force_out,hit_into_play,R,R,BAL,CHC,0,0,123,82.9,8,91.9,Sinker
CU,2026-07-08,"Gore, MacKenzie",,blocked_ball,R,L,TEX,LAA,1,2,,,,84.8,Curveball
FS,2026-07-08,"Kremer, Dean",single,hit_into_play,L,R,BAL,CHC,1,1,179,93.6,13,82.9,Split-Finger
FF,2026-07-08,"Hughes, Gabriel",,called_strike,L,R,LAD,COL,1,0,,,,95.5,4-Seam Fastball
FF,2026-07-08,"Scott, Christian",,called_strike,R,R,NYM,KC,1,0,,,,97.5,4-Seam Fastball
CU,2026-07-08,"Kremer, Dean",,ball,L,R,BAL,CHC,0,1,,,,76.6,Curveball
SL,2026-07-08,"Hughes, Gabriel",,blocked_ball,L,R,LAD,COL,0,0,,,,87.3,Slider
FF,2026-07-08,"Scott, Christian",,ball,R,R,NYM,KC,0,0,,,,95.5,4-Seam Fastball
FF,2026-07-08,"Gore, MacKenzie",,ball,R,L,TEX,LAA,0,2,,,,96.4,4-Seam Fastball
FF,2026-07-08,"Gore, MacKenzie",,swinging_strike,R,L,TEX,LAA,0,1,,,,96.4,4-Seam Fastball
SI,2026-07-08,"Hughes, Gabriel",single,hit_into_play,L,R,LAD,COL,0,0,13,93.2,-9,95.1,Sinker
CU,2026-07-08,"Kremer, Dean",,swinging_strike,L,R,BAL,CHC,0,0,,,,76.1,Curveball
CU,2026-07-08,"Scott, Christian",strikeout,called_strike,L,R,NYM,KC,3,2,,,,82.6,Curveball
FC,2026-07-08,"Scott, Christian",,foul,L,R,NYM,KC,3,1,9,80.3,-18,92.3,Cutter
SI,2026-07-08,"Kremer, Dean",field_out,hit_into_play,R,R,BAL,CHC,0,0,369,96.9,25,91.9,Sinker
FF,2026-07-08,"Hughes, Gabriel",field_out,hit_into_play,L,R,LAD,COL,2,2,283,88.8,47,95.2,4-Seam Fastball
FF,2026-07-08,"Gore, MacKenzie",,called_strike,R,L,TEX,LAA,0,0,,,,96,4-Seam Fastball
FS,2026-07-08,"Kremer, Dean",strikeout,swinging_strike,L,R,BAL,CHC,1,2,,,,83.6,Split-Finger
FF,2026-07-08,"Scott, Christian",,called_strike,L,R,NYM,KC,3,0,,,,96.8,4-Seam Fastball
ST,2026-07-08,"Hughes, Gabriel",,ball,L,R,LAD,COL,1,2,,,,88,Sweeper
CU,2026-07-08,"Gore, MacKenzie",double,hit_into_play,R,L,TEX,LAA,1,2,258,94.1,22,84.5,Curveball
SL,2026-07-08,"Hughes, Gabriel",,ball,L,R,LAD,COL,0,2,,,,88.4,Slider
FF,2026-07-08,"Scott, Christian",,ball,L,R,NYM,KC,2,0,,,,96.8,4-Seam Fastball
CU,2026-07-08,"Gore, MacKenzie",,ball,R,L,TEX,LAA,0,2,,,,86.3,Curveball
FF,2026-07-08,"Kremer, Dean",,ball,L,R,BAL,CHC,0,2,,,,93.8,4-Seam Fastball
FF,2026-07-08,"Scott, Christian",,ball,L,R,NYM,KC,1,0,,,,95.5,4-Seam Fastball
FF,2026-07-08,"Kremer, Dean",,swinging_strike,L,R,BAL,CHC,0,1,,,,94.2,4-Seam Fastball
CH,2026-07-08,"Hughes, Gabriel",,foul,L,R,LAD,COL,0,1,162,69.4,19,90.3,Changeup
FC,2026-07-08,"Gore, MacKenzie",,called_strike,R,L,TEX,LAA,0,1,,,,91,Cutter
FF,2026-07-08,"Hughes, Gabriel",,foul,L,R,LAD,COL,0,0,180,74.4,64,96.2,4-Seam Fastball
FF,2026-07-08,"Kremer, Dean",,called_strike,L,R,BAL,CHC,0,0,,,,94,4-Seam Fastball
CU,2026-07-08,"Gore, MacKenzie",,called_strike,R,L,TEX,LAA,0,0,,,,84,Curveball
FF,2026-07-08,"Scott, Christian",,ball,L,R,NYM,KC,0,0,,,,93.4,4-Seam Fastball
FF,2026-07-07,"Dobbins, Hunter",walk,ball,R,R,STL,MIL,3,1,,,,92.2,4-Seam Fastball
SI,2026-07-07,"Dobbins, Hunter",,ball,R,R,STL,MIL,2,1,,,,92.4,Sinker
FF,2026-07-07,"Dobbins, Hunter",,ball,R,R,STL,MIL,1,1,,,,91.9,4-Seam Fastball
FS,2026-07-07,"Dobbins, Hunter",,ball,R,R,STL,MIL,0,1,,,,86.7,Split-Finger
SI,2026-07-07,"Dobbins, Hunter",,called_strike,R,R,STL,MIL,0,0,,,,92.6,Sinker
FF,2026-07-07,"Dobbins, Hunter",field_out,hit_into_play,L,R,STL,MIL,1,0,347,98.4,42,93.6,4-Seam Fastball
ST,2026-07-07,"Dobbins, Hunter",,ball,L,R,STL,MIL,0,0,,,,81.6,Sweeper
FF,2026-07-07,"Dobbins, Hunter",single,hit_into_play,L,R,STL,MIL,3,1,13,98.9,-7,92.1,4-Seam Fastball
SL,2026-07-07,"Dobbins, Hunter",,ball,L,R,STL,MIL,2,1,,,,85.6,Slider
FS,2026-07-07,"Dobbins, Hunter",,blocked_ball,L,R,STL,MIL,1,1,,,,86.7,Split-Finger
FS,2026-07-07,"Dobbins, Hunter",,ball,L,R,STL,MIL,0,1,,,,88.1,Split-Finger
FF,2026-07-07,"Dobbins, Hunter",,called_strike,L,R,STL,MIL,0,0,,,,95,4-Seam Fastball
CU,2026-07-07,"Dobbins, Hunter",strikeout,swinging_strike,L,R,STL,MIL,2,2,,,,80.3,Curveball
FS,2026-07-07,"Dobbins, Hunter",,ball,L,R,STL,MIL,1,2,,,,89.1,Split-Finger
SL,2026-07-07,"Dobbins, Hunter",,foul,L,R,STL,MIL,1,2,5,92.4,-23,88.4,Slider
CU,2026-07-07,"Dobbins, Hunter",,swinging_strike_blocked,L,R,STL,MIL,1,1,,,,80,Curveball
FF,2026-07-07,"Dobbins, Hunter",,ball,L,R,STL,MIL,0,1,,,,95.5,4-Seam Fastball
SL,2026-07-07,"Dobbins, Hunter",,foul,L,R,STL,MIL,0,0,291,89.5,45,87.3,Slider
FF,2026-07-07,"Dobbins, Hunter",single,hit_into_play,R,R,STL,MIL,1,0,249,103,11,92.5,4-Seam Fastball
SI,2026-07-07,"Dobbins, Hunter",,ball,R,R,STL,MIL,0,0,,,,92.9,Sinker
SI,2026-07-07,"Dobbins, Hunter",walk,ball,R,R,STL,MIL,3,2,,,,93.4,Sinker
SI,2026-07-07,"Dobbins, Hunter",,ball,R,R,STL,MIL,2,2,,,,93.7,Sinker
ST,2026-07-07,"Dobbins, Hunter",,blocked_ball,R,R,STL,MIL,1,2,,,,80.6,Sweeper
ST,2026-07-07,"Dobbins, Hunter",,ball,R,R,STL,MIL,0,2,,,,82.7,Sweeper
SI,2026-07-07,"Dobbins, Hunter",,foul,R,R,STL,MIL,0,1,195,85.2,60,93.2,Sinker
SL,2026-07-07,"Dobbins, Hunter",,called_strike,R,R,STL,MIL,0,0,,,,84.3,Slider
ST,2026-07-07,"Dobbins, Hunter",field_out,hit_into_play,L,R,STL,MIL,1,2,284,82.6,33,80.9,Sweeper
SI,2026-07-07,"Dobbins, Hunter",,ball,L,R,STL,MIL,0,2,,,,93.6,Sinker
FS,2026-07-07,"Dobbins, Hunter",,foul,L,R,STL,MIL,0,1,1,78.9,-53,87.5,Split-Finger
SL,2026-07-07,"Lopez, Jacob",strikeout,swinging_strike,L,L,DET,ATH,2,2,,,,77.1,Slider
FF,2026-07-07,"Dobbins, Hunter",,called_strike,L,R,STL,MIL,0,0,,,,93.5,4-Seam Fastball
FF,2026-07-07,"Dobbins, Hunter",walk,ball,R,R,STL,MIL,3,1,,,,93.4,4-Seam Fastball
SL,2026-07-07,"Lopez, Jacob",,foul,L,L,DET,ATH,2,2,158,60,57,78.1,Slider
FF,2026-07-07,"Lopez, Jacob",,foul,L,L,DET,ATH,2,2,137,75.5,11,92.6,4-Seam Fastball
ST,2026-07-07,"Dobbins, Hunter",,ball,R,R,STL,MIL,2,1,,,,82.1,Sweeper
ST,2026-07-07,"Dobbins, Hunter",,ball,R,R,STL,MIL,1,1,,,,82.2,Sweeper
FF,2026-07-07,"Lopez, Jacob",,swinging_strike,L,L,DET,ATH,2,1,,,,92.3,4-Seam Fastball
SL,2026-07-07,"Dobbins, Hunter",,ball,R,R,STL,MIL,0,1,,,,89.2,Slider
SL,2026-07-07,"Lopez, Jacob",,foul,L,L,DET,ATH,2,0,180,64.1,50,76.7,Slider
SL,2026-07-07,"Dobbins, Hunter",,called_strike,R,R,STL,MIL,0,0,,,,86.3,Slider
SL,2026-07-07,"Lopez, Jacob",,ball,L,L,DET,ATH,1,0,,,,75.9,Slider
FF,2026-07-07,"Lopez, Jacob",,ball,L,L,DET,ATH,0,0,,,,90.7,4-Seam Fastball
ST,2026-07-07,"Dobbins, Hunter",strikeout,swinging_strike_blocked,L,R,STL,MIL,1,2,,,,82,Sweeper
CU,2026-07-07,"Dobbins, Hunter",,swinging_strike,L,R,STL,MIL,1,1,,,,79.7,Curveball
FC,2026-07-07,"Lopez, Jacob",strikeout,called_strike,R,L,DET,ATH,2,2,,,,88.6,Cutter
SL,2026-07-07,"Dobbins, Hunter",,ball,L,R,STL,MIL,0,1,,,,88.3,Slider
SL,2026-07-07,"Lopez, Jacob",,foul,R,L,DET,ATH,2,2,,,,77,Slider
SL,2026-07-07,"Lopez, Jacob",,foul,R,L,DET,ATH,2,2,,,,78.4,Slider
FF,2026-07-07,"Dobbins, Hunter",,called_strike,L,R,STL,MIL,0,0,,,,94.9,4-Seam Fastball
FF,2026-07-07,"Lopez, Jacob",,called_strike,R,L,DET,ATH,2,1,,,,92.9,4-Seam Fastball
ST,2026-07-07,"Dobbins, Hunter",field_out,hit_into_play,R,R,STL,MIL,1,2,232,81.9,47,82.1,Sweeper
FF,2026-07-07,"Dobbins, Hunter",,foul,R,R,STL,MIL,1,1,227,79.7,53,94,4-Seam Fastball
FC,2026-07-07,"Lopez, Jacob",,ball,R,L,DET,ATH,1,1,,,,87.8,Cutter
SI,2026-07-07,"Dobbins, Hunter",,called_strike,R,R,STL,MIL,1,0,,,,93.4,Sinker
FC,2026-07-07,"Lopez, Jacob",,ball,R,L,DET,ATH,0,1,,,,87.6,Cutter
CH,2026-07-07,"Lopez, Jacob",,foul,R,L,DET,ATH,0,0,5,51.2,-22,84.1,Changeup
FF,2026-07-07,"Dobbins, Hunter",,ball,R,R,STL,MIL,0,0,,,,95,4-Seam Fastball
FF,2026-07-07,"Lopez, Jacob",field_out,hit_into_play,L,L,DET,ATH,3,2,176,77.1,17,92.3,4-Seam Fastball
FS,2026-07-07,"Dobbins, Hunter",field_out,hit_into_play,L,R,STL,MIL,2,2,13,71.1,-7,89.7,Split-Finger
SL,2026-07-07,"Lopez, Jacob",,foul,L,L,DET,ATH,3,2,85,80.8,84,76.9,Slider
SI,2026-07-07,"Dobbins, Hunter",,ball,L,R,STL,MIL,1,2,,,,94.6,Sinker
FF,2026-07-07,"Dobbins, Hunter",,foul,L,R,STL,MIL,1,1,249,80.3,29,96,4-Seam Fastball
SL,2026-07-07,"Lopez, Jacob",,ball,L,L,DET,ATH,2,2,,,,76,Slider
FF,2026-07-07,"Dobbins, Hunter",,foul,L,R,STL,MIL,1,0,26,88.7,-5,94.8,4-Seam Fastball
SL,2026-07-07,"Lopez, Jacob",,ball,L,L,DET,ATH,1,2,,,,74.8,Slider
FF,2026-07-07,"Lopez, Jacob",,foul,L,L,DET,ATH,1,2,,,,93.4,4-Seam Fastball
FF,2026-07-07,"Dobbins, Hunter",,ball,L,R,STL,MIL,0,0,,,,93.7,4-Seam Fastball
CU,2026-07-07,"Dobbins, Hunter",field_out,hit_into_play,L,R,STL,MIL,0,0,229,85.7,19,80.1,Curveball
SL,2026-07-07,"Lopez, Jacob",,ball,L,L,DET,ATH,0,2,,,,74.5,Slider
FF,2026-07-07,"Dobbins, Hunter",field_out,hit_into_play,L,R,STL,MIL,1,1,32,68,0,96,4-Seam Fastball
SL,2026-07-07,"Lopez, Jacob",,swinging_strike,L,L,DET,ATH,0,1,,,,76.1,Slider
FF,2026-07-07,"Lopez, Jacob",,called_strike,L,L,DET,ATH,0,0,,,,91.3,4-Seam Fastball
FF,2026-07-07,"Dobbins, Hunter",,foul,L,R,STL,MIL,1,0,131,78.8,16,94.6,4-Seam Fastball
FC,2026-07-07,"Lopez, Jacob",strikeout,swinging_strike,R,L,DET,ATH,2,2,,,,88.8,Cutter
FF,2026-07-07,"Dobbins, Hunter",,ball,L,R,STL,MIL,0,0,,,,94.5,4-Seam Fastball
FF,2026-07-07,"Lopez, Jacob",,ball,R,L,DET,ATH,1,2,,,,93.5,4-Seam Fastball
ST,2026-07-07,"Dobbins, Hunter",strikeout,swinging_strike,R,R,STL,MIL,1,2,,,,83.1,Sweeper
SL,2026-07-07,"Lopez, Jacob",,foul,R,L,DET,ATH,1,2,348,97.7,43,76.6,Slider
FF,2026-07-07,"Dobbins, Hunter",,foul,R,R,STL,MIL,1,1,249,78.7,29,95.2,4-Seam Fastball
FS,2026-07-07,"Dobbins, Hunter",,swinging_strike,R,R,STL,MIL,1,0,,,,88.8,Split-Finger
SL,2026-07-07,"Lopez, Jacob",,foul,R,L,DET,ATH,1,2,313,89.8,27,78.9,Slider
FF,2026-07-07,"Lopez, Jacob",,ball,R,L,DET,ATH,0,2,,,,92.3,4-Seam Fastball
SI,2026-07-07,"Dobbins, Hunter",,ball,R,R,STL,MIL,0,0,,,,95.5,Sinker
SL,2026-07-07,"Lopez, Jacob",,foul,R,L,DET,ATH,0,2,156,69,61,77.5,Slider
FF,2026-07-07,"Dobbins, Hunter",triple,hit_into_play,R,R,STL,MIL,1,2,336,95.9,31,95,4-Seam Fastball
SL,2026-07-07,"Dobbins, Hunter",,ball,R,R,STL,MIL,0,2,,,,89,Slider
FC,2026-07-07,"Lopez, Jacob",,swinging_strike,R,L,DET,ATH,0,1,,,,87.3,Cutter
FF,2026-07-07,"Lopez, Jacob",,called_strike,R,L,DET,ATH,0,0,,,,92,4-Seam Fastball
FF,2026-07-07,"Dobbins, Hunter",,called_strike,R,R,STL,MIL,0,1,,,,95.8,4-Seam Fastball
FF,2026-07-07,"Dobbins, Hunter",,foul,R,R,STL,MIL,0,0,,,,93.4,4-Seam Fastball
SI,2026-07-07,"Lopez, Jacob",single,hit_into_play,L,L,DET,ATH,2,1,252,104.5,14,91.7,Sinker
SL,2026-07-07,"Lopez, Jacob",,ball,L,L,DET,ATH,1,1,,,,79.5,Slider
SL,2026-07-07,"Dobbins, Hunter",field_out,hit_into_play,L,R,STL,MIL,1,1,315,84.3,25,86.9,Slider
FS,2026-07-07,"Dobbins, Hunter",,ball,L,R,STL,MIL,0,1,,,,88.2,Split-Finger
SL,2026-07-07,"Lopez, Jacob",,ball,L,L,DET,ATH,0,1,,,,76.9,Slider
FF,2026-07-07,"Dobbins, Hunter",,called_strike,L,R,STL,MIL,0,0,,,,95,4-Seam Fastball
SI,2026-07-07,"Lopez, Jacob",,called_strike,L,L,DET,ATH,0,0,,,,92.1,Sinker
FF,2026-07-07,"Lopez, Jacob",double,hit_into_play,R,L,DET,ATH,0,2,244,75.9,27,93.5,4-Seam Fastball
SI,2026-07-07,"Dobbins, Hunter",field_out,hit_into_play,R,R,STL,MIL,2,1,307,92.4,21,95.1,Sinker
ST,2026-07-07,"Dobbins, Hunter",,ball,R,R,STL,MIL,1,1,,,,83.3,Sweeper
FC,2026-07-07,"Lopez, Jacob",,foul,R,L,DET,ATH,0,1,210,71.2,51,88.7,Cutter
SL,2026-07-07,"Dobbins, Hunter",,called_strike,R,R,STL,MIL,1,0,,,,88.7,Slider
FF,2026-07-07,"Lopez, Jacob",,called_strike,R,L,DET,ATH,0,0,,,,91.9,4-Seam Fastball
FF,2026-07-07,"Dobbins, Hunter",,ball,R,R,STL,MIL,0,0,,,,93.8,4-Seam Fastball
FC,2026-07-07,"Lopez, Jacob",double,hit_into_play,R,L,DET,ATH,0,0,168,83.1,64,90.8,Cutter
FF,2026-07-07,"Lopez, Jacob",single,hit_into_play,R,L,DET,ATH,0,0,246,91.4,19,92.8,4-Seam Fastball
FF,2026-07-07,"Dobbins, Hunter",field_out,hit_into_play,L,R,STL,MIL,0,0,190,62.4,38,93.5,4-Seam Fastball
SL,2026-07-07,"Lopez, Jacob",walk,ball,L,L,DET,ATH,3,1,,,,77.3,Slider
ST,2026-07-07,"Dobbins, Hunter",strikeout,called_strike,R,R,STL,MIL,3,2,,,,80.1,Sweeper
FF,2026-07-07,"Lopez, Jacob",,called_strike,L,L,DET,ATH,3,0,,,,90.1,4-Seam Fastball
SL,2026-07-07,"Dobbins, Hunter",,swinging_strike,R,R,STL,MIL,3,1,,,,88.3,Slider
FF,2026-07-07,"Lopez, Jacob",,ball,L,L,DET,ATH,2,0,,,,91.1,4-Seam Fastball
SI,2026-07-07,"Dobbins, Hunter",,ball,R,R,STL,MIL,2,1,,,,94.4,Sinker
FF,2026-07-07,"Lopez, Jacob",,ball,L,L,DET,ATH,1,0,,,,92.1,4-Seam Fastball
FF,2026-07-07,"Dobbins, Hunter",,foul,R,R,STL,MIL,2,0,138,78.4,68,95.3,4-Seam Fastball
SI,2026-07-07,"Lopez, Jacob",,ball,L,L,DET,ATH,0,0,,,,92,Sinker
ST,2026-07-07,"Dobbins, Hunter",,ball,R,R,STL,MIL,1,0,,,,80.6,Sweeper
FF,2026-07-07,"Lopez, Jacob",strikeout,called_strike,L,L,DET,ATH,2,2,,,,94,4-Seam Fastball
ST,2026-07-07,"Dobbins, Hunter",,ball,R,R,STL,MIL,0,0,,,,81.4,Sweeper
FF,2026-07-07,"Lopez, Jacob",,swinging_strike,L,L,DET,ATH,2,1,,,,92.5,4-Seam Fastball
SL,2026-07-07,"Dobbins, Hunter",double,hit_into_play,L,R,STL,MIL,0,2,177,101.3,11,87.1,Slider
FF,2026-07-07,"Lopez, Jacob",,ball,L,L,DET,ATH,1,1,,,,93.2,4-Seam Fastball
FF,2026-07-07,"Dobbins, Hunter",,foul,L,R,STL,MIL,0,1,260,69.3,29,93.1,4-Seam Fastball
FC,2026-07-07,"Lopez, Jacob",,called_strike,L,L,DET,ATH,1,0,,,,88.6,Cutter
FF,2026-07-07,"Dobbins, Hunter",,foul_tip,L,R,STL,MIL,0,0,,,,95.2,4-Seam Fastball
FF,2026-07-07,"Dobbins, Hunter",field_out,hit_into_play,L,R,STL,MIL,3,2,62,79.2,4,95.1,4-Seam Fastball
FF,2026-07-07,"Lopez, Jacob",,ball,L,L,DET,ATH,0,0,,,,92.4,4-Seam Fastball
SL,2026-07-07,"Dobbins, Hunter",,foul,L,R,STL,MIL,3,2,115,53.3,59,88.8,Slider
FC,2026-07-07,"Lopez, Jacob",field_out,hit_into_play,R,L,DET,ATH,2,2,378,98.2,34,88.4,Cutter
SL,2026-07-07,"Dobbins, Hunter",,ball,L,R,STL,MIL,2,2,,,,89.7,Slider
FF,2026-07-07,"Lopez, Jacob",,ball,R,L,DET,ATH,1,2,,,,93.4,4-Seam Fastball
SL,2026-07-07,"Lopez, Jacob",,ball,R,L,DET,ATH,0,2,,,,75.9,Slider
FF,2026-07-07,"Dobbins, Hunter",,ball,L,R,STL,MIL,1,2,,,,94.9,4-Seam Fastball
FC,2026-07-07,"Lopez, Jacob",,foul,R,L,DET,ATH,0,1,148,69.6,69,88,Cutter
FS,2026-07-07,"Dobbins, Hunter",,called_strike,L,R,STL,MIL,1,1,,,,88.6,Split-Finger
FF,2026-07-07,"Lopez, Jacob",,called_strike,R,L,DET,ATH,0,0,,,,91,4-Seam Fastball
SL,2026-07-07,"Dobbins, Hunter",,called_strike,L,R,STL,MIL,1,0,,,,88.1,Slider
FF,2026-07-07,"Dobbins, Hunter",,ball,L,R,STL,MIL,0,0,,,,94.7,4-Seam Fastball
FF,2026-07-07,"Lopez, Jacob",field_out,hit_into_play,L,L,DET,ATH,0,0,9,57.5,-15,92.5,4-Seam Fastball
FF,2026-07-07,"Dobbins, Hunter",field_out,hit_into_play,L,R,STL,MIL,3,2,27,89.2,-2,95,4-Seam Fastball
SI,2026-07-07,"Lopez, Jacob",grounded_into_double_play,hit_into_play,L,L,DET,ATH,3,1,4,74.6,-37,91.5,Sinker
FF,2026-07-07,"Dobbins, Hunter",,foul,L,R,STL,MIL,3,2,235,88.4,18,95.4,4-Seam Fastball
SL,2026-07-07,"Lopez, Jacob",,ball,L,L,DET,ATH,2,1,,,,77.9,Slider
FC,2026-07-07,"Lopez, Jacob",,ball,L,L,DET,ATH,1,1,,,,86.8,Cutter
SL,2026-07-07,"Dobbins, Hunter",,foul,L,R,STL,MIL,3,2,2,63.4,-50,89.2,Slider
SI,2026-07-07,"Lopez, Jacob",,ball,L,L,DET,ATH,0,1,,,,92.1,Sinker
FF,2026-07-07,"Dobbins, Hunter",,called_strike,L,R,STL,MIL,3,1,,,,94.3,4-Seam Fastball
FF,2026-07-07,"Dobbins, Hunter",,ball,L,R,STL,MIL,2,1,,,,93.5,4-Seam Fastball
SI,2026-07-07,"Lopez, Jacob",,called_strike,L,L,DET,ATH,0,0,,,,92.3,Sinker
FF,2026-07-07,"Lopez, Jacob",single,hit_into_play,L,L,DET,ATH,2,0,139,89.6,10,90.8,4-Seam Fastball
FF,2026-07-07,"Dobbins, Hunter",,ball,L,R,STL,MIL,1,1,,,,94.8,4-Seam Fastball
SL,2026-07-07,"Dobbins, Hunter",,ball,L,R,STL,MIL,0,1,,,,88.2,Slider
SL,2026-07-07,"Lopez, Jacob",,ball,L,L,DET,ATH,1,0,,,,78.2,Slider
FF,2026-07-07,"Dobbins, Hunter",,called_strike,L,R,STL,MIL,0,0,,,,95.4,4-Seam Fastball
FF,2026-07-07,"Lopez, Jacob",,ball,L,L,DET,ATH,0,0,,,,92.8,4-Seam Fastball
SL,2026-07-06,"Cameron, Noah",strikeout,swinging_strike,R,L,KC,PHI,1,2,,,,84.2,Slider
FF,2026-07-06,"Cameron, Noah",,ball,R,L,KC,PHI,0,2,,,,93.8,4-Seam Fastball
ST,2026-07-06,"Peralta, Freddy",strikeout,swinging_strike,R,R,ATL,NYM,3,2,,,,83.7,Sweeper
CU,2026-07-06,"Cameron, Noah",,foul,R,L,KC,PHI,0,2,160,65.8,33,82.9,Curveball
CU,2026-07-06,"Cameron, Noah",,foul,R,L,KC,PHI,0,1,,,,81.7,Curveball
ST,2026-07-06,"Peralta, Freddy",,blocked_ball,R,R,ATL,NYM,2,2,,,,83.2,Sweeper
ST,2026-07-06,"Peralta, Freddy",,blocked_ball,R,R,ATL,NYM,1,2,,,,83.8,Sweeper
FC,2026-07-06,"Cameron, Noah",,called_strike,R,L,KC,PHI,0,0,,,,91,Cutter
FF,2026-07-06,"Cameron, Noah",walk,ball,L,L,KC,PHI,3,0,,,,91.2,4-Seam Fastball
FF,2026-07-06,"Peralta, Freddy",,foul,R,R,ATL,NYM,1,2,200,76.8,58,99.2,4-Seam Fastball
FF,2026-07-06,"Cameron, Noah",,ball,L,L,KC,PHI,2,0,,,,92.2,4-Seam Fastball
SL,2026-07-06,"Peralta, Freddy",,ball,R,R,ATL,NYM,0,2,,,,84.4,Slider
FF,2026-07-06,"Peralta, Freddy",,foul_tip,R,R,ATL,NYM,0,1,,,,97.5,4-Seam Fastball
SI,2026-07-06,"Cameron, Noah",,ball,L,L,KC,PHI,1,0,,,,91.3,Sinker
SI,2026-07-06,"Cameron, Noah",,ball,L,L,KC,PHI,0,0,,,,90.9,Sinker
FF,2026-07-06,"Peralta, Freddy",,called_strike,R,R,ATL,NYM,0,0,,,,97.2,4-Seam Fastball
CU,2026-07-06,"Cameron, Noah",field_out,hit_into_play,R,L,KC,PHI,1,1,7,91,-15,80.5,Curveball
FF,2026-07-06,"Peralta, Freddy",hit_by_pitch,hit_by_pitch,L,R,ATL,NYM,1,0,,,,95.8,4-Seam Fastball
FC,2026-07-06,"Cameron, Noah",,swinging_strike,R,L,KC,PHI,1,0,,,,89.9,Cutter
CU,2026-07-06,"Peralta, Freddy",,ball,L,R,ATL,NYM,0,0,,,,80.5,Curveball
FC,2026-07-06,"Cameron, Noah",,ball,R,L,KC,PHI,0,0,,,,88.9,Cutter
CU,2026-07-06,"Peralta, Freddy",fielders_choice_out,hit_into_play,L,R,ATL,NYM,0,0,3,70.8,-34,80.3,Curveball
CU,2026-07-06,"Cameron, Noah",strikeout,swinging_strike_blocked,L,L,KC,PHI,0,2,,,,82.5,Curveball
FF,2026-07-06,"Peralta, Freddy",double,hit_into_play,L,R,ATL,NYM,0,0,374,96.5,30,93.6,4-Seam Fastball
CU,2026-07-06,"Peralta, Freddy",strikeout,swinging_strike,L,R,ATL,NYM,3,2,,,,79,Curveball
SI,2026-07-06,"Cameron, Noah",,foul,L,L,KC,PHI,0,1,149,57.8,33,89.6,Sinker
SI,2026-07-06,"Cameron, Noah",,called_strike,L,L,KC,PHI,0,0,,,,90.3,Sinker
FF,2026-07-06,"Peralta, Freddy",,ball,L,R,ATL,NYM,2,2,,,,98.1,4-Seam Fastball
FC,2026-07-06,"Cameron, Noah",force_out,hit_into_play,R,L,KC,PHI,0,0,5,83.9,-35,90.4,Cutter
FF,2026-07-06,"Peralta, Freddy",,foul,L,R,ATL,NYM,2,2,175,77.4,16,98.8,4-Seam Fastball
ST,2026-07-06,"Peralta, Freddy",,ball,L,R,ATL,NYM,1,2,,,,81.4,Sweeper
CU,2026-07-06,"Cameron, Noah",strikeout,swinging_strike_blocked,L,L,KC,PHI,2,2,,,,83.6,Curveball
CH,2026-07-06,"Cameron, Noah",,foul,L,L,KC,PHI,2,2,5,75.9,-28,79.5,Changeup
FF,2026-07-06,"Peralta, Freddy",,foul,L,R,ATL,NYM,1,1,144,77,12,97,4-Seam Fastball
SL,2026-07-06,"Cameron, Noah",,blocked_ball,L,L,KC,PHI,1,2,,,,85.2,Slider
CU,2026-07-06,"Peralta, Freddy",,blocked_ball,L,R,ATL,NYM,0,1,,,,80.7,Curveball
CU,2026-07-06,"Cameron, Noah",,ball,L,L,KC,PHI,0,2,,,,82.9,Curveball
FF,2026-07-06,"Peralta, Freddy",,swinging_strike,L,R,ATL,NYM,0,0,,,,96.7,4-Seam Fastball
FF,2026-07-06,"Cameron, Noah",,foul,L,L,KC,PHI,0,1,216,76.9,53,94.1,4-Seam Fastball
CH,2026-07-06,"Peralta, Freddy",field_out,hit_into_play,L,R,ATL,NYM,2,2,285,86.5,46,86.7,Changeup
FF,2026-07-06,"Peralta, Freddy",,ball,L,R,ATL,NYM,1,2,,,,94.6,4-Seam Fastball
SL,2026-07-06,"Cameron, Noah",,called_strike,L,L,KC,PHI,0,0,,,,84.1,Slider
CH,2026-07-06,"Cameron, Noah",walk,ball,L,L,KC,PHI,3,2,,,,79.9,Changeup
CU,2026-07-06,"Peralta, Freddy",,ball,L,R,ATL,NYM,0,2,,,,75.7,Curveball
SL,2026-07-06,"Cameron, Noah",,foul,L,L,KC,PHI,3,1,,,,87.7,Slider
ST,2026-07-06,"Peralta, Freddy",,swinging_strike,L,R,ATL,NYM,0,1,,,,81.1,Sweeper
FF,2026-07-06,"Peralta, Freddy",,called_strike,L,R,ATL,NYM,0,0,,,,96.3,4-Seam Fastball
FF,2026-07-06,"Cameron, Noah",,called_strike,L,L,KC,PHI,3,0,,,,93.2,4-Seam Fastball
FC,2026-07-06,"Cameron, Noah",,ball,L,L,KC,PHI,2,0,,,,88,Cutter
CU,2026-07-06,"Peralta, Freddy",field_out,hit_into_play,L,R,ATL,NYM,2,2,275,81.6,24,77.6,Curveball
SL,2026-07-06,"Peralta, Freddy",,foul,L,R,ATL,NYM,2,1,110,76.2,81,82.4,Slider
CH,2026-07-06,"Cameron, Noah",,ball,L,L,KC,PHI,1,0,,,,80,Changeup
FF,2026-07-06,"Peralta, Freddy",,ball,L,R,ATL,NYM,1,1,,,,95.2,4-Seam Fastball
SI,2026-07-06,"Cameron, Noah",,ball,L,L,KC,PHI,0,0,,,,91,Sinker
SL,2026-07-06,"Cameron, Noah",field_out,hit_into_play,R,L,KC,PHI,1,1,26,100.7,-3,83.1,Slider
CH,2026-07-06,"Peralta, Freddy",,ball,L,R,ATL,NYM,0,1,,,,87.5,Changeup
ST,2026-07-06,"Peralta, Freddy",,foul,L,R,ATL,NYM,0,0,12,85.3,-10,82.5,Sweeper
FC,2026-07-06,"Cameron, Noah",,ball,R,L,KC,PHI,0,1,,,,88,Cutter
FF,2026-07-06,"Cameron, Noah",,called_strike,R,L,KC,PHI,0,0,,,,91.7,4-Seam Fastball
FF,2026-07-06,"Peralta, Freddy",walk,ball,R,R,ATL,NYM,3,2,,,,96.7,4-Seam Fastball
CH,2026-07-06,"Peralta, Freddy",,ball,R,R,ATL,NYM,2,2,,,,87.9,Changeup
FC,2026-07-06,"Cameron, Noah",field_out,hit_into_play,R,L,KC,PHI,2,0,290,85.3,31,91.3,Cutter
CS,2026-07-06,"Peralta, Freddy",,ball,R,R,ATL,NYM,1,2,,,,73,Slow Curve
FC,2026-07-06,"Cameron, Noah",,ball,R,L,KC,PHI,1,0,,,,90.6,Cutter
CU,2026-07-06,"Cameron, Noah",,blocked_ball,R,L,KC,PHI,0,0,,,,82.1,Curveball
FF,2026-07-06,"Peralta, Freddy",,foul,R,R,ATL,NYM,1,2,213,82,61,96.4,4-Seam Fastball
FF,2026-07-06,"Cameron, Noah",single,hit_into_play,R,L,KC,PHI,1,2,12,102.9,-14,94.5,4-Seam Fastball
ST,2026-07-06,"Peralta, Freddy",,foul,R,R,ATL,NYM,1,2,5,67.2,-25,80,Sweeper
CU,2026-07-06,"Cameron, Noah",,ball,R,L,KC,PHI,0,2,,,,84.6,Curveball
FF,2026-07-06,"Peralta, Freddy",,foul,R,R,ATL,NYM,1,1,200,68.8,39,94.9,4-Seam Fastball
CU,2026-07-06,"Cameron, Noah",,called_strike,R,L,KC,PHI,0,1,,,,83.1,Curveball
FF,2026-07-06,"Peralta, Freddy",,ball,R,R,ATL,NYM,0,1,,,,93.8,4-Seam Fastball
FF,2026-07-06,"Peralta, Freddy",,foul,R,R,ATL,NYM,0,0,243,88.7,57,95.2,4-Seam Fastball
CH,2026-07-06,"Cameron, Noah",,called_strike,R,L,KC,PHI,0,0,,,,85.1,Changeup
SI,2026-07-06,"Cameron, Noah",single,hit_into_play,L,L,KC,PHI,0,1,1,76.6,-72,91.8,Sinker
CH,2026-07-06,"Peralta, Freddy",strikeout,swinging_strike,L,R,ATL,NYM,2,2,,,,86.5,Changeup
FF,2026-07-06,"Cameron, Noah",,called_strike,L,L,KC,PHI,0,0,,,,92.5,4-Seam Fastball
FF,2026-07-06,"Peralta, Freddy",,foul,L,R,ATL,NYM,2,1,2,67.1,-47,95.9,4-Seam Fastball
FF,2026-07-06,"Peralta, Freddy",,foul,L,R,ATL,NYM,2,0,,,,95.2,4-Seam Fastball
FF,2026-07-06,"Cameron, Noah",field_out,hit_into_play,R,L,KC,PHI,1,2,323,106.4,19,92.8,4-Seam Fastball
CH,2026-07-06,"Cameron, Noah",,ball,R,L,KC,PHI,0,2,,,,77.5,Changeup
FF,2026-07-06,"Peralta, Freddy",,ball,L,R,ATL,NYM,1,0,,,,93.1,4-Seam Fastball
ST,2026-07-06,"Peralta, Freddy",,ball,L,R,ATL,NYM,0,0,,,,79.3,Sweeper
CU,2026-07-06,"Cameron, Noah",,foul,R,L,KC,PHI,0,2,3,71.1,-29,81.6,Curveball
FF,2026-07-06,"Cameron, Noah",,foul,R,L,KC,PHI,0,1,118,79.1,10,91.6,4-Seam Fastball
ST,2026-07-06,"Peralta, Freddy",field_out,hit_into_play,R,R,ATL,NYM,2,2,211,66.2,44,79.9,Sweeper
SI,2026-07-06,"Cameron, Noah",,called_strike,R,L,KC,PHI,0,0,,,,91.6,Sinker
FF,2026-07-06,"Peralta, Freddy",,foul,R,R,ATL,NYM,2,2,,,,96.3,4-Seam Fastball
FC,2026-07-06,"Cameron, Noah",field_out,hit_into_play,L,L,KC,PHI,1,0,327,91.5,31,89.2,Cutter
ST,2026-07-06,"Peralta, Freddy",,ball,R,R,ATL,NYM,1,2,,,,81,Sweeper
FF,2026-07-06,"Cameron, Noah",,ball,L,L,KC,PHI,0,0,,,,91.6,4-Seam Fastball
FF,2026-07-06,"Peralta, Freddy",,foul,R,R,ATL,NYM,1,1,240,79.9,22,95.5,4-Seam Fastball
CU,2026-07-06,"Cameron, Noah",field_out,hit_into_play,R,L,KC,PHI,1,2,3,88.6,-27,86.2,Curveball
FF,2026-07-06,"Peralta, Freddy",,ball,R,R,ATL,NYM,0,1,,,,95.4,4-Seam Fastball
FF,2026-07-06,"Cameron, Noah",,ball,R,L,KC,PHI,0,2,,,,94.1,4-Seam Fastball
ST,2026-07-06,"Peralta, Freddy",,called_strike,R,R,ATL,NYM,0,0,,,,79.9,Sweeper
FF,2026-07-06,"Peralta, Freddy",field_out,hit_into_play,L,R,ATL,NYM,2,0,353,99.8,42,94.7,4-Seam Fastball
FF,2026-07-06,"Cameron, Noah",,foul,R,L,KC,PHI,0,2,,,,93.4,4-Seam Fastball
FF,2026-07-06,"Peralta, Freddy",,ball,L,R,ATL,NYM,1,0,,,,94.2,4-Seam Fastball
CH,2026-07-06,"Cameron, Noah",,swinging_strike,R,L,KC,PHI,0,1,,,,83.1,Changeup
FC,2026-07-06,"Cameron, Noah",,foul,R,L,KC,PHI,0,0,6,78.8,-25,92,Cutter
FF,2026-07-06,"Peralta, Freddy",,ball,L,R,ATL,NYM,0,0,,,,95.5,4-Seam Fastball
FC,2026-07-06,"Cameron, Noah",walk,ball,L,L,KC,PHI,3,1,,,,90.5,Cutter
CH,2026-07-06,"Peralta, Freddy",home_run,hit_into_play,L,R,ATL,NYM,1,1,403,105.5,36,85.8,Changeup
SI,2026-07-06,"Cameron, Noah",,ball,L,L,KC,PHI,2,1,,,,92.4,Sinker
ST,2026-07-06,"Peralta, Freddy",,foul,L,R,ATL,NYM,1,0,257,98.3,19,80.2,Sweeper
FF,2026-07-06,"Cameron, Noah",,called_strike,L,L,KC,PHI,2,0,,,,93.7,4-Seam Fastball
ST,2026-07-06,"Peralta, Freddy",,ball,L,R,ATL,NYM,0,0,,,,78.5,Sweeper
SL,2026-07-06,"Cameron, Noah",,blocked_ball,L,L,KC,PHI,1,0,,,,83.2,Slider
CH,2026-07-06,"Peralta, Freddy",field_out,hit_into_play,L,R,ATL,NYM,3,2,10,81.2,-5,88,Changeup
FF,2026-07-06,"Peralta, Freddy",,foul,L,R,ATL,NYM,3,2,194,74.5,58,94.3,4-Seam Fastball
CU,2026-07-06,"Cameron, Noah",,ball,L,L,KC,PHI,0,0,,,,81.9,Curveball
CU,2026-07-06,"Cameron, Noah",strikeout,swinging_strike,L,L,KC,PHI,2,2,,,,83.7,Curveball
ST,2026-07-06,"Peralta, Freddy",,foul,L,R,ATL,NYM,3,2,158,64.5,34,83,Sweeper
SL,2026-07-06,"Cameron, Noah",,ball,L,L,KC,PHI,1,2,,,,85.5,Slider
CU,2026-07-06,"Peralta, Freddy",,blocked_ball,L,R,ATL,NYM,2,2,,,,76.1,Curveball
FF,2026-07-06,"Cameron, Noah",,called_strike,L,L,KC,PHI,1,1,,,,94.2,4-Seam Fastball
FF,2026-07-06,"Peralta, Freddy",,foul,L,R,ATL,NYM,2,1,40,77.8,-1,96.1,4-Seam Fastball
CU,2026-07-06,"Peralta, Freddy",,called_strike,L,R,ATL,NYM,2,0,,,,81.2,Curveball
FF,2026-07-06,"Cameron, Noah",,ball,L,L,KC,PHI,0,1,,,,93.8,4-Seam Fastball
FF,2026-07-06,"Cameron, Noah",,foul,L,L,KC,PHI,0,0,223,82.5,56,94.4,4-Seam Fastball
CH,2026-07-06,"Peralta, Freddy",,ball,L,R,ATL,NYM,1,0,,,,87,Changeup
CU,2026-07-06,"Peralta, Freddy",,ball,L,R,ATL,NYM,0,0,,,,81,Curveball
FC,2026-07-06,"Cameron, Noah",single,hit_into_play,R,L,KC,PHI,0,1,118,87.4,6,90.3,Cutter
CH,2026-07-06,"Peralta, Freddy",single,hit_into_play,L,R,ATL,NYM,0,0,65,85.4,2,88.5,Changeup
CH,2026-07-06,"Cameron, Noah",,called_strike,R,L,KC,PHI,0,0,,,,78.5,Changeup
FF,2026-07-06,"Cameron, Noah",single,hit_into_play,R,L,KC,PHI,1,2,223,77.4,19,93.4,4-Seam Fastball
FF,2026-07-06,"Peralta, Freddy",single,hit_into_play,L,R,ATL,NYM,2,2,191,67.3,51,98.7,4-Seam Fastball
FF,2026-07-06,"Peralta, Freddy",,swinging_strike,L,R,ATL,NYM,2,1,,,,97,4-Seam Fastball
FC,2026-07-06,"Cameron, Noah",,called_strike,R,L,KC,PHI,1,1,,,,90.5,Cutter
FF,2026-07-06,"Peralta, Freddy",,ball,L,R,ATL,NYM,1,1,,,,97.9,4-Seam Fastball
FF,2026-07-06,"Cameron, Noah",,swinging_strike,R,L,KC,PHI,1,0,,,,93.3,4-Seam Fastball
FF,2026-07-06,"Peralta, Freddy",,called_strike,L,R,ATL,NYM,1,0,,,,98.1,4-Seam Fastball
CU,2026-07-06,"Cameron, Noah",,ball,R,L,KC,PHI,0,0,,,,81.9,Curveball
FC,2026-07-06,"Cameron, Noah",strikeout,foul_tip,R,L,KC,PHI,3,2,,,,91.3,Cutter
FF,2026-07-06,"Peralta, Freddy",,ball,L,R,ATL,NYM,0,0,,,,98,4-Seam Fastball
FF,2026-07-06,"Cameron, Noah",,called_strike,R,L,KC,PHI,3,1,,,,91.1,4-Seam Fastball
FF,2026-07-06,"Peralta, Freddy",field_error,hit_into_play,L,R,ATL,NYM,0,1,60,98.5,0,95.2,4-Seam Fastball
FF,2026-07-06,"Cameron, Noah",,called_strike,R,L,KC,PHI,3,0,,,,92.2,4-Seam Fastball
FF,2026-07-06,"Peralta, Freddy",,called_strike,L,R,ATL,NYM,0,0,,,,96.4,4-Seam Fastball
FF,2026-07-06,"Cameron, Noah",,ball,R,L,KC,PHI,2,0,,,,91.8,4-Seam Fastball
ST,2026-07-06,"Peralta, Freddy",strikeout,swinging_strike,R,R,ATL,NYM,2,2,,,,80.3,Sweeper
FF,2026-07-06,"Cameron, Noah",,ball,R,L,KC,PHI,1,0,,,,91.1,4-Seam Fastball
ST,2026-07-06,"Peralta, Freddy",,ball,R,R,ATL,NYM,1,2,,,,80.3,Sweeper
CS,2026-07-06,"Peralta, Freddy",,foul,R,R,ATL,NYM,1,1,3,65,-28,74.7,Slow Curve
FF,2026-07-06,"Cameron, Noah",,ball,R,L,KC,PHI,0,0,,,,91.2,4-Seam Fastball
FF,2026-07-06,"Cameron, Noah",field_out,hit_into_play,L,L,KC,PHI,1,0,3,65.7,-38,94.3,4-Seam Fastball
ST,2026-07-06,"Peralta, Freddy",,foul,R,R,ATL,NYM,1,0,201,69.3,47,81.9,Sweeper
FF,2026-07-06,"Peralta, Freddy",,ball,R,R,ATL,NYM,0,0,,,,96.1,4-Seam Fastball
FC,2026-07-06,"Cameron, Noah",,ball,L,L,KC,PHI,0,0,,,,91.5,Cutter
FF,2026-07-06,"Cameron, Noah",walk,ball,R,L,KC,PHI,3,2,,,,94.5,4-Seam Fastball
FF,2026-07-06,"Peralta, Freddy",single,hit_into_play,L,R,ATL,NYM,1,2,256,93.6,17,94.6,4-Seam Fastball
ST,2026-07-06,"Peralta, Freddy",,foul,L,R,ATL,NYM,1,2,199,67.1,32,80.2,Sweeper
FC,2026-07-06,"Cameron, Noah",,foul,R,L,KC,PHI,3,2,6,91.6,-25,92.4,Cutter
CH,2026-07-06,"Peralta, Freddy",,ball,L,R,ATL,NYM,0,2,,,,87.1,Changeup
CU,2026-07-06,"Cameron, Noah",,blocked_ball,R,L,KC,PHI,2,2,,,,84.2,Curveball
FC,2026-07-06,"Cameron, Noah",,swinging_strike,R,L,KC,PHI,2,1,,,,92.2,Cutter
CH,2026-07-06,"Peralta, Freddy",,called_strike,L,R,ATL,NYM,0,1,,,,86.6,Changeup
FF,2026-07-06,"Peralta, Freddy",,called_strike,L,R,ATL,NYM,0,0,,,,93.9,4-Seam Fastball
CH,2026-07-06,"Cameron, Noah",,blocked_ball,R,L,KC,PHI,1,1,,,,82.4,Changeup
ST,2026-07-06,"Peralta, Freddy",field_out,hit_into_play,R,R,ATL,NYM,0,1,284,82.3,24,80.3,Sweeper
FC,2026-07-06,"Cameron, Noah",,foul,R,L,KC,PHI,1,0,372,104.2,27,91.6,Cutter
FF,2026-07-06,"Peralta, Freddy",,swinging_strike,R,R,ATL,NYM,0,0,,,,94.5,4-Seam Fastball
CH,2026-07-06,"Cameron, Noah",,blocked_ball,R,L,KC,PHI,0,0,,,,80.5,Changeup
FF,2026-07-06,"Cameron, Noah",strikeout,swinging_strike,L,L,KC,PHI,2,2,,,,94.6,4-Seam Fastball
CU,2026-07-06,"Peralta, Freddy",field_out,hit_into_play,L,R,ATL,NYM,3,2,391,100.5,35,77.5,Curveball
CU,2026-07-06,"Peralta, Freddy",,blocked_ball,L,R,ATL,NYM,2,2,,,,77.5,Curveball
FF,2026-07-06,"Cameron, Noah",,ball,L,L,KC,PHI,1,2,,,,93.3,4-Seam Fastball
FF,2026-07-06,"Peralta, Freddy",,foul,L,R,ATL,NYM,2,1,67,73.8,36,97.8,4-Seam Fastball
SL,2026-07-06,"Cameron, Noah",,foul,L,L,KC,PHI,1,1,2,82.4,-45,84.7,Slider
FF,2026-07-06,"Peralta, Freddy",,ball,L,R,ATL,NYM,1,1,,,,98,4-Seam Fastball
SL,2026-07-06,"Cameron, Noah",,swinging_strike_blocked,L,L,KC,PHI,1,0,,,,82.7,Slider
CU,2026-07-06,"Peralta, Freddy",,ball,L,R,ATL,NYM,0,1,,,,76.2,Curveball
FC,2026-07-06,"Cameron, Noah",,ball,L,L,KC,PHI,0,0,,,,91.8,Cutter
CU,2026-07-06,"Peralta, Freddy",,swinging_strike,L,R,ATL,NYM,0,0,,,,80.8,Curveball
CH,2026-07-06,"Cameron, Noah",double,hit_into_play,R,L,KC,PHI,2,1,412,102.3,25,81.6,Changeup
FF,2026-07-06,"Peralta, Freddy",strikeout,swinging_strike,L,R,ATL,NYM,3,2,,,,96.1,4-Seam Fastball
FC,2026-07-06,"Cameron, Noah",,ball,R,L,KC,PHI,1,1,,,,90.6,Cutter
ST,2026-07-06,"Peralta, Freddy",,called_strike,L,R,ATL,NYM,3,1,,,,82.1,Sweeper
CH,2026-07-06,"Cameron, Noah",,swinging_strike,R,L,KC,PHI,1,0,,,,82.3,Changeup
CU,2026-07-06,"Cameron, Noah",,ball,R,L,KC,PHI,0,0,,,,81.3,Curveball
CH,2026-07-06,"Peralta, Freddy",,blocked_ball,L,R,ATL,NYM,2,1,,,,87.9,Changeup
FF,2026-07-06,"Cameron, Noah",walk,ball,L,L,KC,PHI,3,1,,,,94.2,4-Seam Fastball
ST,2026-07-06,"Peralta, Freddy",,ball,L,R,ATL,NYM,1,1,,,,79.1,Sweeper
CU,2026-07-06,"Peralta, Freddy",,blocked_ball,L,R,ATL,NYM,0,1,,,,75.5,Curveball
SL,2026-07-06,"Cameron, Noah",,ball,L,L,KC,PHI,2,1,,,,83.3,Slider
CH,2026-07-06,"Cameron, Noah",,ball,L,L,KC,PHI,1,1,,,,80.7,Changeup
ST,2026-07-06,"Peralta, Freddy",,called_strike,L,R,ATL,NYM,0,0,,,,79.5,Sweeper
CU,2026-07-06,"Cameron, Noah",,called_strike,L,L,KC,PHI,1,0,,,,80.6,Curveball
CU,2026-07-06,"Peralta, Freddy",strikeout,swinging_strike_blocked,L,R,ATL,NYM,2,2,,,,76.2,Curveball
SI,2026-07-06,"Cameron, Noah",,ball,L,L,KC,PHI,0,0,,,,93.1,Sinker
ST,2026-07-06,"Peralta, Freddy",,blocked_ball,L,R,ATL,NYM,1,2,,,,81.3,Sweeper
CH,2026-07-06,"Cameron, Noah",strikeout,swinging_strike,L,L,KC,PHI,3,2,,,,80.3,Changeup
FF,2026-07-06,"Peralta, Freddy",,foul,L,R,ATL,NYM,1,1,204,77.3,20,95.5,4-Seam Fastball
CU,2026-07-06,"Cameron, Noah",,ball,L,L,KC,PHI,2,2,,,,82.7,Curveball
CH,2026-07-06,"Peralta, Freddy",,ball,L,R,ATL,NYM,0,1,,,,85.7,Changeup
FF,2026-07-06,"Cameron, Noah",,swinging_strike,L,L,KC,PHI,2,1,,,,93.3,4-Seam Fastball
CU,2026-07-06,"Peralta, Freddy",,foul,L,R,ATL,NYM,0,0,216,81.4,59,79.5,Curveball
FF,2026-07-06,"Cameron, Noah",,ball,L,L,KC,PHI,1,1,,,,93.5,4-Seam Fastball
FF,2026-07-06,"Peralta, Freddy",single,hit_into_play,L,R,ATL,NYM,3,1,23,108.3,-5,95.2,4-Seam Fastball
SL,2026-07-06,"Cameron, Noah",,ball,L,L,KC,PHI,0,1,,,,84.2,Slider
FF,2026-07-06,"Peralta, Freddy",,ball,L,R,ATL,NYM,2,1,,,,94.7,4-Seam Fastball
FC,2026-07-06,"Cameron, Noah",,foul,L,L,KC,PHI,0,0,249,77.5,48,89.9,Cutter
FF,2026-07-06,"Peralta, Freddy",,called_strike,L,R,ATL,NYM,2,0,,,,95.1,4-Seam Fastball
CU,2026-07-06,"Cameron, Noah",double,hit_into_play,R,L,KC,PHI,0,1,404,99.9,24,80.8,Curveball
CU,2026-07-06,"Peralta, Freddy",,ball,L,R,ATL,NYM,1,0,,,,77,Curveball
FF,2026-07-06,"Cameron, Noah",,foul,R,L,KC,PHI,0,0,174,80,61,92.6,4-Seam Fastball
FF,2026-07-06,"Peralta, Freddy",,ball,L,R,ATL,NYM,0,0,,,,94.7,4-Seam Fastball
SI,2026-07-04,"Gray, Sonny",field_out,hit_into_play,R,R,LAA,BOS,1,0,264,78.9,41,91.3,Sinker
ST,2026-07-04,"Gray, Sonny",,ball,R,R,LAA,BOS,0,0,,,,83.3,Sweeper
FF,2026-07-04,"Gray, Sonny",field_out,hit_into_play,L,R,LAA,BOS,3,1,115,93.3,7,91.2,4-Seam Fastball
CU,2026-07-04,"Gray, Sonny",,ball,L,R,LAA,BOS,2,1,,,,78.8,Curveball
SI,2026-07-04,"Gray, Sonny",,ball,L,R,LAA,BOS,1,1,,,,90.5,Sinker
CU,2026-07-04,"Gray, Sonny",,called_strike,L,R,LAA,BOS,1,0,,,,78.9,Curveball
CU,2026-07-04,"Gray, Sonny",,ball,L,R,LAA,BOS,0,0,,,,79.9,Curveball
FC,2026-07-04,"Gray, Sonny",field_out,hit_into_play,R,R,LAA,BOS,0,1,334,93.5,27,88,Cutter
FF,2026-07-04,"Gray, Sonny",,called_strike,R,R,LAA,BOS,0,0,,,,92.3,4-Seam Fastball
CU,2026-07-04,"Gray, Sonny",strikeout,foul_tip,R,R,LAA,BOS,1,2,,,,79.3,Curveball
ST,2026-07-04,"Gray, Sonny",,called_strike,R,R,LAA,BOS,1,1,,,,83.4,Sweeper
CU,2026-07-04,"Gray, Sonny",,ball,R,R,LAA,BOS,0,1,,,,78.9,Curveball
ST,2026-07-04,"Gray, Sonny",,swinging_strike,R,R,LAA,BOS,0,0,,,,84.5,Sweeper
SI,2026-07-04,"Gray, Sonny",grounded_into_double_play,hit_into_play,L,R,LAA,BOS,1,1,4,86.2,-27,90.3,Sinker
FC,2026-07-04,"Gray, Sonny",,foul,L,R,LAA,BOS,1,0,77,94,3,89.1,Cutter
CU,2026-07-04,"Gray, Sonny",,ball,L,R,LAA,BOS,0,0,,,,78.6,Curveball
CU,2026-07-04,"Gray, Sonny",single,hit_into_play,L,R,LAA,BOS,0,1,50,99.7,0,79.2,Curveball
FF,2026-07-04,"Gray, Sonny",,called_strike,L,R,LAA,BOS,0,0,,,,90.9,4-Seam Fastball
CU,2026-07-04,"Gray, Sonny",strikeout,called_strike,L,R,LAA,BOS,0,2,,,,79.6,Curveball
CU,2026-07-04,"Gray, Sonny",,swinging_strike,L,R,LAA,BOS,0,1,,,,80.6,Curveball
CU,2026-07-04,"Gray, Sonny",,called_strike,L,R,LAA,BOS,0,0,,,,80.4,Curveball
SI,2026-07-04,"Gray, Sonny",strikeout,called_strike,R,R,LAA,BOS,0,2,,,,93.5,Sinker
ST,2026-07-04,"Gray, Sonny",,foul,R,R,LAA,BOS,0,2,224,81.3,52,86.2,Sweeper
ST,2026-07-04,"Gray, Sonny",,foul,R,R,LAA,BOS,0,1,1,81.2,-53,85.6,Sweeper
FC,2026-07-04,"Gray, Sonny",,foul,R,R,LAA,BOS,0,0,188,70.8,23,87.6,Cutter
ST,2026-07-04,"Gray, Sonny",force_out,hit_into_play,L,R,LAA,BOS,0,2,14,101.4,-5,85.4,Sweeper
CU,2026-07-04,"Gray, Sonny",,foul,L,R,LAA,BOS,0,1,6,95.3,-18,81,Curveball
CU,2026-07-04,"Gray, Sonny",,called_strike,L,R,LAA,BOS,0,0,,,,79,Curveball
SI,2026-07-04,"Gray, Sonny",walk,ball,R,R,LAA,BOS,3,0,,,,92,Sinker
FF,2026-07-04,"Gray, Sonny",,ball,R,R,LAA,BOS,2,0,,,,92.4,4-Seam Fastball
FC,2026-07-04,"Gray, Sonny",,ball,R,R,LAA,BOS,1,0,,,,90.4,Cutter
SI,2026-07-04,"Gray, Sonny",,ball,R,R,LAA,BOS,0,0,,,,92.1,Sinker
FF,2026-07-04,"Gray, Sonny",grounded_into_double_play,hit_into_play,L,R,LAA,BOS,0,0,87,91.2,5,92.8,4-Seam Fastball
ST,2026-07-04,"Gray, Sonny",single,hit_into_play,R,R,LAA,BOS,0,0,121,71.8,11,85.7,Sweeper
SI,2026-07-04,"Gray, Sonny",strikeout,called_strike,R,R,LAA,BOS,1,2,,,,93.4,Sinker
FC,2026-07-04,"Gray, Sonny",,foul,R,R,LAA,BOS,1,1,150,79.4,64,88.7,Cutter
SI,2026-07-04,"Gray, Sonny",,ball,R,R,LAA,BOS,0,1,,,,92.3,Sinker
SI,2026-07-04,"Gray, Sonny",,foul,R,R,LAA,BOS,0,0,2,97.2,-36,92.4,Sinker
ST,2026-07-04,"Gray, Sonny",strikeout,swinging_strike,L,R,LAA,BOS,1,2,,,,85,Sweeper
ST,2026-07-04,"Gray, Sonny",,foul,L,R,LAA,BOS,1,1,,,,85.2,Sweeper
FF,2026-07-04,"Gray, Sonny",,foul,L,R,LAA,BOS,1,0,187,68.4,42,92.8,4-Seam Fastball
CU,2026-07-04,"Gray, Sonny",,ball,L,R,LAA,BOS,0,0,,,,80.9,Curveball
ST,2026-07-04,"Gray, Sonny",strikeout,swinging_strike_blocked,L,R,LAA,BOS,1,2,,,,85.3,Sweeper
ST,2026-07-04,"Gray, Sonny",,foul,L,R,LAA,BOS,1,1,180,68,42,84.6,Sweeper
FF,2026-07-04,"Gray, Sonny",,ball,L,R,LAA,BOS,0,1,,,,92.6,4-Seam Fastball
CU,2026-07-04,"Gray, Sonny",,called_strike,L,R,LAA,BOS,0,0,,,,79.7,Curveball
FC,2026-07-04,"Gray, Sonny",single,hit_into_play,L,R,LAA,BOS,1,0,137,98.5,8,88.4,Cutter
CU,2026-07-04,"Gray, Sonny",,ball,L,R,LAA,BOS,0,0,,,,79.3,Curveball
SI,2026-07-04,"Gray, Sonny",walk,ball,R,R,LAA,BOS,3,2,,,,93.3,Sinker
SI,2026-07-04,"Gray, Sonny",,ball,R,R,LAA,BOS,2,2,,,,93.8,Sinker
ST,2026-07-04,"Gray, Sonny",,ball,R,R,LAA,BOS,1,2,,,,85.8,Sweeper
ST,2026-07-04,"Gray, Sonny",,foul,R,R,LAA,BOS,1,1,85,86.6,6,83.5,Sweeper
SI,2026-07-04,"Gray, Sonny",,swinging_strike,R,R,LAA,BOS,1,0,,,,91.5,Sinker
FC,2026-07-04,"Gray, Sonny",,ball,R,R,LAA,BOS,0,0,,,,88.4,Cutter
FC,2026-07-04,"Gray, Sonny",home_run,hit_into_play,L,R,LAA,BOS,0,0,437,109.6,32,88.2,Cutter
ST,2026-07-04,"Gray, Sonny",field_out,hit_into_play,R,R,LAA,BOS,0,1,324,89.7,34,84.1,Sweeper
SI,2026-07-04,"Gray, Sonny",,foul,R,R,LAA,BOS,0,0,351,106.9,25,90.7,Sinker
ST,2026-07-04,"Gray, Sonny",strikeout,swinging_strike_blocked,L,R,LAA,BOS,1,2,,,,85.8,Sweeper
SI,2026-07-04,"Gray, Sonny",,ball,L,R,LAA,BOS,0,2,,,,92.5,Sinker
FC,2026-07-04,"Gray, Sonny",,foul,L,R,LAA,BOS,0,1,210,75.4,49,88.8,Cutter
CU,2026-07-04,"Gray, Sonny",,called_strike,L,R,LAA,BOS,0,0,,,,78.6,Curveball
ST,2026-07-04,"Gray, Sonny",field_out,hit_into_play,R,R,LAA,BOS,2,2,250,78.2,21,84.2,Sweeper
ST,2026-07-04,"Gray, Sonny",,ball,R,R,LAA,BOS,1,2,,,,86.3,Sweeper
SI,2026-07-04,"Gray, Sonny",,swinging_strike,R,R,LAA,BOS,1,1,,,,92.5,Sinker
SI,2026-07-04,"Gray, Sonny",,ball,R,R,LAA,BOS,0,1,,,,92.9,Sinker
FC,2026-07-04,"Gray, Sonny",,called_strike,R,R,LAA,BOS,0,0,,,,89.7,Cutter
ST,2026-07-04,"Gray, Sonny",field_out,hit_into_play,R,R,LAA,BOS,1,2,318,98.2,41,85.3,Sweeper
ST,2026-07-04,"Gray, Sonny",,called_strike,R,R,LAA,BOS,1,1,,,,84.3,Sweeper
FC,2026-07-04,"Gray, Sonny",,called_strike,R,R,LAA,BOS,1,0,,,,88.7,Cutter
FF,2026-07-04,"Gray, Sonny",,ball,R,R,LAA,BOS,0,0,,,,91.5,4-Seam Fastball
SL,2026-07-03,"Detmers, Reid",field_out,hit_into_play,R,L,LAA,BOS,2,2,379,102.2,24,84.7,Slider
FF,2026-07-03,"Detmers, Reid",,ball,R,L,LAA,BOS,1,2,,,,91.7,4-Seam Fastball
FF,2026-07-03,"Detmers, Reid",,swinging_strike,R,L,LAA,BOS,1,1,,,,92.1,4-Seam Fastball
CH,2026-07-03,"Detmers, Reid",,ball,R,L,LAA,BOS,0,1,,,,83.2,Changeup
FF,2026-07-03,"Detmers, Reid",,called_strike,R,L,LAA,BOS,0,0,,,,92.4,4-Seam Fastball
SL,2026-07-03,"Detmers, Reid",strikeout,swinging_strike,L,L,LAA,BOS,1,2,,,,84.2,Slider
SL,2026-07-03,"Detmers, Reid",,ball,L,L,LAA,BOS,0,2,,,,83,Slider
SL,2026-07-03,"Detmers, Reid",,foul,L,L,LAA,BOS,0,1,,,,84.8,Slider
SL,2026-07-03,"Detmers, Reid",,swinging_strike,L,L,LAA,BOS,0,0,,,,84.2,Slider
SL,2026-07-03,"Detmers, Reid",strikeout,swinging_strike,R,L,LAA,BOS,2,2,,,,85.4,Slider
FF,2026-07-03,"Detmers, Reid",,foul,R,L,LAA,BOS,2,2,2,50.6,-60,92.8,4-Seam Fastball
FF,2026-07-03,"Detmers, Reid",,ball,R,L,LAA,BOS,1,2,,,,91.1,4-Seam Fastball
CH,2026-07-03,"Rogers, Trevor",field_out,hit_into_play,R,L,CIN,BAL,1,0,310,108.9,19,90.9,Changeup
CH,2026-07-03,"Detmers, Reid",,ball,R,L,LAA,BOS,0,2,,,,81.8,Changeup
FF,2026-07-03,"Rogers, Trevor",,ball,R,L,CIN,BAL,0,0,,,,93.9,4-Seam Fastball
FF,2026-07-03,"Rogers, Trevor",walk,ball,R,L,CIN,BAL,3,2,,,,94.7,4-Seam Fastball
CH,2026-07-03,"Detmers, Reid",,swinging_strike,R,L,LAA,BOS,0,1,,,,82.6,Changeup
FC,2026-07-03,"Rogers, Trevor",,foul,R,L,CIN,BAL,3,2,5,59,-24,86.5,Cutter
CH,2026-07-03,"Detmers, Reid",,swinging_strike,R,L,LAA,BOS,0,0,,,,80.8,Changeup
FC,2026-07-03,"Rogers, Trevor",,foul,R,L,CIN,BAL,3,1,13,87.4,-9,86.5,Cutter
FF,2026-07-03,"Detmers, Reid",home_run,hit_into_play,R,L,LAA,BOS,3,1,358,107.4,24,92.3,4-Seam Fastball
FF,2026-07-03,"Detmers, Reid",,ball,R,L,LAA,BOS,2,1,,,,92.6,4-Seam Fastball
CH,2026-07-03,"Rogers, Trevor",,ball,R,L,CIN,BAL,2,1,,,,91,Changeup
FF,2026-07-03,"Detmers, Reid",,ball,R,L,LAA,BOS,1,1,,,,92.2,4-Seam Fastball
ST,2026-07-03,"Rogers, Trevor",,ball,R,L,CIN,BAL,1,1,,,,80.4,Sweeper
FF,2026-07-03,"Rogers, Trevor",,ball,R,L,CIN,BAL,0,1,,,,93.7,4-Seam Fastball
CU,2026-07-03,"Detmers, Reid",,called_strike,R,L,LAA,BOS,1,0,,,,72,Curveball
FF,2026-07-03,"Detmers, Reid",,ball,R,L,LAA,BOS,0,0,,,,90.5,4-Seam Fastball
FC,2026-07-03,"Rogers, Trevor",,foul,R,L,CIN,BAL,0,0,5,76.9,-25,84.8,Cutter
SI,2026-07-03,"Rogers, Trevor",field_out,hit_into_play,R,L,CIN,BAL,0,0,143,102.6,9,94.1,Sinker
FF,2026-07-03,"Detmers, Reid",field_out,hit_into_play,R,L,LAA,BOS,1,1,284,99.9,50,91.9,4-Seam Fastball
SI,2026-07-03,"Rogers, Trevor",single,hit_into_play,R,L,CIN,BAL,2,1,,,,94.7,Sinker
CH,2026-07-03,"Detmers, Reid",,called_strike,R,L,LAA,BOS,1,0,,,,81.6,Changeup
CU,2026-07-03,"Detmers, Reid",,ball,R,L,LAA,BOS,0,0,,,,67.8,Curveball
FF,2026-07-03,"Scott, Christian",strikeout,swinging_strike,R,R,ATL,NYM,0,2,,,,97.7,4-Seam Fastball
FF,2026-07-03,"Rogers, Trevor",,ball,R,L,CIN,BAL,1,1,,,,92.8,4-Seam Fastball
SL,2026-07-03,"Detmers, Reid",walk,blocked_ball,L,L,LAA,BOS,3,2,,,,86,Slider
FF,2026-07-03,"Scott, Christian",,foul_tip,R,R,ATL,NYM,0,1,,,,96.9,4-Seam Fastball
CH,2026-07-03,"Rogers, Trevor",,called_strike,R,L,CIN,BAL,1,0,,,,87.1,Changeup
ST,2026-07-03,"Scott, Christian",,swinging_strike,R,R,ATL,NYM,0,0,,,,79.8,Sweeper
FF,2026-07-03,"Detmers, Reid",,foul,L,L,LAA,BOS,3,2,380,79.4,14,93.9,4-Seam Fastball
FF,2026-07-03,"Rogers, Trevor",,ball,R,L,CIN,BAL,0,0,,,,93.2,4-Seam Fastball
FF,2026-07-03,"Rogers, Trevor",field_out,hit_into_play,R,L,CIN,BAL,0,0,95,101,4,92.5,4-Seam Fastball
FF,2026-07-03,"Detmers, Reid",,foul,L,L,LAA,BOS,3,2,96,78.1,11,93.9,4-Seam Fastball
FF,2026-07-03,"Scott, Christian",strikeout,swinging_strike,L,R,ATL,NYM,1,2,,,,97.4,4-Seam Fastball
FF,2026-07-03,"Scott, Christian",,ball,L,R,ATL,NYM,0,2,,,,97.4,4-Seam Fastball
CH,2026-07-03,"Rogers, Trevor",field_out,hit_into_play,R,L,CIN,BAL,2,2,,,,91.3,Changeup
FF,2026-07-03,"Detmers, Reid",,ball,L,L,LAA,BOS,2,2,,,,94.6,4-Seam Fastball
FF,2026-07-03,"Scott, Christian",,foul,L,R,ATL,NYM,0,2,201,81.9,18,97.6,4-Seam Fastball
FF,2026-07-03,"Detmers, Reid",,foul_tip,L,L,LAA,BOS,2,1,,,,94.3,4-Seam Fastball
FF,2026-07-03,"Rogers, Trevor",,ball,R,L,CIN,BAL,1,2,,,,94,4-Seam Fastball
FC,2026-07-03,"Scott, Christian",,foul,L,R,ATL,NYM,0,2,321,106.9,18,89.7,Cutter
FF,2026-07-03,"Detmers, Reid",,ball,L,L,LAA,BOS,1,1,,,,94.1,4-Seam Fastball
ST,2026-07-03,"Rogers, Trevor",,foul,R,L,CIN,BAL,1,2,,,,81.3,Sweeper
ST,2026-07-03,"Scott, Christian",,called_strike,L,R,ATL,NYM,0,1,,,,81.9,Sweeper
FF,2026-07-03,"Detmers, Reid",,foul,L,L,LAA,BOS,1,0,138,66.9,69,94.6,4-Seam Fastball
FF,2026-07-03,"Rogers, Trevor",,foul,R,L,CIN,BAL,1,1,248,75.2,36,95.2,4-Seam Fastball
FF,2026-07-03,"Scott, Christian",,called_strike,L,R,ATL,NYM,0,0,,,,95.5,4-Seam Fastball
FF,2026-07-03,"Detmers, Reid",,ball,L,L,LAA,BOS,0,0,,,,92.5,4-Seam Fastball
CH,2026-07-03,"Rogers, Trevor",,ball,R,L,CIN,BAL,0,1,,,,89.2,Changeup
SL,2026-07-03,"Detmers, Reid",field_out,hit_into_play,R,L,LAA,BOS,0,0,70,83.9,80,84.9,Slider
FF,2026-07-03,"Rogers, Trevor",,foul,R,L,CIN,BAL,0,0,,77,15,,4-Seam Fastball
FF,2026-07-03,"Scott, Christian",strikeout,swinging_strike,R,R,ATL,NYM,1,2,,,,96.4,4-Seam Fastball
ST,2026-07-03,"Scott, Christian",,ball,R,R,ATL,NYM,0,2,,,,81.7,Sweeper
CH,2026-07-03,"Rogers, Trevor",field_out,hit_into_play,R,L,CIN,BAL,0,1,338,92,34,88.3,Changeup
FF,2026-07-03,"Detmers, Reid",strikeout,called_strike,R,L,LAA,BOS,2,2,,,,93.7,4-Seam Fastball
SL,2026-07-03,"Detmers, Reid",,foul,R,L,LAA,BOS,2,2,208,100.7,13,84.2,Slider
ST,2026-07-03,"Scott, Christian",,foul,R,R,ATL,NYM,0,1,3,67.1,-35,80.8,Sweeper
CH,2026-07-03,"Rogers, Trevor",,called_strike,R,L,CIN,BAL,0,0,,,,89.2,Changeup
FC,2026-07-03,"Rogers, Trevor",field_out,hit_into_play,L,L,CIN,BAL,2,2,34,70.6,-1,85.4,Cutter
FF,2026-07-03,"Scott, Christian",,foul,R,R,ATL,NYM,0,0,215,78.1,56,93.6,4-Seam Fastball
FF,2026-07-03,"Detmers, Reid",,foul,R,L,LAA,BOS,2,2,,,,94.1,4-Seam Fastball
FF,2026-07-03,"Scott, Christian",strikeout,swinging_strike,L,R,ATL,NYM,2,2,,,,97,4-Seam Fastball
SI,2026-07-03,"Rogers, Trevor",,ball,L,L,CIN,BAL,1,2,,,,94.6,Sinker
FF,2026-07-03,"Detmers, Reid",,foul,R,L,LAA,BOS,2,2,178,78.6,63,92.8,4-Seam Fastball
CU,2026-07-03,"Detmers, Reid",,foul,R,L,LAA,BOS,2,2,5,78.8,-28,71.9,Curveball
ST,2026-07-03,"Rogers, Trevor",,ball,L,L,CIN,BAL,0,2,,,,79.4,Sweeper
CU,2026-07-03,"Scott, Christian",,blocked_ball,L,R,ATL,NYM,1,2,,,,83.8,Curveball
FC,2026-07-03,"Rogers, Trevor",,foul,L,L,CIN,BAL,0,1,208,70.7,46,86.7,Cutter
SL,2026-07-03,"Detmers, Reid",,ball,R,L,LAA,BOS,1,2,,,,86,Slider
FC,2026-07-03,"Scott, Christian",,foul,L,R,ATL,NYM,1,1,3,67.4,-41,91.2,Cutter
FF,2026-07-03,"Rogers, Trevor",,called_strike,L,L,CIN,BAL,0,0,,,,92.8,4-Seam Fastball
FF,2026-07-03,"Detmers, Reid",,ball,R,L,LAA,BOS,0,2,,,,92.6,4-Seam Fastball
CU,2026-07-03,"Scott, Christian",,ball,L,R,ATL,NYM,0,1,,,,83.3,Curveball
FF,2026-07-03,"Detmers, Reid",,called_strike,R,L,LAA,BOS,0,1,,,,92.7,4-Seam Fastball
ST,2026-07-03,"Scott, Christian",,called_strike,L,R,ATL,NYM,0,0,,,,81.5,Sweeper
FF,2026-07-03,"Rogers, Trevor",field_out,hit_into_play,R,L,CIN,BAL,0,0,285,105.8,54,94.6,4-Seam Fastball
CU,2026-07-03,"Scott, Christian",field_out,hit_into_play,L,R,ATL,NYM,0,1,2,77.6,-32,85,Curveball
CU,2026-07-03,"Detmers, Reid",,called_strike,R,L,LAA,BOS,0,0,,,,68.8,Curveball
ST,2026-07-03,"Rogers, Trevor",walk,ball,R,L,CIN,BAL,3,2,,,,79.7,Sweeper
SL,2026-07-03,"Detmers, Reid",field_out,hit_into_play,R,L,LAA,BOS,2,2,288,84,34,87.2,Slider
FC,2026-07-03,"Scott, Christian",,foul,L,R,ATL,NYM,0,0,200,71.4,40,91.4,Cutter
FF,2026-07-03,"Rogers, Trevor",,ball,R,L,CIN,BAL,2,2,,,,94.6,4-Seam Fastball
FC,2026-07-03,"Scott, Christian",walk,ball,R,R,ATL,NYM,3,1,,,,90.8,Cutter
FF,2026-07-03,"Rogers, Trevor",,ball,R,L,CIN,BAL,1,2,,,,94.9,4-Seam Fastball
SL,2026-07-03,"Detmers, Reid",,swinging_strike,R,L,LAA,BOS,2,1,,,,86.7,Slider
FF,2026-07-03,"Scott, Christian",,ball,R,R,ATL,NYM,2,1,,,,96,4-Seam Fastball
FF,2026-07-03,"Detmers, Reid",,ball,R,L,LAA,BOS,1,1,,,,92.2,4-Seam Fastball
CH,2026-07-03,"Rogers, Trevor",,foul,R,L,CIN,BAL,1,1,260,107.6,16,90.6,Changeup
FF,2026-07-03,"Rogers, Trevor",,ball,R,L,CIN,BAL,0,1,,,,94.8,4-Seam Fastball
FF,2026-07-03,"Scott, Christian",,foul,R,R,ATL,NYM,2,0,,,,93.8,4-Seam Fastball
FF,2026-07-03,"Detmers, Reid",,ball,R,L,LAA,BOS,0,1,,,,93.2,4-Seam Fastball
CU,2026-07-03,"Detmers, Reid",,foul,R,L,LAA,BOS,0,0,3,67.7,-36,71.4,Curveball
FF,2026-07-03,"Scott, Christian",,ball,R,R,ATL,NYM,1,0,,,,95.7,4-Seam Fastball
FF,2026-07-03,"Rogers, Trevor",,swinging_strike,R,L,CIN,BAL,0,0,,,,94,4-Seam Fastball
FF,2026-07-03,"Detmers, Reid",field_out,hit_into_play,R,L,LAA,BOS,2,2,173,76.7,62,93.3,4-Seam Fastball
ST,2026-07-03,"Scott, Christian",,ball,R,R,ATL,NYM,0,0,,,,81.3,Sweeper
CH,2026-07-03,"Rogers, Trevor",field_out,hit_into_play,R,L,CIN,BAL,1,2,333,95.9,41,88.8,Changeup
FF,2026-07-03,"Scott, Christian",walk,ball,L,R,ATL,NYM,3,2,,,,97,4-Seam Fastball
FF,2026-07-03,"Rogers, Trevor",,foul,R,L,CIN,BAL,1,1,84,82.2,86,94.8,4-Seam Fastball
SL,2026-07-03,"Detmers, Reid",,ball,R,L,LAA,BOS,1,2,,,,85.6,Slider
FF,2026-07-03,"Detmers, Reid",,foul,R,L,LAA,BOS,1,1,,,,93.6,4-Seam Fastball
FF,2026-07-03,"Rogers, Trevor",,ball,R,L,CIN,BAL,0,1,,,,95.1,4-Seam Fastball
CU,2026-07-03,"Scott, Christian",,foul,L,R,ATL,NYM,3,2,109,68.4,12,83.4,Curveball
FC,2026-07-03,"Scott, Christian",,foul,L,R,ATL,NYM,3,2,236,108.9,14,92.3,Cutter
FF,2026-07-03,"Rogers, Trevor",,foul,R,L,CIN,BAL,0,0,,,,94.3,4-Seam Fastball
SL,2026-07-03,"Detmers, Reid",,ball,R,L,LAA,BOS,0,1,,,,86,Slider
CU,2026-07-03,"Detmers, Reid",,called_strike,R,L,LAA,BOS,0,0,,,,69.2,Curveball
CH,2026-07-03,"Rogers, Trevor",field_out,hit_into_play,R,L,CIN,BAL,1,0,331,93.2,40,89.2,Changeup
FF,2026-07-03,"Scott, Christian",,ball,L,R,ATL,NYM,2,2,,,,94.7,4-Seam Fastball
FF,2026-07-03,"Rogers, Trevor",,ball,R,L,CIN,BAL,0,0,,,,95.3,4-Seam Fastball
ST,2026-07-03,"Hughes, Gabriel",grounded_into_double_play,hit_into_play,R,R,COL,SF,1,2,59,67.7,4,87.3,Sweeper
FF,2026-07-03,"Scott, Christian",,foul,L,R,ATL,NYM,2,1,145,78.7,12,96,4-Seam Fastball
FF,2026-07-03,"Rogers, Trevor",walk,ball,R,L,CIN,BAL,3,2,,,,95.5,4-Seam Fastball
FC,2026-07-03,"Scott, Christian",,ball,L,R,ATL,NYM,1,1,,,,91.3,Cutter
SL,2026-07-03,"Detmers, Reid",,ball,L,L,LAA,BOS,0,0,,,,85.4,Slider
FF,2026-07-03,"Hughes, Gabriel",,swinging_strike,R,R,COL,SF,1,1,,,,93.9,4-Seam Fastball
FF,2026-07-03,"Hughes, Gabriel",,swinging_strike,R,R,COL,SF,1,0,,,,93.9,4-Seam Fastball
FF,2026-07-03,"Detmers, Reid",single,hit_into_play,R,L,LAA,BOS,1,1,12,103.2,-10,95,4-Seam Fastball
FC,2026-07-03,"Scott, Christian",,foul,L,R,ATL,NYM,1,0,297,111.3,15,91.8,Cutter
FF,2026-07-03,"Rogers, Trevor",,foul,R,L,CIN,BAL,3,2,255,75.7,42,96,4-Seam Fastball
ST,2026-07-03,"Scott, Christian",,ball,L,R,ATL,NYM,0,0,,,,80.8,Sweeper
FF,2026-07-03,"Detmers, Reid",,ball,R,L,LAA,BOS,0,1,,,,95.7,4-Seam Fastball
CH,2026-07-03,"Rogers, Trevor",,ball,R,L,CIN,BAL,2,2,,,,91.4,Changeup
FF,2026-07-03,"Hughes, Gabriel",,ball,R,R,COL,SF,0,0,,,,95.5,4-Seam Fastball
FF,2026-07-03,"Scott, Christian",home_run,hit_into_play,L,R,ATL,NYM,2,1,386,102.1,35,95.8,4-Seam Fastball
FF,2026-07-03,"Rogers, Trevor",,ball,R,L,CIN,BAL,1,2,,,,94.9,4-Seam Fastball
FF,2026-07-03,"Detmers, Reid",,called_strike,R,L,LAA,BOS,0,0,,,,95.1,4-Seam Fastball
FF,2026-07-03,"Hughes, Gabriel",walk,ball,L,R,COL,SF,3,1,,,,94.3,4-Seam Fastball
FF,2026-07-03,"Hughes, Gabriel",,ball,L,R,COL,SF,2,1,,,,93.5,4-Seam Fastball
ST,2026-07-03,"Scott, Christian",,called_strike,L,R,ATL,NYM,2,0,,,,80.9,Sweeper
FF,2026-07-03,"Detmers, Reid",walk,ball,R,L,LAA,BOS,3,0,,,,94.2,4-Seam Fastball
CH,2026-07-03,"Rogers, Trevor",,foul,R,L,CIN,BAL,1,2,,,,88.3,Changeup
ST,2026-07-03,"Hughes, Gabriel",,ball,L,R,COL,SF,1,1,,,,85.2,Sweeper
ST,2026-07-03,"Scott, Christian",,ball,L,R,ATL,NYM,1,0,,,,81.1,Sweeper
ST,2026-07-03,"Rogers, Trevor",,ball,R,L,CIN,BAL,0,2,,,,78.9,Sweeper
SL,2026-07-03,"Detmers, Reid",,ball,R,L,LAA,BOS,2,0,,,,88.1,Slider
FF,2026-07-03,"Rogers, Trevor",,called_strike,R,L,CIN,BAL,0,1,,,,93.9,4-Seam Fastball
FF,2026-07-03,"Hughes, Gabriel",,ball,L,R,COL,SF,0,1,,,,95.4,4-Seam Fastball
FF,2026-07-03,"Detmers, Reid",,ball,R,L,LAA,BOS,1,0,,,,94.7,4-Seam Fastball
FC,2026-07-03,"Scott, Christian",,ball,L,R,ATL,NYM,0,0,,,,91.3,Cutter
CH,2026-07-03,"Rogers, Trevor",,called_strike,R,L,CIN,BAL,0,0,,,,87.6,Changeup
ST,2026-07-03,"Scott, Christian",field_out,hit_into_play,L,R,ATL,NYM,3,1,333,88.7,34,80.4,Sweeper
CU,2026-07-03,"Hughes, Gabriel",,foul,L,R,COL,SF,0,0,5,67.2,-27,79.8,Curveball
CH,2026-07-03,"Detmers, Reid",,ball,R,L,LAA,BOS,0,0,,,,83.6,Changeup
ST,2026-07-03,"Hughes, Gabriel",field_out,hit_into_play,R,R,COL,SF,1,1,268,89.7,47,86.6,Sweeper
FF,2026-07-03,"Detmers, Reid",single,hit_into_play,R,L,LAA,BOS,3,1,221,69.8,39,95.9,4-Seam Fastball
FF,2026-07-03,"Scott, Christian",,called_strike,L,R,ATL,NYM,3,0,,,,95.7,4-Seam Fastball
FF,2026-07-03,"Rogers, Trevor",field_out,hit_into_play,R,L,CIN,BAL,1,2,126,69.1,68,95.1,4-Seam Fastball
FF,2026-07-03,"Hughes, Gabriel",,foul_tip,R,R,COL,SF,1,0,,,,96.2,4-Seam Fastball
FF,2026-07-03,"Scott, Christian",,ball,L,R,ATL,NYM,2,0,,,,94.1,4-Seam Fastball
FF,2026-07-03,"Rogers, Trevor",,foul,R,L,CIN,BAL,1,1,228,75.8,35,95.1,4-Seam Fastball
FF,2026-07-03,"Detmers, Reid",,ball,R,L,LAA,BOS,2,1,,,,95.5,4-Seam Fastball
FF,2026-07-03,"Hughes, Gabriel",,ball,R,R,COL,SF,0,0,,,,95,4-Seam Fastball
FC,2026-07-03,"Scott, Christian",,ball,L,R,ATL,NYM,1,0,,,,91.4,Cutter
FF,2026-07-03,"Rogers, Trevor",,foul,R,L,CIN,BAL,1,0,96,83,79,94.5,4-Seam Fastball
FF,2026-07-03,"Detmers, Reid",,foul_tip,R,L,LAA,BOS,2,0,,,,95.5,4-Seam Fastball
FC,2026-07-03,"Scott, Christian",,ball,L,R,ATL,NYM,0,0,,,,89.5,Cutter
FF,2026-07-03,"Hughes, Gabriel",field_out,hit_into_play,L,R,COL,SF,1,2,111,76.5,8,96.2,4-Seam Fastball
FF,2026-07-03,"Rogers, Trevor",,ball,R,L,CIN,BAL,0,0,,,,93.9,4-Seam Fastball
CH,2026-07-03,"Detmers, Reid",,ball,R,L,LAA,BOS,1,0,,,,83.9,Changeup
CH,2026-07-03,"Detmers, Reid",,ball,R,L,LAA,BOS,0,0,,,,84.2,Changeup
FF,2026-07-03,"Hughes, Gabriel",,foul,L,R,COL,SF,1,2,5,51.4,-25,96.7,4-Seam Fastball
FC,2026-07-03,"Scott, Christian",field_out,hit_into_play,R,R,ATL,NYM,1,1,390,100.6,33,90.4,Cutter
ST,2026-07-03,"Rogers, Trevor",strikeout,swinging_strike,R,L,CIN,BAL,2,2,,,,80.7,Sweeper
CH,2026-07-03,"Hughes, Gabriel",,foul,L,R,COL,SF,1,2,122,70.4,21,90.9,Changeup
CH,2026-07-03,"Rogers, Trevor",,ball,R,L,CIN,BAL,1,2,,,,90.3,Changeup
CU,2026-07-03,"Detmers, Reid",double,hit_into_play,L,L,LAA,BOS,0,1,230,87.5,19,73.1,Curveball
ST,2026-07-03,"Scott, Christian",,ball,R,R,ATL,NYM,0,1,,,,81.3,Sweeper
ST,2026-07-03,"Scott, Christian",,foul,R,R,ATL,NYM,0,0,7,60,-18,80.1,Sweeper
ST,2026-07-03,"Hughes, Gabriel",,foul,L,R,COL,SF,1,2,14,108.5,-9,85.8,Sweeper
FF,2026-07-03,"Rogers, Trevor",,foul,R,L,CIN,BAL,1,2,76,64.8,7,95,4-Seam Fastball
SL,2026-07-03,"Detmers, Reid",,called_strike,L,L,LAA,BOS,0,0,,,,88.1,Slider
SL,2026-07-03,"Detmers, Reid",field_out,hit_into_play,R,L,LAA,BOS,0,0,18,91.5,-8,84.2,Slider
FC,2026-07-03,"Scott, Christian",strikeout,swinging_strike,L,R,ATL,NYM,2,2,,,,92.2,Cutter
CH,2026-07-03,"Rogers, Trevor",,called_strike,R,L,CIN,BAL,1,1,,,,89.9,Changeup
FF,2026-07-03,"Hughes, Gabriel",,called_strike,L,R,COL,SF,1,1,,,,95.5,4-Seam Fastball
CH,2026-07-03,"Rogers, Trevor",,swinging_strike,R,L,CIN,BAL,1,0,,,,91,Changeup
FF,2026-07-03,"Scott, Christian",,ball,L,R,ATL,NYM,1,2,,,,97.5,4-Seam Fastball
CU,2026-07-03,"Detmers, Reid",strikeout,swinging_strike,R,L,LAA,BOS,1,2,,,,70.8,Curveball
CU,2026-07-03,"Hughes, Gabriel",,foul,L,R,COL,SF,1,0,338,86.7,34,80.3,Curveball
SL,2026-07-03,"Detmers, Reid",,ball,R,L,LAA,BOS,0,2,,,,85.5,Slider
FC,2026-07-03,"Scott, Christian",,foul,L,R,ATL,NYM,1,2,4,84.9,-30,92.1,Cutter
FC,2026-07-03,"Rogers, Trevor",,ball,R,L,CIN,BAL,0,0,,,,85.4,Cutter
FF,2026-07-03,"Hughes, Gabriel",,ball,L,R,COL,SF,0,0,,,,96,4-Seam Fastball
FC,2026-07-03,"Scott, Christian",,swinging_strike,L,R,ATL,NYM,1,1,,,,92.2,Cutter
FF,2026-07-03,"Hughes, Gabriel",single,hit_into_play,L,R,COL,SF,2,2,189,85.2,13,93.8,4-Seam Fastball
FF,2026-07-03,"Rogers, Trevor",walk,ball,R,L,CIN,BAL,3,2,,,,95.7,4-Seam Fastball
FF,2026-07-03,"Detmers, Reid",,foul,R,L,LAA,BOS,0,1,210,75.1,57,94.4,4-Seam Fastball
SL,2026-07-03,"Detmers, Reid",,called_strike,R,L,LAA,BOS,0,0,,,,85.5,Slider
FF,2026-07-03,"Scott, Christian",,ball,L,R,ATL,NYM,0,1,,,,97,4-Seam Fastball
FF,2026-07-03,"Hughes, Gabriel",,foul,L,R,COL,SF,2,2,,,,95.6,4-Seam Fastball
ST,2026-07-03,"Rogers, Trevor",,ball,R,L,CIN,BAL,2,2,,,,79.9,Sweeper
FF,2026-07-03,"Hughes, Gabriel",,ball,L,R,COL,SF,1,2,,,,96.8,4-Seam Fastball
SI,2026-07-03,"Rogers, Trevor",,ball,R,L,CIN,BAL,1,2,,,,94.4,Sinker
FF,2026-07-03,"Scott, Christian",,called_strike,L,R,ATL,NYM,0,0,,,,96.7,4-Seam Fastball
SL,2026-07-03,"Detmers, Reid",single,hit_into_play,R,L,LAA,BOS,0,2,51,94.9,2,84.3,Slider
FF,2026-07-03,"Rogers, Trevor",,foul,R,L,CIN,BAL,1,2,232,79.2,44,95.1,4-Seam Fastball
ST,2026-07-03,"Scott, Christian",walk,ball,R,R,ATL,NYM,3,2,,,,80,Sweeper
FF,2026-07-03,"Detmers, Reid",,foul,R,L,LAA,BOS,0,1,214,75.6,37,95.3,4-Seam Fastball
ST,2026-07-03,"Hughes, Gabriel",,foul,L,R,COL,SF,1,2,200,67.3,31,86.1,Sweeper
CH,2026-07-03,"Rogers, Trevor",,foul,R,L,CIN,BAL,1,1,,,,89.9,Changeup
FF,2026-07-03,"Scott, Christian",,foul,R,R,ATL,NYM,3,2,161,90.8,65,97.6,4-Seam Fastball
FF,2026-07-03,"Hughes, Gabriel",,foul,L,R,COL,SF,1,2,250,77.1,47,96.2,4-Seam Fastball
FF,2026-07-03,"Detmers, Reid",,called_strike,R,L,LAA,BOS,0,0,,,,95.1,4-Seam Fastball
FF,2026-07-03,"Hughes, Gabriel",,ball,L,R,COL,SF,0,2,,,,95.6,4-Seam Fastball
CU,2026-07-03,"Scott, Christian",,foul,R,R,ATL,NYM,3,2,8,91.9,-15,81.5,Curveball
SL,2026-07-03,"Detmers, Reid",field_out,hit_into_play,R,L,LAA,BOS,0,1,41,101,-2,85.9,Slider
CH,2026-07-03,"Rogers, Trevor",,ball,R,L,CIN,BAL,0,1,,,,89.7,Changeup
FF,2026-07-03,"Scott, Christian",,foul,R,R,ATL,NYM,3,2,222,80,56,96.9,4-Seam Fastball
ST,2026-07-03,"Hughes, Gabriel",,foul,L,R,COL,SF,0,1,,,,86.4,Sweeper
FF,2026-07-03,"Rogers, Trevor",,called_strike,R,L,CIN,BAL,0,0,,,,94.7,4-Seam Fastball
FF,2026-07-03,"Detmers, Reid",,foul,R,L,LAA,BOS,0,0,206,73.9,42,94.8,4-Seam Fastball
FF,2026-07-03,"Scott, Christian",,foul,R,R,ATL,NYM,3,2,,,,98,4-Seam Fastball
FF,2026-07-03,"Rogers, Trevor",field_out,hit_into_play,L,L,CIN,BAL,0,1,281,79.5,25,94.1,4-Seam Fastball
FF,2026-07-03,"Detmers, Reid",sac_fly,hit_into_play,L,L,LAA,BOS,0,2,320,96.3,22,95.6,4-Seam Fastball
FF,2026-07-03,"Hughes, Gabriel",,called_strike,L,R,COL,SF,0,0,,,,97.4,4-Seam Fastball
FF,2026-07-03,"Scott, Christian",,ball,R,R,ATL,NYM,2,2,,,,97.7,4-Seam Fastball
SL,2026-07-03,"Detmers, Reid",,foul_tip,L,L,LAA,BOS,0,1,,,,86.6,Slider
FF,2026-07-03,"Rogers, Trevor",,called_strike,L,L,CIN,BAL,0,0,,,,94.9,4-Seam Fastball
SL,2026-07-03,"Hughes, Gabriel",single,hit_into_play,R,R,COL,SF,0,2,266,102.3,15,85.4,Slider
ST,2026-07-03,"Scott, Christian",,ball,R,R,ATL,NYM,1,2,,,,80.9,Sweeper
FF,2026-07-03,"Rogers, Trevor",strikeout,swinging_strike,R,L,CIN,BAL,0,2,,,,96.6,4-Seam Fastball
FF,2026-07-03,"Hughes, Gabriel",,foul,R,R,COL,SF,0,1,251,79.6,28,95.9,4-Seam Fastball
SL,2026-07-03,"Detmers, Reid",,swinging_strike,L,L,LAA,BOS,0,0,,,,84.8,Slider
FF,2026-07-03,"Detmers, Reid",triple,hit_into_play,R,L,LAA,BOS,2,1,285,96.2,16,93.7,4-Seam Fastball
ST,2026-07-03,"Scott, Christian",,ball,R,R,ATL,NYM,0,2,,,,81,Sweeper
FF,2026-07-03,"Hughes, Gabriel",,called_strike,R,R,COL,SF,0,0,,,,96.2,4-Seam Fastball
ST,2026-07-03,"Rogers, Trevor",,foul,R,L,CIN,BAL,0,2,57,32.2,32,80.9,Sweeper
ST,2026-07-03,"Hughes, Gabriel",field_out,hit_into_play,R,R,COL,SF,2,2,265,77.9,44,87.5,Sweeper
ST,2026-07-03,"Scott, Christian",,swinging_strike,R,R,ATL,NYM,0,1,,,,83.4,Sweeper
FF,2026-07-03,"Rogers, Trevor",,foul,R,L,CIN,BAL,0,1,229,72.7,54,96.7,4-Seam Fastball
SL,2026-07-03,"Detmers, Reid",,ball,R,L,LAA,BOS,1,1,,,,86.4,Slider
FF,2026-07-03,"Hughes, Gabriel",,ball,R,R,COL,SF,1,2,,,,98,4-Seam Fastball
FF,2026-07-03,"Scott, Christian",,called_strike,R,R,ATL,NYM,0,0,,,,97.2,4-Seam Fastball
FF,2026-07-03,"Rogers, Trevor",,called_strike,R,L,CIN,BAL,0,0,,,,98.3,4-Seam Fastball
SL,2026-07-03,"Detmers, Reid",,ball,R,L,LAA,BOS,0,1,,,,86,Slider
FF,2026-07-03,"Detmers, Reid",,foul,R,L,LAA,BOS,0,0,264,89,51,93.4,4-Seam Fastball
FF,2026-07-03,"Hughes, Gabriel",,foul,R,R,COL,SF,1,2,321,93.6,18,95.5,4-Seam Fastball
CU,2026-07-03,"Scott, Christian",field_out,hit_into_play,L,R,ATL,NYM,2,2,11,96.9,-13,84.5,Curveball
ST,2026-07-03,"Rogers, Trevor",strikeout,swinging_strike,R,L,CIN,BAL,3,2,,,,82.1,Sweeper
FF,2026-07-03,"Scott, Christian",,ball,L,R,ATL,NYM,1,2,,,,98.4,4-Seam Fastball
ST,2026-07-03,"Hughes, Gabriel",,foul,R,R,COL,SF,1,1,174,75.8,66,85.9,Sweeper
FF,2026-07-03,"Detmers, Reid",field_out,hit_into_play,R,L,LAA,BOS,2,2,318,85.2,32,94.9,4-Seam Fastball
SI,2026-07-03,"Rogers, Trevor",,ball,R,L,CIN,BAL,2,2,,,,96.5,Sinker
FF,2026-07-03,"Scott, Christian",,ball,L,R,ATL,NYM,0,2,,,,98.3,4-Seam Fastball
CH,2026-07-03,"Detmers, Reid",,foul,R,L,LAA,BOS,2,2,244,74.8,44,85.2,Changeup
ST,2026-07-03,"Hughes, Gabriel",,ball,R,R,COL,SF,0,1,,,,84.4,Sweeper
CH,2026-07-03,"Rogers, Trevor",,blocked_ball,R,L,CIN,BAL,1,2,,,,91,Changeup
ST,2026-07-03,"Scott, Christian",,swinging_strike,L,R,ATL,NYM,0,1,,,,82.4,Sweeper
SL,2026-07-03,"Detmers, Reid",,blocked_ball,R,L,LAA,BOS,1,2,,,,87.9,Slider
FF,2026-07-03,"Hughes, Gabriel",,swinging_strike,R,R,COL,SF,0,0,,,,95.8,4-Seam Fastball
FF,2026-07-03,"Rogers, Trevor",,foul,R,L,CIN,BAL,1,1,15,93.2,-10,95.4,4-Seam Fastball
FF,2026-07-03,"Hughes, Gabriel",strikeout,swinging_strike,R,R,COL,SF,2,2,,,,96.3,4-Seam Fastball
FF,2026-07-03,"Detmers, Reid",,ball,R,L,LAA,BOS,0,2,,,,95.6,4-Seam Fastball
FF,2026-07-03,"Scott, Christian",,called_strike,L,R,ATL,NYM,0,0,,,,97.7,4-Seam Fastball
FF,2026-07-03,"Rogers, Trevor",,swinging_strike,R,L,CIN,BAL,1,0,,,,95.4,4-Seam Fastball
FF,2026-07-03,"Scott, Christian",home_run,hit_into_play,L,R,ATL,NYM,0,0,419,107.1,26,97.3,4-Seam Fastball
FF,2026-07-03,"Rogers, Trevor",,ball,R,L,CIN,BAL,0,0,,,,96.1,4-Seam Fastball
SL,2026-07-03,"Detmers, Reid",,foul,R,L,LAA,BOS,0,1,77,96,4,86.2,Slider
ST,2026-07-03,"Hughes, Gabriel",,foul,R,R,COL,SF,2,2,198,66.7,49,87.7,Sweeper
ST,2026-07-03,"Hughes, Gabriel",,ball,R,R,COL,SF,1,2,,,,86.6,Sweeper
CH,2026-07-03,"Detmers, Reid",,called_strike,R,L,LAA,BOS,0,0,,,,84.5,Changeup
FF,2026-07-03,"Scott, Christian",walk,ball,R,R,ATL,NYM,3,1,,,,95.8,4-Seam Fastball
FF,2026-07-03,"Rogers, Trevor",single,hit_into_play,R,L,CIN,BAL,0,1,98,102.1,5,96.2,4-Seam Fastball
FF,2026-07-03,"Rogers, Trevor",,foul,R,L,CIN,BAL,0,0,314,91.4,30,96.8,4-Seam Fastball
FF,2026-07-03,"Scott, Christian",,ball,R,R,ATL,NYM,2,1,,,,97.1,4-Seam Fastball
FF,2026-07-03,"Hughes, Gabriel",,foul,R,R,COL,SF,1,1,219,70.5,30,95.4,4-Seam Fastball
SL,2026-07-03,"Detmers, Reid",walk,ball,R,L,LAA,BOS,3,1,,,,88.1,Slider
FF,2026-07-03,"Scott, Christian",,foul,R,R,ATL,NYM,2,0,308,88.8,38,96.9,4-Seam Fastball
ST,2026-07-03,"Rogers, Trevor",strikeout,swinging_strike,R,L,CIN,BAL,1,2,,,,79.7,Sweeper
FF,2026-07-03,"Detmers, Reid",,ball,R,L,LAA,BOS,2,1,,,,94.8,4-Seam Fastball
ST,2026-07-03,"Hughes, Gabriel",,ball,R,R,COL,SF,0,1,,,,87.1,Sweeper
FF,2026-07-03,"Rogers, Trevor",,foul,R,L,CIN,BAL,1,2,283,90.9,45,96.5,4-Seam Fastball
SL,2026-07-03,"Detmers, Reid",,ball,R,L,LAA,BOS,1,1,,,,88.3,Slider
FF,2026-07-03,"Scott, Christian",,ball,R,R,ATL,NYM,1,0,,,,96.7,4-Seam Fastball
FF,2026-07-03,"Hughes, Gabriel",,swinging_strike,R,R,COL,SF,0,0,,,,95.6,4-Seam Fastball
FF,2026-07-03,"Hughes, Gabriel",field_out,hit_into_play,L,R,COL,SF,2,0,309,94.5,20,97.2,4-Seam Fastball
FF,2026-07-03,"Detmers, Reid",,swinging_strike,R,L,LAA,BOS,1,0,,,,94.7,4-Seam Fastball
FF,2026-07-03,"Rogers, Trevor",,swinging_strike,R,L,CIN,BAL,1,1,,,,96.8,4-Seam Fastball
ST,2026-07-03,"Scott, Christian",,ball,R,R,ATL,NYM,0,0,,,,82.4,Sweeper
FF,2026-07-03,"Scott, Christian",strikeout,swinging_strike,L,R,ATL,NYM,0,2,,,,98.9,4-Seam Fastball
FF,2026-07-03,"Hughes, Gabriel",,ball,L,R,COL,SF,1,0,,,,96.7,4-Seam Fastball
CH,2026-07-03,"Rogers, Trevor",,ball,R,L,CIN,BAL,0,1,,,,90.8,Changeup
FF,2026-07-03,"Detmers, Reid",,ball,R,L,LAA,BOS,0,0,,,,94.9,4-Seam Fastball
FF,2026-07-03,"Hughes, Gabriel",,ball,L,R,COL,SF,0,0,,,,96.6,4-Seam Fastball
FF,2026-07-03,"Scott, Christian",,foul,L,R,ATL,NYM,0,1,125,49,39,97.4,4-Seam Fastball
SL,2026-07-03,"Detmers, Reid",field_out,hit_into_play,L,L,LAA,BOS,0,2,333,90.5,33,85.2,Slider
FC,2026-07-03,"Rogers, Trevor",,swinging_strike,R,L,CIN,BAL,0,0,,,,87.8,Cutter
FF,2026-07-03,"Hughes, Gabriel",grounded_into_double_play,hit_into_play,R,R,COL,SF,1,1,37,97.2,-2,95.3,4-Seam Fastball
FF,2026-07-03,"Detmers, Reid",,swinging_strike,L,L,LAA,BOS,0,1,,,,95.4,4-Seam Fastball
FF,2026-07-03,"Rogers, Trevor",walk,ball,R,L,CIN,BAL,3,2,,,,96.7,4-Seam Fastball
FF,2026-07-03,"Scott, Christian",,called_strike,L,R,ATL,NYM,0,0,,,,97.2,4-Seam Fastball
FF,2026-07-03,"Scott, Christian",strikeout,swinging_strike,L,R,ATL,NYM,1,2,,,,98.1,4-Seam Fastball
FF,2026-07-03,"Detmers, Reid",,called_strike,L,L,LAA,BOS,0,0,,,,93.8,4-Seam Fastball
ST,2026-07-03,"Rogers, Trevor",,foul,R,L,CIN,BAL,3,2,,,,80.1,Sweeper
ST,2026-07-03,"Hughes, Gabriel",,blocked_ball,R,R,COL,SF,0,1,,,,86,Sweeper
FF,2026-07-03,"Hughes, Gabriel",,called_strike,R,R,COL,SF,0,0,,,,96.1,4-Seam Fastball
FF,2026-07-03,"Detmers, Reid",single,hit_into_play,R,L,LAA,BOS,0,1,213,86.8,15,95.9,4-Seam Fastball
CH,2026-07-03,"Rogers, Trevor",,foul,R,L,CIN,BAL,3,2,,,,88.5,Changeup
CU,2026-07-03,"Scott, Christian",,ball,L,R,ATL,NYM,0,2,,,,83.5,Curveball
FF,2026-07-03,"Hughes, Gabriel",field_error,hit_into_play,L,R,COL,SF,2,2,87,81,6,97.8,4-Seam Fastball
FF,2026-07-03,"Scott, Christian",,swinging_strike,L,R,ATL,NYM,0,1,,,,95.9,4-Seam Fastball
CU,2026-07-03,"Detmers, Reid",,called_strike,R,L,LAA,BOS,0,0,,,,72.5,Curveball
ST,2026-07-03,"Rogers, Trevor",,ball,R,L,CIN,BAL,2,2,,,,77.8,Sweeper
ST,2026-07-03,"Rogers, Trevor",,foul,R,L,CIN,BAL,2,1,4,45.7,-15,79.3,Sweeper
ST,2026-07-03,"Scott, Christian",,foul,L,R,ATL,NYM,0,0,9,51.4,-3,81.9,Sweeper
SL,2026-07-03,"Detmers, Reid",strikeout,swinging_strike,R,L,LAA,BOS,1,2,,,,86.1,Slider
FF,2026-07-03,"Hughes, Gabriel",,ball,L,R,COL,SF,1,2,,,,96.1,4-Seam Fastball
FF,2026-07-03,"Hughes, Gabriel",,foul,L,R,COL,SF,1,1,,,,94.8,4-Seam Fastball
FF,2026-07-03,"Scott, Christian",field_out,hit_into_play,L,R,ATL,NYM,0,2,2,90.7,-44,96.6,4-Seam Fastball
CH,2026-07-03,"Rogers, Trevor",,ball,R,L,CIN,BAL,1,1,,,,90.6,Changeup
FF,2026-07-03,"Detmers, Reid",,ball,R,L,LAA,BOS,0,2,,,,95.2,4-Seam Fastball
CU,2026-07-03,"Hughes, Gabriel",,ball,L,R,COL,SF,0,1,,,,80.3,Curveball
FF,2026-07-03,"Scott, Christian",,foul,L,R,ATL,NYM,0,1,278,83.4,33,97,4-Seam Fastball
CH,2026-07-03,"Rogers, Trevor",,foul,R,L,CIN,BAL,1,0,,,,90.1,Changeup
FF,2026-07-03,"Detmers, Reid",,swinging_strike,R,L,LAA,BOS,0,1,,,,95.1,4-Seam Fastball
FF,2026-07-03,"Rogers, Trevor",,ball,R,L,CIN,BAL,0,0,,,,95,4-Seam Fastball
FF,2026-07-03,"Detmers, Reid",,foul_tip,R,L,LAA,BOS,0,0,,,,93.9,4-Seam Fastball
FF,2026-07-03,"Hughes, Gabriel",,called_strike,L,R,COL,SF,0,0,,,,95.9,4-Seam Fastball
FF,2026-07-03,"Scott, Christian",,called_strike,L,R,ATL,NYM,0,0,,,,95.3,4-Seam Fastball
CU,2026-07-01,"Gore, MacKenzie",strikeout,swinging_strike_blocked,R,L,CLE,TEX,1,2,,,,83.4,Curveball
CH,2026-07-01,"Peralta, Freddy",field_out,hit_into_play,L,R,TOR,NYM,0,1,27,70.4,-1,85.7,Changeup
FF,2026-07-01,"Gore, MacKenzie",,called_strike,R,L,CLE,TEX,1,1,,,,96.1,4-Seam Fastball
CH,2026-07-01,"Gore, MacKenzie",,ball,R,L,CLE,TEX,0,1,,,,87.7,Changeup
CU,2026-07-01,"Peralta, Freddy",,swinging_strike,L,R,TOR,NYM,0,0,,,,77.4,Curveball
CU,2026-07-01,"Peralta, Freddy",field_out,hit_into_play,R,R,TOR,NYM,2,2,4,27.1,-13,77.2,Curveball
CU,2026-07-01,"Gore, MacKenzie",,swinging_strike,R,L,CLE,TEX,0,0,,,,82.8,Curveball
CH,2026-07-01,"Peralta, Freddy",,foul,R,R,TOR,NYM,2,2,135,72.2,14,86.4,Changeup
SL,2026-07-01,"Gore, MacKenzie",field_out,hit_into_play,R,L,CLE,TEX,1,0,291,91.1,36,86,Slider
CU,2026-07-01,"Gore, MacKenzie",,ball,R,L,CLE,TEX,0,0,,,,81.1,Curveball
FF,2026-07-01,"Peralta, Freddy",,foul,R,R,TOR,NYM,2,2,244,100.7,64,94.1,4-Seam Fastball
SL,2026-07-01,"Gore, MacKenzie",strikeout,swinging_strike,L,L,CLE,TEX,1,2,,,,87.9,Slider
CS,2026-07-01,"Peralta, Freddy",,foul,R,R,TOR,NYM,2,2,169,62,49,74.6,Slow Curve
SL,2026-07-01,"Gore, MacKenzie",,called_strike,L,L,CLE,TEX,1,1,,,,85.8,Slider
ST,2026-07-01,"Peralta, Freddy",,foul,R,R,TOR,NYM,2,1,120,75.9,79,80.8,Sweeper
SL,2026-07-01,"Gore, MacKenzie",,ball,L,L,CLE,TEX,0,1,,,,85.2,Slider
FF,2026-07-01,"Peralta, Freddy",,ball,R,R,TOR,NYM,1,1,,,,93.2,4-Seam Fastball
SL,2026-07-01,"Gore, MacKenzie",,swinging_strike,L,L,CLE,TEX,0,0,,,,86.7,Slider
CH,2026-07-01,"Peralta, Freddy",,ball,R,R,TOR,NYM,0,1,,,,85.5,Changeup
CH,2026-07-01,"Peralta, Freddy",,called_strike,R,R,TOR,NYM,0,0,,,,86.9,Changeup
FF,2026-07-01,"Gore, MacKenzie",field_out,hit_into_play,R,L,CLE,TEX,0,0,214,90,58,96.5,4-Seam Fastball
CS,2026-07-01,"Peralta, Freddy",strikeout,swinging_strike_blocked,R,R,TOR,NYM,1,2,,,,76.6,Slow Curve
SL,2026-07-01,"Gore, MacKenzie",single,hit_into_play,L,L,CLE,TEX,0,1,2,56.6,-42,87.5,Slider
SL,2026-07-01,"Gore, MacKenzie",,foul,L,L,CLE,TEX,0,0,51,29.7,37,87.4,Slider
FF,2026-07-01,"Peralta, Freddy",,ball,R,R,TOR,NYM,0,2,,,,91.9,4-Seam Fastball
CH,2026-07-01,"Peralta, Freddy",,foul,R,R,TOR,NYM,0,1,234,76.1,36,86.2,Changeup
FF,2026-07-01,"Gore, MacKenzie",field_out,hit_into_play,R,L,CLE,TEX,1,0,13,98.4,-9,95.3,4-Seam Fastball
FS,2026-07-01,"Kremer, Dean",force_out,hit_into_play,L,R,BAL,CWS,1,2,2,65.7,-43,82.7,Split-Finger
CH,2026-07-01,"Gore, MacKenzie",,ball,R,L,CLE,TEX,0,0,,,,85.4,Changeup
FS,2026-07-01,"Kremer, Dean",,swinging_strike,L,R,BAL,CWS,1,1,,,,83.6,Split-Finger
FF,2026-07-01,"Peralta, Freddy",,called_strike,R,R,TOR,NYM,0,0,,,,94.5,4-Seam Fastball
FS,2026-07-01,"Kremer, Dean",,ball,L,R,BAL,CWS,0,1,,,,83.2,Split-Finger
FF,2026-07-01,"Peralta, Freddy",field_out,hit_into_play,L,R,TOR,NYM,3,2,79,101.5,3,94.7,4-Seam Fastball
SL,2026-07-01,"Gore, MacKenzie",field_out,hit_into_play,L,L,CLE,TEX,1,1,9,90.1,-17,86.4,Slider
FF,2026-07-01,"Gore, MacKenzie",,foul,L,L,CLE,TEX,1,0,275,90.9,37,95.4,4-Seam Fastball
FS,2026-07-01,"Kremer, Dean",,swinging_strike,L,R,BAL,CWS,0,0,,,,82.1,Split-Finger
FF,2026-07-01,"Peralta, Freddy",,swinging_strike,L,R,TOR,NYM,3,1,,,,94.4,4-Seam Fastball
FF,2026-07-01,"Gore, MacKenzie",,ball,L,L,CLE,TEX,0,0,,,,95.9,4-Seam Fastball
FS,2026-07-01,"Kremer, Dean",strikeout,swinging_strike,L,R,BAL,CWS,2,2,,,,83.3,Split-Finger
FF,2026-07-01,"Peralta, Freddy",,called_strike,L,R,TOR,NYM,3,0,,,,94,4-Seam Fastball
FF,2026-07-01,"Gore, MacKenzie",field_out,hit_into_play,R,L,CLE,TEX,3,2,206,86.3,57,96.8,4-Seam Fastball
SI,2026-07-01,"Kremer, Dean",,foul,L,R,BAL,CWS,2,1,201,75.5,22,92.6,Sinker
FF,2026-07-01,"Peralta, Freddy",,ball,L,R,TOR,NYM,2,0,,,,95.3,4-Seam Fastball
FF,2026-07-01,"Peralta, Freddy",,ball,L,R,TOR,NYM,1,0,,,,95.1,4-Seam Fastball
CU,2026-07-01,"Kremer, Dean",,called_strike,L,R,BAL,CWS,2,0,,,,75.8,Curveball
FF,2026-07-01,"Gore, MacKenzie",,swinging_strike,R,L,CLE,TEX,3,1,,,,98.3,4-Seam Fastball
FF,2026-07-01,"Gore, MacKenzie",,ball,R,L,CLE,TEX,2,1,,,,97.1,4-Seam Fastball
SI,2026-07-01,"Kremer, Dean",,ball,L,R,BAL,CWS,1,0,,,,92.8,Sinker
FF,2026-07-01,"Peralta, Freddy",,ball,L,R,TOR,NYM,0,0,,,,94.8,4-Seam Fastball
FF,2026-07-01,"Peralta, Freddy",walk,ball,L,R,TOR,NYM,3,0,,,,93.2,4-Seam Fastball
SI,2026-07-01,"Kremer, Dean",,ball,L,R,BAL,CWS,0,0,,,,92,Sinker
FF,2026-07-01,"Gore, MacKenzie",,foul,R,L,CLE,TEX,2,0,,,,97.2,4-Seam Fastball
CU,2026-07-01,"Kremer, Dean",force_out,hit_into_play,R,R,BAL,CWS,1,0,72,73.9,7,74.8,Curveball
FF,2026-07-01,"Gore, MacKenzie",,ball,R,L,CLE,TEX,1,0,,,,97.2,4-Seam Fastball
FF,2026-07-01,"Peralta, Freddy",,ball,L,R,TOR,NYM,2,0,,,,96,4-Seam Fastball
CU,2026-07-01,"Gore, MacKenzie",,blocked_ball,R,L,CLE,TEX,0,0,,,,81.4,Curveball
CU,2026-07-01,"Peralta, Freddy",,ball,L,R,TOR,NYM,1,0,,,,81.1,Curveball
CU,2026-07-01,"Kremer, Dean",,ball,R,R,BAL,CWS,0,0,,,,76.4,Curveball
FF,2026-07-01,"Peralta, Freddy",,ball,L,R,TOR,NYM,0,0,,,,95.7,4-Seam Fastball
FF,2026-07-01,"Gore, MacKenzie",double,hit_into_play,L,L,CLE,TEX,2,0,378,103,22,95.5,4-Seam Fastball
FF,2026-07-01,"Kremer, Dean",single,hit_into_play,L,R,BAL,CWS,2,2,250,84.1,20,93.8,4-Seam Fastball
FS,2026-07-01,"Kremer, Dean",,ball,L,R,BAL,CWS,1,2,,,,82.7,Split-Finger
FF,2026-07-01,"Peralta, Freddy",home_run,hit_into_play,L,R,TOR,NYM,1,0,349,95.6,34,96.9,4-Seam Fastball
FF,2026-07-01,"Gore, MacKenzie",,ball,L,L,CLE,TEX,1,0,,,,96.3,4-Seam Fastball
SL,2026-07-01,"Gore, MacKenzie",,ball,L,L,CLE,TEX,0,0,,,,85.4,Slider
FS,2026-07-01,"Kremer, Dean",,foul,L,R,BAL,CWS,1,1,161,72.4,68,81.3,Split-Finger
CU,2026-07-01,"Peralta, Freddy",,blocked_ball,L,R,TOR,NYM,0,0,,,,82.1,Curveball
SI,2026-07-01,"Kremer, Dean",,foul,L,R,BAL,CWS,1,0,204,74.7,57,92.6,Sinker
FF,2026-07-01,"Peralta, Freddy",double,hit_into_play,R,R,TOR,NYM,3,2,345,97.4,21,99.5,4-Seam Fastball
FF,2026-07-01,"Gore, MacKenzie",field_out,hit_into_play,R,L,CLE,TEX,3,2,300,90.7,47,97.5,4-Seam Fastball
SI,2026-07-01,"Kremer, Dean",,ball,L,R,BAL,CWS,0,0,,,,91.9,Sinker
CU,2026-07-01,"Peralta, Freddy",,blocked_ball,R,R,TOR,NYM,2,2,,,,80.3,Curveball
CH,2026-07-01,"Gore, MacKenzie",,ball,R,L,CLE,TEX,2,2,,,,86.3,Changeup
FF,2026-07-01,"Gore, MacKenzie",,ball,R,L,CLE,TEX,1,2,,,,97.3,4-Seam Fastball
FS,2026-07-01,"Kremer, Dean",field_out,hit_into_play,L,R,BAL,CWS,2,2,5,78.3,-33,82.7,Split-Finger
CU,2026-07-01,"Peralta, Freddy",,foul,R,R,TOR,NYM,2,1,6,81,-27,80.7,Curveball
FF,2026-07-01,"Gore, MacKenzie",,swinging_strike,R,L,CLE,TEX,1,1,,,,96.4,4-Seam Fastball
FF,2026-07-01,"Kremer, Dean",,foul,L,R,BAL,CWS,2,2,138,82.5,9,94.8,4-Seam Fastball
FF,2026-07-01,"Peralta, Freddy",,ball,R,R,TOR,NYM,1,1,,,,98.4,4-Seam Fastball
FS,2026-07-01,"Kremer, Dean",,foul,L,R,BAL,CWS,2,2,,,,82.6,Split-Finger
FF,2026-07-01,"Peralta, Freddy",,called_strike,R,R,TOR,NYM,1,0,,,,99.2,4-Seam Fastball
FF,2026-07-01,"Gore, MacKenzie",,ball,R,L,CLE,TEX,0,1,,,,97.1,4-Seam Fastball
FF,2026-07-01,"Peralta, Freddy",,ball,R,R,TOR,NYM,0,0,,,,99.5,4-Seam Fastball
FF,2026-07-01,"Gore, MacKenzie",,swinging_strike,R,L,CLE,TEX,0,0,,,,97.3,4-Seam Fastball
FS,2026-07-01,"Kremer, Dean",,ball,L,R,BAL,CWS,1,2,,,,83.8,Split-Finger
FC,2026-07-01,"Gore, MacKenzie",strikeout,swinging_strike,R,L,CLE,TEX,1,2,,,,90.5,Cutter
FS,2026-07-01,"Kremer, Dean",,called_strike,L,R,BAL,CWS,1,1,,,,82.8,Split-Finger
CH,2026-07-01,"Peralta, Freddy",field_out,hit_into_play,L,R,TOR,NYM,1,1,277,93.7,48,87.1,Changeup
CU,2026-07-01,"Gore, MacKenzie",,foul,R,L,CLE,TEX,1,2,1,67.6,-42,82.7,Curveball
FF,2026-07-01,"Peralta, Freddy",,ball,L,R,TOR,NYM,0,1,,,,96.8,4-Seam Fastball
SI,2026-07-01,"Kremer, Dean",,foul,L,R,BAL,CWS,1,0,200,71,38,91.1,Sinker
FF,2026-07-01,"Gore, MacKenzie",,foul,R,L,CLE,TEX,1,2,188,67.1,33,95.5,4-Seam Fastball
CH,2026-07-01,"Peralta, Freddy",,called_strike,L,R,TOR,NYM,0,0,,,,87.4,Changeup
FF,2026-07-01,"Kremer, Dean",,ball,L,R,BAL,CWS,0,0,,,,92.2,4-Seam Fastball
FF,2026-07-01,"Peralta, Freddy",single,hit_into_play,R,R,TOR,NYM,2,1,208,101.3,8,96.4,4-Seam Fastball
CH,2026-07-01,"Gore, MacKenzie",,foul,R,L,CLE,TEX,1,2,150,73.7,67,86.2,Changeup
CU,2026-07-01,"Gore, MacKenzie",,called_strike,R,L,CLE,TEX,1,1,,,,82.6,Curveball
CH,2026-07-01,"Peralta, Freddy",,ball,R,R,TOR,NYM,1,1,,,,88.6,Changeup
CU,2026-07-01,"Kremer, Dean",single,hit_into_play,L,R,BAL,CWS,0,0,153,100.5,10,77.1,Curveball
FF,2026-07-01,"Kremer, Dean",field_out,hit_into_play,R,R,BAL,CWS,0,1,284,94.9,20,94.3,4-Seam Fastball
FC,2026-07-01,"Gore, MacKenzie",,swinging_strike,R,L,CLE,TEX,1,0,,,,90.5,Cutter
FF,2026-07-01,"Peralta, Freddy",,ball,R,R,TOR,NYM,0,1,,,,95.7,4-Seam Fastball
FF,2026-07-01,"Peralta, Freddy",,foul,R,R,TOR,NYM,0,0,258,84.5,45,96.7,4-Seam Fastball
CH,2026-07-01,"Gore, MacKenzie",,ball,R,L,CLE,TEX,0,0,,,,86.5,Changeup
CU,2026-07-01,"Kremer, Dean",,called_strike,R,R,BAL,CWS,0,0,,,,77.2,Curveball
FF,2026-07-01,"Peralta, Freddy",field_out,hit_into_play,L,R,TOR,NYM,2,0,342,97.7,39,94.2,4-Seam Fastball
FF,2026-07-01,"Gore, MacKenzie",single,hit_into_play,L,L,CLE,TEX,2,2,247,81.5,23,96.9,4-Seam Fastball
FS,2026-07-01,"Kremer, Dean",walk,ball,L,R,BAL,CWS,3,1,,,,83.3,Split-Finger
SI,2026-07-01,"Kremer, Dean",,foul,L,R,BAL,CWS,3,0,142,78.2,12,92.4,Sinker
FF,2026-07-01,"Gore, MacKenzie",,foul,L,L,CLE,TEX,2,1,189,71.9,50,95.6,4-Seam Fastball
CH,2026-07-01,"Peralta, Freddy",,ball,L,R,TOR,NYM,1,0,,,,86.5,Changeup
CU,2026-07-01,"Peralta, Freddy",,ball,L,R,TOR,NYM,0,0,,,,79.5,Curveball
SL,2026-07-01,"Gore, MacKenzie",,ball,L,L,CLE,TEX,1,1,,,,86.9,Slider
SI,2026-07-01,"Kremer, Dean",,ball,L,R,BAL,CWS,2,0,,,,92.1,Sinker
SI,2026-07-01,"Kremer, Dean",,ball,L,R,BAL,CWS,1,0,,,,92.3,Sinker
FF,2026-07-01,"Gore, MacKenzie",,called_strike,L,L,CLE,TEX,1,0,,,,94.9,4-Seam Fastball
FF,2026-07-01,"Peralta, Freddy",walk,ball,R,R,TOR,NYM,3,1,,,,96.2,4-Seam Fastball
CH,2026-07-01,"Peralta, Freddy",,ball,R,R,TOR,NYM,2,1,,,,86.7,Changeup
FF,2026-07-01,"Gore, MacKenzie",,ball,L,L,CLE,TEX,0,0,,,,95,4-Seam Fastball
FS,2026-07-01,"Kremer, Dean",,ball,L,R,BAL,CWS,0,0,,,,81.2,Split-Finger
CH,2026-07-01,"Peralta, Freddy",,ball,R,R,TOR,NYM,1,1,,,,87.3,Changeup
CU,2026-07-01,"Kremer, Dean",double,hit_into_play,L,R,BAL,CWS,1,0,363,100.2,20,76.1,Curveball
FC,2026-07-01,"Gore, MacKenzie",strikeout,swinging_strike,R,L,CLE,TEX,3,2,,,,90,Cutter
CU,2026-07-01,"Kremer, Dean",,ball,L,R,BAL,CWS,0,0,,,,75.9,Curveball
FF,2026-07-01,"Gore, MacKenzie",,foul,R,L,CLE,TEX,3,2,298,94.8,30,97.9,4-Seam Fastball
FF,2026-07-01,"Peralta, Freddy",,ball,R,R,TOR,NYM,0,1,,,,94.7,4-Seam Fastball
FS,2026-07-01,"Kremer, Dean",field_out,hit_into_play,L,R,BAL,CWS,1,2,30,70.2,-2,82.3,Split-Finger
FF,2026-07-01,"Peralta, Freddy",,swinging_strike,R,R,TOR,NYM,0,0,,,,95.3,4-Seam Fastball
CU,2026-07-01,"Gore, MacKenzie",,foul,R,L,CLE,TEX,3,2,260,100.5,19,83.5,Curveball
CU,2026-07-01,"Gore, MacKenzie",,ball,R,L,CLE,TEX,2,2,,,,84.1,Curveball
SI,2026-07-01,"Kremer, Dean",,foul,L,R,BAL,CWS,1,2,208,74.7,38,92.6,Sinker
CS,2026-07-01,"Peralta, Freddy",strikeout,swinging_strike_blocked,R,R,TOR,NYM,2,2,,,,73.5,Slow Curve
CH,2026-07-01,"Gore, MacKenzie",,ball,R,L,CLE,TEX,1,2,,,,87.3,Changeup
FF,2026-07-01,"Peralta, Freddy",,called_strike,R,R,TOR,NYM,2,1,,,,98.4,4-Seam Fastball
SI,2026-07-01,"Kremer, Dean",,swinging_strike,L,R,BAL,CWS,1,1,,,,93.1,Sinker
FF,2026-07-01,"Peralta, Freddy",,ball,R,R,TOR,NYM,1,1,,,,96.5,4-Seam Fastball
FF,2026-07-01,"Gore, MacKenzie",,foul,R,L,CLE,TEX,1,1,91,89.2,89,98.2,4-Seam Fastball
FS,2026-07-01,"Kremer, Dean",,ball,L,R,BAL,CWS,0,1,,,,82.5,Split-Finger
FF,2026-07-01,"Kremer, Dean",,called_strike,L,R,BAL,CWS,0,0,,,,93.7,4-Seam Fastball
FF,2026-07-01,"Peralta, Freddy",,ball,R,R,TOR,NYM,0,1,,,,96,4-Seam Fastball
FF,2026-07-01,"Gore, MacKenzie",,foul,R,L,CLE,TEX,1,0,155,71.6,66,98.7,4-Seam Fastball
FF,2026-07-01,"Peralta, Freddy",,called_strike,R,R,TOR,NYM,0,0,,,,96.8,4-Seam Fastball
FF,2026-07-01,"Gore, MacKenzie",,ball,R,L,CLE,TEX,0,0,,,,97.1,4-Seam Fastball
SI,2026-07-01,"Kremer, Dean",field_out,hit_into_play,R,R,BAL,CWS,2,2,380,103.3,36,92.6,Sinker
SL,2026-07-01,"Gore, MacKenzie",field_out,hit_into_play,L,L,CLE,TEX,1,0,18,105.4,-5,88.8,Slider
CH,2026-07-01,"Peralta, Freddy",single,hit_into_play,L,R,TOR,NYM,0,1,210,80,18,86.4,Changeup
FS,2026-07-01,"Kremer, Dean",,ball,R,R,BAL,CWS,1,2,,,,83.3,Split-Finger
FC,2026-07-01,"Kremer, Dean",,called_strike,R,R,BAL,CWS,1,1,,,,87.9,Cutter
FF,2026-07-01,"Gore, MacKenzie",,ball,L,L,CLE,TEX,0,0,,,,98.5,4-Seam Fastball
CU,2026-07-01,"Peralta, Freddy",,swinging_strike,L,R,TOR,NYM,0,0,,,,80.7,Curveball
SI,2026-07-01,"Kremer, Dean",,called_strike,R,R,BAL,CWS,1,0,,,,91.7,Sinker
CS,2026-07-01,"Peralta, Freddy",field_out,hit_into_play,L,R,TOR,NYM,2,2,270,78.9,40,75.6,Slow Curve
FF,2026-07-01,"Gore, MacKenzie",home_run,hit_into_play,R,L,CLE,TEX,2,2,380,98.7,36,97.7,4-Seam Fastball
FC,2026-07-01,"Kremer, Dean",,ball,R,R,BAL,CWS,0,0,,,,88,Cutter
FC,2026-07-01,"Gore, MacKenzie",,foul,R,L,CLE,TEX,2,2,,,,93.4,Cutter
FF,2026-07-01,"Peralta, Freddy",,called_strike,L,R,TOR,NYM,2,1,,,,95.6,4-Seam Fastball
CU,2026-07-01,"Peralta, Freddy",,ball,L,R,TOR,NYM,1,1,,,,78.1,Curveball
CH,2026-07-01,"Gore, MacKenzie",,ball,R,L,CLE,TEX,1,2,,,,89.1,Changeup
SI,2026-07-01,"Kremer, Dean",field_out,hit_into_play,L,R,BAL,CWS,3,1,8,82.6,-19,91.8,Sinker
CH,2026-07-01,"Gore, MacKenzie",,foul,R,L,CLE,TEX,1,1,2,44.8,-47,86.7,Changeup
FF,2026-07-01,"Peralta, Freddy",,ball,L,R,TOR,NYM,0,1,,,,95.8,4-Seam Fastball
SI,2026-07-01,"Kremer, Dean",,ball,L,R,BAL,CWS,2,1,,,,91.7,Sinker
FS,2026-07-01,"Kremer, Dean",,ball,L,R,BAL,CWS,1,1,,,,81.7,Split-Finger
CU,2026-07-01,"Gore, MacKenzie",,blocked_ball,R,L,CLE,TEX,0,1,,,,84.1,Curveball
FF,2026-07-01,"Peralta, Freddy",,called_strike,L,R,TOR,NYM,0,0,,,,94.3,4-Seam Fastball
CU,2026-07-01,"Kremer, Dean",,called_strike,L,R,BAL,CWS,1,0,,,,75.6,Curveball
CU,2026-07-01,"Gore, MacKenzie",,called_strike,R,L,CLE,TEX,0,0,,,,82.4,Curveball
CS,2026-07-01,"Peralta, Freddy",strikeout,swinging_strike,L,R,TOR,NYM,1,2,,,,74,Slow Curve
FF,2026-07-01,"Gore, MacKenzie",walk,ball,L,L,CLE,TEX,3,0,,,,96.8,4-Seam Fastball
CU,2026-07-01,"Peralta, Freddy",,swinging_strike,L,R,TOR,NYM,1,1,,,,79.6,Curveball
FS,2026-07-01,"Kremer, Dean",,ball,L,R,BAL,CWS,0,0,,,,81.9,Split-Finger
FF,2026-07-01,"Gore, MacKenzie",,ball,L,L,CLE,TEX,2,0,,,,97.6,4-Seam Fastball
FF,2026-07-01,"Peralta, Freddy",,called_strike,L,R,TOR,NYM,1,0,,,,94.7,4-Seam Fastball
CU,2026-07-01,"Kremer, Dean",field_out,hit_into_play,L,R,BAL,CWS,2,1,269,83.5,40,75.4,Curveball
SI,2026-07-01,"Kremer, Dean",,called_strike,L,R,BAL,CWS,2,0,,,,90.7,Sinker
SL,2026-07-01,"Gore, MacKenzie",,ball,L,L,CLE,TEX,1,0,,,,85.9,Slider
FF,2026-07-01,"Peralta, Freddy",,ball,L,R,TOR,NYM,0,0,,,,93.4,4-Seam Fastball
FF,2026-07-01,"Peralta, Freddy",strikeout,swinging_strike,R,R,TOR,NYM,2,2,,,,99.2,4-Seam Fastball
SL,2026-07-01,"Gore, MacKenzie",,ball,L,L,CLE,TEX,0,0,,,,87.3,Slider
FF,2026-07-01,"Kremer, Dean",,ball,L,R,BAL,CWS,1,0,,,,91.4,4-Seam Fastball
FF,2026-07-01,"Peralta, Freddy",,called_strike,R,R,TOR,NYM,2,1,,,,97.1,4-Seam Fastball
FF,2026-07-01,"Kremer, Dean",,ball,L,R,BAL,CWS,0,0,,,,91.7,4-Seam Fastball
SI,2026-07-01,"Kremer, Dean",field_out,hit_into_play,R,R,BAL,CWS,2,0,34,94.7,-3,90.7,Sinker
FF,2026-07-01,"Gore, MacKenzie",,foul_bunt,R,L,CLE,TEX,0,0,,,,96.9,4-Seam Fastball
FF,2026-07-01,"Peralta, Freddy",,ball,R,R,TOR,NYM,1,1,,,,97.9,4-Seam Fastball
SL,2026-07-01,"Gore, MacKenzie",strikeout,swinging_strike,L,L,CLE,TEX,2,2,,,,86.7,Slider
ST,2026-07-01,"Peralta, Freddy",,ball,R,R,TOR,NYM,0,1,,,,85.1,Sweeper
FC,2026-07-01,"Kremer, Dean",,ball,R,R,BAL,CWS,1,0,,,,85.5,Cutter
SI,2026-07-01,"Kremer, Dean",,ball,R,R,BAL,CWS,0,0,,,,91.5,Sinker
FF,2026-07-01,"Peralta, Freddy",,called_strike,R,R,TOR,NYM,0,0,,,,98.6,4-Seam Fastball
FF,2026-07-01,"Gore, MacKenzie",,foul,L,L,CLE,TEX,2,2,200,87.8,58,97.3,4-Seam Fastball
CH,2026-07-01,"Peralta, Freddy",field_out,hit_into_play,L,R,TOR,NYM,0,0,155,69.9,60,88.2,Changeup
FF,2026-07-01,"Kremer, Dean",field_out,hit_into_play,L,R,BAL,CWS,0,1,309,94.1,20,94.5,4-Seam Fastball
SL,2026-07-01,"Gore, MacKenzie",,swinging_strike,L,L,CLE,TEX,2,1,,,,86.2,Slider
FF,2026-07-01,"Peralta, Freddy",walk,ball,R,R,TOR,NYM,3,1,,,,96.8,4-Seam Fastball
FF,2026-07-01,"Gore, MacKenzie",,ball,L,L,CLE,TEX,1,1,,,,97.5,4-Seam Fastball
CU,2026-07-01,"Kremer, Dean",,foul,L,R,BAL,CWS,0,0,2,74.4,-40,76.7,Curveball
SI,2026-07-01,"Kremer, Dean",strikeout,foul_tip,R,R,BAL,CWS,2,2,,,,92.1,Sinker
FF,2026-07-01,"Peralta, Freddy",,called_strike,R,R,TOR,NYM,3,0,,,,95.8,4-Seam Fastball
SL,2026-07-01,"Gore, MacKenzie",,foul,L,L,CLE,TEX,1,0,275,89.4,52,85.3,Slider
FF,2026-07-01,"Peralta, Freddy",,ball,R,R,TOR,NYM,2,0,,,,98.1,4-Seam Fastball
FS,2026-07-01,"Kremer, Dean",,ball,R,R,BAL,CWS,1,2,,,,82.7,Split-Finger
SL,2026-07-01,"Gore, MacKenzie",,ball,L,L,CLE,TEX,0,0,,,,85.1,Slider
FF,2026-07-01,"Kremer, Dean",,ball,R,R,BAL,CWS,0,2,,,,92.3,4-Seam Fastball
FF,2026-07-01,"Peralta, Freddy",,ball,R,R,TOR,NYM,1,0,,,,98,4-Seam Fastball
FF,2026-07-01,"Gore, MacKenzie",single,hit_into_play,R,L,CLE,TEX,0,2,190,100.3,10,97.4,4-Seam Fastball
CH,2026-07-01,"Peralta, Freddy",,ball,R,R,TOR,NYM,0,0,,,,89.7,Changeup
CU,2026-07-01,"Kremer, Dean",,called_strike,R,R,BAL,CWS,0,1,,,,75.6,Curveball
FF,2026-07-01,"Gore, MacKenzie",,swinging_strike,R,L,CLE,TEX,0,1,,,,96.4,4-Seam Fastball
FF,2026-07-01,"Gore, MacKenzie",,swinging_strike,R,L,CLE,TEX,0,0,,,,97,4-Seam Fastball
SI,2026-07-01,"Kremer, Dean",,called_strike,R,R,BAL,CWS,0,0,,,,91.2,Sinker
FF,2026-07-01,"Peralta, Freddy",field_out,hit_into_play,L,R,TOR,NYM,0,0,321,95.8,41,95.6,4-Seam Fastball
FS,2026-07-01,"Kremer, Dean",field_out,hit_into_play,L,R,BAL,CWS,1,1,15,79,-11,82.4,Split-Finger
FF,2026-07-01,"Gore, MacKenzie",single,hit_into_play,R,L,CLE,TEX,2,0,70,96.2,3,96.9,4-Seam Fastball
FF,2026-07-01,"Peralta, Freddy",single,hit_into_play,R,R,TOR,NYM,1,2,8,87.9,-13,98.1,4-Seam Fastball
CH,2026-07-01,"Peralta, Freddy",,blocked_ball,R,R,TOR,NYM,0,2,,,,88.2,Changeup
FC,2026-07-01,"Gore, MacKenzie",,ball,R,L,CLE,TEX,1,0,,,,89.1,Cutter
FS,2026-07-01,"Kremer, Dean",,ball,L,R,BAL,CWS,0,1,,,,83,Split-Finger
CU,2026-07-01,"Gore, MacKenzie",,ball,R,L,CLE,TEX,0,0,,,,81.8,Curveball
FF,2026-07-01,"Kremer, Dean",,swinging_strike,L,R,BAL,CWS,0,0,,,,92.6,4-Seam Fastball
FF,2026-07-01,"Peralta, Freddy",,foul,R,R,TOR,NYM,0,1,153,74.7,71,96.7,4-Seam Fastball
FS,2026-07-01,"Kremer, Dean",strikeout,swinging_strike,L,R,BAL,CWS,1,2,,,,81.6,Split-Finger
FF,2026-07-01,"Peralta, Freddy",,foul,R,R,TOR,NYM,0,0,208,82.3,59,97.1,4-Seam Fastball
FF,2026-07-01,"Gore, MacKenzie",field_out,hit_into_play,L,L,CLE,TEX,0,1,15,89.3,-8,98,4-Seam Fastball
SL,2026-07-01,"Gore, MacKenzie",,called_strike,L,L,CLE,TEX,0,0,,,,85.4,Slider
CU,2026-07-01,"Peralta, Freddy",double,hit_into_play,R,R,TOR,NYM,2,0,199,112.2,9,79.1,Curveball
FS,2026-07-01,"Kremer, Dean",,ball,L,R,BAL,CWS,0,2,,,,83.5,Split-Finger
FS,2026-07-01,"Kremer, Dean",,called_strike,L,R,BAL,CWS,0,1,,,,81.7,Split-Finger
FF,2026-07-01,"Gore, MacKenzie",strikeout,swinging_strike,R,L,CLE,TEX,2,2,,,,97.6,4-Seam Fastball
SL,2026-07-01,"Peralta, Freddy",,blocked_ball,R,R,TOR,NYM,1,0,,,,84.7,Slider
CU,2026-07-01,"Kremer, Dean",,called_strike,L,R,BAL,CWS,0,0,,,,75.8,Curveball
FF,2026-07-01,"Peralta, Freddy",,ball,R,R,TOR,NYM,0,0,,,,95.6,4-Seam Fastball
FF,2026-07-01,"Gore, MacKenzie",,foul,R,L,CLE,TEX,2,1,90,77.4,15,97.2,4-Seam Fastball
FF,2026-07-01,"Peralta, Freddy",single,hit_into_play,L,R,TOR,NYM,2,2,20,101.1,-6,97.1,4-Seam Fastball
FS,2026-07-01,"Kremer, Dean",strikeout,called_strike,L,R,BAL,CWS,2,2,,,,82.4,Split-Finger
FC,2026-07-01,"Gore, MacKenzie",,foul,R,L,CLE,TEX,2,0,338,101.6,37,90.5,Cutter
FF,2026-07-01,"Gore, MacKenzie",,ball,R,L,CLE,TEX,1,0,,,,96.5,4-Seam Fastball
SI,2026-07-01,"Kremer, Dean",,swinging_strike,L,R,BAL,CWS,2,1,,,,92.1,Sinker
CS,2026-07-01,"Peralta, Freddy",,foul,L,R,TOR,NYM,2,2,2,57.3,-38,74,Slow Curve
CS,2026-07-01,"Peralta, Freddy",,foul,L,R,TOR,NYM,2,2,59,66,4,77,Slow Curve
CH,2026-07-01,"Gore, MacKenzie",,blocked_ball,R,L,CLE,TEX,0,0,,,,87.2,Changeup
FS,2026-07-01,"Kremer, Dean",,ball,L,R,BAL,CWS,1,1,,,,84,Split-Finger
SI,2026-07-01,"Kremer, Dean",,foul,L,R,BAL,CWS,1,0,,,,92.3,Sinker
CH,2026-07-01,"Peralta, Freddy",,foul,L,R,TOR,NYM,2,2,4,68.9,-27,86.4,Changeup
FF,2026-07-01,"Gore, MacKenzie",double,hit_into_play,L,L,CLE,TEX,2,0,287,98.8,16,96.6,4-Seam Fastball
FF,2026-07-01,"Peralta, Freddy",,foul,L,R,TOR,NYM,2,2,253,84.2,53,96.2,4-Seam Fastball
FF,2026-07-01,"Kremer, Dean",,ball,L,R,BAL,CWS,0,0,,,,92.8,4-Seam Fastball
SL,2026-07-01,"Gore, MacKenzie",,ball,L,L,CLE,TEX,1,0,,,,85.9,Slider
FF,2026-07-01,"Gore, MacKenzie",,ball,L,L,CLE,TEX,0,0,,,,97.4,4-Seam Fastball
CH,2026-07-01,"Peralta, Freddy",,ball,L,R,TOR,NYM,1,2,,,,87.3,Changeup
FF,2026-07-01,"Kremer, Dean",field_out,hit_into_play,R,R,BAL,CWS,0,1,294,98.3,48,93.8,4-Seam Fastball
FF,2026-07-01,"Peralta, Freddy",,foul,L,R,TOR,NYM,1,1,264,83.5,49,95.3,4-Seam Fastball
FF,2026-07-01,"Gore, MacKenzie",strikeout,called_strike,R,L,CLE,TEX,0,2,,,,98,4-Seam Fastball
SI,2026-07-01,"Kremer, Dean",,called_strike,R,R,BAL,CWS,0,0,,,,92.7,Sinker
CU,2026-07-01,"Peralta, Freddy",,ball,L,R,TOR,NYM,0,1,,,,77.4,Curveball
FF,2026-07-01,"Kremer, Dean",home_run,hit_into_play,L,R,BAL,CWS,0,1,388,99.5,36,92.7,4-Seam Fastball
CH,2026-07-01,"Gore, MacKenzie",,foul,R,L,CLE,TEX,0,1,231,76.9,48,85.6,Changeup
FF,2026-07-01,"Peralta, Freddy",,foul,L,R,TOR,NYM,0,0,141,73.8,73,94.2,4-Seam Fastball
FF,2026-07-01,"Kremer, Dean",,called_strike,L,R,BAL,CWS,0,0,,,,93.1,4-Seam Fastball
FF,2026-07-01,"Gore, MacKenzie",,foul,R,L,CLE,TEX,0,0,,,,96.5,4-Seam Fastball